#
# There is insufficient memory for the Java Runtime Environment to continue.
# Native memory allocation (mmap) failed to map 555745280 bytes. Error detail: committing reserved memory.
# Possible reasons:
#   The system is out of physical RAM or swap space
#   This process is running with CompressedOops enabled, and the Java Heap may be blocking the growth of the native heap
# Possible solutions:
#   Reduce memory load on the system
#   Increase physical memory or swap space
#   Check if swap backing store is full
#   Decrease Java heap size (-Xmx/-Xms)
#   Decrease number of Java threads
#   Decrease Java thread stack sizes (-Xss)
#   Set larger code cache with -XX:ReservedCodeCacheSize=
#   JVM is running with Unscaled Compressed Oops mode in which the Java heap is
#     placed in the first 4GB address space. The Java Heap base address is the
#     maximum limit for the native heap growth. Please use -XX:HeapBaseMinAddress
#     to set the Java Heap base and to place the Java Heap above 4GB virtual address.
# This output file may be truncated or incomplete.
#
#  Out of Memory Error (os_linux.cpp:2834), pid=3634, tid=3644
#
# JRE version: OpenJDK Runtime Environment (17.0.20+8) (build 17.0.20+8-1-deb12u1-Debian)
# Java VM: OpenJDK 64-Bit Server VM (17.0.20+8-1-deb12u1-Debian, mixed mode, sharing, tiered, compressed oops, compressed class ptrs, g1 gc, linux-amd64)
# No core dump will be written. Core dumps have been disabled. To enable core dumping, try "ulimit -c unlimited" before starting Java again
#

---------------  S U M M A R Y ------------

Command Line: --add-opens=java.base/java.lang=ALL-UNNAMED --add-opens=java.base/java.lang.invoke=ALL-UNNAMED --add-opens=java.base/java.util=ALL-UNNAMED --add-opens=java.prefs/java.util.prefs=ALL-UNNAMED --add-exports=jdk.compiler/com.sun.tools.javac.api=ALL-UNNAMED --add-exports=jdk.compiler/com.sun.tools.javac.util=ALL-UNNAMED --add-opens=java.base/java.util=ALL-UNNAMED --add-opens=java.prefs/java.util.prefs=ALL-UNNAMED --add-opens=java.base/java.nio.charset=ALL-UNNAMED --add-opens=java.base/java.net=ALL-UNNAMED --add-opens=java.base/java.util.concurrent.atomic=ALL-UNNAMED --add-opens=java.xml/javax.xml.namespace=ALL-UNNAMED -Xmx2g -Dfile.encoding=UTF-8 -Duser.country -Duser.language=en -Duser.variant -javaagent:/tmp/gradle-8.11.1/lib/agents/gradle-instrumentation-agent-8.11.1.jar org.gradle.launcher.daemon.bootstrap.GradleDaemon 8.11.1

Host: Intel(R) Xeon(R) Processor @ 2.50GHz, 2 cores, 2G, Debian GNU/Linux 12 (bookworm)
Time: Tue Sep 29 05:29:06 2026 UTC elapsed time: 119.467646 seconds (0d 0h 1m 59s)

---------------  T H R E A D  ---------------

Current thread (0x00007f872c0d3640):  VMThread "VM Thread" [stack: 0x00007f8710d1e000,0x00007f8710e1e000] [id=3644]

Stack: [0x00007f8710d1e000,0x00007f8710e1e000],  sp=0x00007f8710e1bd70,  free space=1015k
Native frames: (J=compiled Java code, j=interpreted, Vv=VM code, C=native code)
V  [libjvm.so+0xf21211]  VMError::report_and_die(int, char const*, char const*, __va_list_tag*, Thread*, unsigned char*, void*, void*, char const*, int, unsigned long)+0x171
V  [libjvm.so+0xf21d7d]  VMError::report_and_die(Thread*, char const*, int, unsigned long, VMErrorType, char const*, __va_list_tag*)+0x2d
V  [libjvm.so+0x60378c]  report_vm_out_of_memory(char const*, int, unsigned long, VMErrorType, char const*, ...)+0xdc
V  [libjvm.so+0xc2a14b]  os::pd_commit_memory_or_exit(char*, unsigned long, unsigned long, bool, char const*)+0xeb
V  [libjvm.so+0xc23ffb]  os::commit_memory_or_exit(char*, unsigned long, unsigned long, bool, char const*)+0x1b
V  [libjvm.so+0x733436]  G1PageBasedVirtualSpace::commit(unsigned long, unsigned long)+0x66
V  [libjvm.so+0x7473e0]  G1RegionsLargerThanCommitSizeMapper::commit_regions(unsigned int, unsigned long, WorkGang*)+0x110
V  [libjvm.so+0x7dadc8]  HeapRegionManager::commit_regions(unsigned int, unsigned long, WorkGang*)+0x88
V  [libjvm.so+0x7dcc0b]  HeapRegionManager::expand(unsigned int, unsigned int, WorkGang*)+0x2b
V  [libjvm.so+0x7dce27]  HeapRegionManager::expand_by(unsigned int, WorkGang*)+0x77
V  [libjvm.so+0x6ebed8]  G1CollectedHeap::expand(unsigned long, WorkGang*, double*)+0xe8
V  [libjvm.so+0x6efb29]  G1CollectedHeap::do_collection_pause_at_safepoint_helper(double)+0x8a9
V  [libjvm.so+0x6efb8f]  G1CollectedHeap::do_collection_pause_at_safepoint(double)+0x2f
V  [libjvm.so+0x76b9d7]  VM_G1CollectForAllocation::doit()+0x47
V  [libjvm.so+0xf26715]  VM_Operation::evaluate()+0xe5
V  [libjvm.so+0xf28005]  VMThread::evaluate_operation(VM_Operation*)+0x105
V  [libjvm.so+0xf2857f]  VMThread::inner_execute(VM_Operation*)+0x28f
V  [libjvm.so+0xf2878f]  VMThread::run()+0xbf
V  [libjvm.so+0xea40a5]  Thread::call_run()+0xa5
V  [libjvm.so+0xc2c8f3]  thread_native_entry(Thread*)+0xe3

VM_Operation (0x00007f86b2bf2ad0): G1CollectForAllocation, mode: safepoint, requested by thread 0x0000559571b92670


---------------  P R O C E S S  ---------------

Threads class SMR info:
_java_thread_list=0x00007f869003bed0, length=61, elements={
0x00007f872c01ab00, 0x00007f872c0d7740, 0x00007f872c0d8b20, 0x00007f872c0df950,
0x00007f872c0e0d00, 0x00007f872c0e2110, 0x00007f872c0e3ac0, 0x00007f872c0e4ff0,
0x00007f872c0e6460, 0x00007f872c0f24f0, 0x00007f872c1dd230, 0x00007f872d3bdea0,
0x00007f872d49f720, 0x00007f869c0170a0, 0x00007f872d4d5f40, 0x00007f86a8004870,
0x00007f86a8007820, 0x00007f86a8009a70, 0x00007f86fc0078e0, 0x00007f86fc00ad80,
0x00007f86fc00cda0, 0x00007f86fc19bf00, 0x00007f86fc1a35d0, 0x00007f86fc1ad3c0,
0x00007f86fc7541d0, 0x00007f86fc8bc060, 0x00007f86fc8c0b10, 0x00007f86fc444540,
0x00007f86fc476170, 0x00007f86fc494000, 0x00007f86fcb12cb0, 0x00007f86fcb1ff00,
0x00007f86fcf63e60, 0x00007f86fcf7c030, 0x00007f86fcf69560, 0x00007f86fd5f1db0,
0x00007f86fd92ba00, 0x00007f86fdbd5a50, 0x00007f86fe204c20, 0x0000559571b92670,
0x00007f8690013640, 0x00007f8690369c90, 0x00007f8690390760, 0x0000559571bb1890,
0x00007f86903346a0, 0x0000559571ba88f0, 0x00007f86900a4c60, 0x00007f869008bd80,
0x0000559571bb88a0, 0x0000559571bca3f0, 0x0000559571c10d30, 0x0000559571bc13e0,
0x0000559571bc3420, 0x0000559571bc4ec0, 0x00007f86fc7c1fc0, 0x00007f86fc423fd0,
0x00007f86fc424f90, 0x0000559571bff0c0, 0x00007f8690079bb0, 0x00007f869033ee30,
0x00007f869003b3c0
}

Java Threads: ( => current thread )
  0x00007f872c01ab00 JavaThread "main" [_thread_blocked, id=3635, stack(0x00007f87312d4000,0x00007f87313d4000)]
  0x00007f872c0d7740 JavaThread "Reference Handler" daemon [_thread_blocked, id=3645, stack(0x00007f8710c1d000,0x00007f8710d1d000)]
  0x00007f872c0d8b20 JavaThread "Finalizer" daemon [_thread_blocked, id=3646, stack(0x00007f8710b1c000,0x00007f8710c1c000)]
  0x00007f872c0df950 JavaThread "Signal Dispatcher" daemon [_thread_blocked, id=3647, stack(0x00007f8710a1b000,0x00007f8710b1b000)]
  0x00007f872c0e0d00 JavaThread "Service Thread" daemon [_thread_blocked, id=3648, stack(0x00007f871091a000,0x00007f8710a1a000)]
  0x00007f872c0e2110 JavaThread "Monitor Deflation Thread" daemon [_thread_blocked, id=3649, stack(0x00007f8710819000,0x00007f8710919000)]
  0x00007f872c0e3ac0 JavaThread "C2 CompilerThread0" daemon [_thread_blocked, id=3650, stack(0x00007f8710718000,0x00007f8710818000)]
  0x00007f872c0e4ff0 JavaThread "C1 CompilerThread0" daemon [_thread_blocked, id=3651, stack(0x00007f8710617000,0x00007f8710717000)]
  0x00007f872c0e6460 JavaThread "Sweeper thread" daemon [_thread_blocked, id=3652, stack(0x00007f8710516000,0x00007f8710616000)]
  0x00007f872c0f24f0 JavaThread "Common-Cleaner" daemon [_thread_blocked, id=3653, stack(0x00007f8710415000,0x00007f8710515000)]
  0x00007f872c1dd230 JavaThread "Notification Thread" daemon [_thread_blocked, id=3654, stack(0x00007f87102dc000,0x00007f87103dc000)]
  0x00007f872d3bdea0 JavaThread "Daemon health stats" [_thread_blocked, id=3662, stack(0x00007f8701b00000,0x00007f8701c00000)]
  0x00007f872d49f720 JavaThread "Incoming local TCP Connector on port 37431" [_thread_in_native, id=3664, stack(0x00007f8701700000,0x00007f8701800000)]
  0x00007f869c0170a0 JavaThread "Daemon" [_thread_blocked, id=3665, stack(0x00007f87015ff000,0x00007f87016ff000)]
  0x00007f872d4d5f40 JavaThread "Daemon periodic checks" [_thread_blocked, id=3666, stack(0x00007f87014fe000,0x00007f87015fe000)]
  0x00007f86a8004870 JavaThread "Handler for socket connection from /127.0.0.1:37431 to /127.0.0.1:39370" [_thread_in_native, id=3668, stack(0x00007f87013fd000,0x00007f87014fd000)]
  0x00007f86a8007820 JavaThread "Cancel handler" [_thread_blocked, id=3669, stack(0x00007f87012fc000,0x00007f87013fc000)]
  0x00007f86a8009a70 JavaThread "Daemon worker" [_thread_blocked, id=3670, stack(0x00007f87011fb000,0x00007f87012fb000)]
  0x00007f86fc0078e0 JavaThread "Asynchronous log dispatcher for DefaultDaemonConnection: socket connection from /127.0.0.1:37431 to /127.0.0.1:39370" [_thread_blocked, id=3671, stack(0x00007f87010fa000,0x00007f87011fa000)]
  0x00007f86fc00ad80 JavaThread "Stdin handler" [_thread_blocked, id=3672, stack(0x00007f8700ff9000,0x00007f87010f9000)]
  0x00007f86fc00cda0 JavaThread "Daemon client event forwarder" [_thread_blocked, id=3673, stack(0x00007f8700ef8000,0x00007f8700ff8000)]
  0x00007f86fc19bf00 JavaThread "Cache worker for journal cache (/root/.gradle/caches/journal-1)" [_thread_blocked, id=3676, stack(0x00007f8700df7000,0x00007f8700ef7000)]
  0x00007f86fc1a35d0 JavaThread "File lock request listener" [_thread_in_native, id=3677, stack(0x00007f8700cf6000,0x00007f8700df6000)]
  0x00007f86fc1ad3c0 JavaThread "Cache worker for file hash cache (/root/.gradle/caches/8.11.1/fileHashes)" [_thread_blocked, id=3678, stack(0x00007f8700bf5000,0x00007f8700cf5000)]
  0x00007f86fc7541d0 JavaThread "Cache worker for file content cache (/root/.gradle/caches/8.11.1/fileContent)" [_thread_blocked, id=3680, stack(0x00007f8700af4000,0x00007f8700bf4000)]
  0x00007f86fc8bc060 JavaThread "Cache worker for file hash cache (/workspace/repro/.gradle/8.11.1/fileHashes)" [_thread_blocked, id=3682, stack(0x00007f87009f3000,0x00007f8700af3000)]
  0x00007f86fc8c0b10 JavaThread "Cache worker for Build Output Cleanup Cache (/workspace/repro/.gradle/buildOutputCleanup)" [_thread_blocked, id=3683, stack(0x00007f87008f2000,0x00007f87009f2000)]
  0x00007f86fc444540 JavaThread "Cache worker for checksums cache (/workspace/repro/.gradle/8.11.1/checksums)" [_thread_blocked, id=3686, stack(0x00007f87007f1000,0x00007f87008f1000)]
  0x00007f86fc476170 JavaThread "Cache worker for cache directory md-rule (/root/.gradle/caches/8.11.1/md-rule)" [_thread_blocked, id=3688, stack(0x00007f87006f0000,0x00007f87007f0000)]
  0x00007f86fc494000 JavaThread "Cache worker for cache directory md-supplier (/root/.gradle/caches/8.11.1/md-supplier)" [_thread_blocked, id=3689, stack(0x00007f87005ef000,0x00007f87006ef000)]
  0x00007f86fcb12cb0 JavaThread "jar transforms" [_thread_blocked, id=3693, stack(0x00007f87004ee000,0x00007f87005ee000)]
  0x00007f86fcb1ff00 JavaThread "jar transforms Thread 2" [_thread_blocked, id=3694, stack(0x00007f87003ed000,0x00007f87004ed000)]
  0x00007f86fcf63e60 JavaThread "Unconstrained build operations" [_thread_blocked, id=3703, stack(0x00007f87002ec000,0x00007f87003ec000)]
  0x00007f86fcf7c030 JavaThread "Unconstrained build operations Thread 2" [_thread_blocked, id=3704, stack(0x00007f87001eb000,0x00007f87002eb000)]
  0x00007f86fcf69560 JavaThread "Unconstrained build operations Thread 3" [_thread_blocked, id=3707, stack(0x00007f87000ea000,0x00007f87001ea000)]
  0x00007f86fd5f1db0 JavaThread "Problems report writer" [_thread_blocked, id=3713, stack(0x00007f86b2f00000,0x00007f86b3000000)]
  0x00007f86fd92ba00 JavaThread "Memory manager" [_thread_blocked, id=3716, stack(0x00007f86b2dff000,0x00007f86b2eff000)]
  0x00007f86fdbd5a50 JavaThread "build event listener" [_thread_blocked, id=3722, stack(0x00007f86b2cfe000,0x00007f86b2dfe000)]
  0x00007f86fe204c20 JavaThread "included builds" [_thread_blocked, id=3740, stack(0x00007f86b2bfd000,0x00007f86b2cfd000)]
  0x0000559571b92670 JavaThread "Execution worker" [_thread_blocked, id=3741, stack(0x00007f86b2afc000,0x00007f86b2bfc000)]
  0x00007f8690013640 JavaThread "Cache worker for execution history cache (/workspace/repro/.gradle/8.11.1/executionHistory)" [_thread_blocked, id=3742, stack(0x00007f86b29fb000,0x00007f86b2afb000)]
  0x00007f8690369c90 JavaThread "Unconstrained build operations Thread 4" [_thread_blocked, id=3748, stack(0x00007f86b28fa000,0x00007f86b29fa000)]
  0x00007f8690390760 JavaThread "WorkerExecutor Queue" [_thread_blocked, id=3753, stack(0x00007f86b27f9000,0x00007f86b28f9000)]
  0x0000559571bb1890 JavaThread "Unconstrained build operations Thread 5" [_thread_blocked, id=3754, stack(0x00007f86b26f8000,0x00007f86b27f8000)]
  0x00007f86903346a0 JavaThread "WorkerExecutor Queue Thread 2" [_thread_blocked, id=3762, stack(0x00007f86b25f7000,0x00007f86b26f7000)]
  0x0000559571ba88f0 JavaThread "Unconstrained build operations Thread 6" [_thread_blocked, id=3771, stack(0x00007f86b24f6000,0x00007f86b25f6000)]
  0x00007f86900a4c60 JavaThread "Unconstrained build operations Thread 7" [_thread_blocked, id=3777, stack(0x00007f86b23f5000,0x00007f86b24f5000)]
  0x00007f869008bd80 JavaThread "Unconstrained build operations Thread 8" [_thread_blocked, id=3785, stack(0x00007f86b22f4000,0x00007f86b23f4000)]
  0x0000559571bb88a0 JavaThread "Unconstrained build operations Thread 9" [_thread_blocked, id=3803, stack(0x00007f86b21f3000,0x00007f86b22f3000)]
  0x0000559571bca3f0 JavaThread "Unconstrained build operations Thread 10" [_thread_blocked, id=3805, stack(0x00007f86b20f2000,0x00007f86b21f2000)]
  0x0000559571c10d30 JavaThread "pool-3-thread-1" [_thread_blocked, id=3808, stack(0x00007f86b1ff1000,0x00007f86b20f1000)]
  0x0000559571bc13e0 JavaThread "process reaper (pid 3810)" daemon [_thread_in_native, id=3811, stack(0x00007f871008e000,0x00007f87100b0000)]
  0x0000559571bc3420 JavaThread "stderr" [_thread_in_native, id=3813, stack(0x00007f86b1ef0000,0x00007f86b1ff0000)]
  0x0000559571bc4ec0 JavaThread "stdout" [_thread_in_native, id=3814, stack(0x00007f86b1def000,0x00007f86b1eef000)]
  0x00007f86fc7c1fc0 JavaThread "process reaper (pid 3825)" daemon [_thread_in_native, id=3826, stack(0x00007f871006b000,0x00007f871008d000)]
  0x00007f86fc423fd0 JavaThread "stderr" [_thread_in_native, id=3827, stack(0x00007f86b1cee000,0x00007f86b1dee000)]
  0x00007f86fc424f90 JavaThread "stdout" [_thread_in_native, id=3828, stack(0x00007f86b1bed000,0x00007f86b1ced000)]
  0x0000559571bff0c0 JavaThread "Unconstrained build operations Thread 11" [_thread_blocked, id=3859, stack(0x00007f86b1aec000,0x00007f86b1bec000)]
  0x00007f8690079bb0 JavaThread "Unconstrained build operations Thread 12" [_thread_blocked, id=3864, stack(0x00007f86b19eb000,0x00007f86b1aeb000)]
  0x00007f869033ee30 JavaThread "Unconstrained build operations Thread 13" [_thread_blocked, id=3865, stack(0x00007f86b18ea000,0x00007f86b19ea000)]
  0x00007f869003b3c0 JavaThread "Unconstrained build operations Thread 14" [_thread_blocked, id=3868, stack(0x00007f86b17e9000,0x00007f86b18e9000)]

Other Threads:
=>0x00007f872c0d3640 VMThread "VM Thread" [stack: 0x00007f8710d1e000,0x00007f8710e1e000] [id=3644]
  0x00007f872c01cec0 WatcherThread [stack: 0x00007f87101db000,0x00007f87102db000] [id=3655]
  0x00007f872c075a40 GCTaskThread "GC Thread#0" [stack: 0x00007f8730169000,0x00007f8730269000] [id=3639]
  0x00007f86ac004990 GCTaskThread "GC Thread#1" [stack: 0x00007f87100da000,0x00007f87101da000] [id=3656]
  0x00007f872c087020 ConcurrentGCThread "G1 Main Marker" [stack: 0x00007f8730068000,0x00007f8730168000] [id=3640]
  0x00007f872c087f90 ConcurrentGCThread "G1 Conc#0" [stack: 0x00007f8711411000,0x00007f8711511000] [id=3641]
  0x00007f872c0a6bc0 ConcurrentGCThread "G1 Refine#0" [stack: 0x00007f871110e000,0x00007f871120e000] [id=3642]
  0x00007f86fc000ea0 ConcurrentGCThread "G1 Refine#1" [stack: 0x00007f8701f00000,0x00007f8702000000] [id=3659]
  0x00007f872c0a7ac0 ConcurrentGCThread "G1 Service" [stack: 0x00007f871100d000,0x00007f871110d000] [id=3643]

Threads with active compile tasks:
C2 CompilerThread0  119476 17386       4       sun.net.util.URLUtil::urlNoFragString (114 bytes)
C1 CompilerThread0  119476 17557   !   2       org.jetbrains.kotlin.metadata.ProtoBuf$ValueParameter::<init> (513 bytes)

VM state: at safepoint (normal execution)

VM Mutex/Monitor currently owned by a thread:  ([mutex/lock_event])
[0x00007f872c0178f0] Threads_lock - owner thread: 0x00007f872c0d3640
[0x00007f872c0180a0] Heap_lock - owner thread: 0x0000559571b92670

Heap address: 0x0000000080000000, size: 2048 MB, Compressed Oops mode: 32-bit

CDS archive(s) mapped at: [0x00007f86b3000000-0x00007f86b3bca000-0x00007f86b3bca000), size 12361728, SharedBaseAddress: 0x00007f86b3000000, ArchiveRelocationMode: 1.
Compressed class space mapped at: 0x00007f86b4000000-0x00007f86f4000000, reserved size: 1073741824
Narrow klass base: 0x00007f86b3000000, Narrow klass shift: 0, Narrow klass range: 0x100000000

GC Precious Log:
 CPUs: 2 total, 2 available
 Memory: 2048M
 Large Page Support: Disabled
 NUMA Support: Disabled
 Compressed Oops: Enabled (32-bit)
 Heap Region Size: 1M
 Heap Min Capacity: 8M
 Heap Initial Capacity: 32M
 Heap Max Capacity: 2G
 Pre-touch: Disabled
 Parallel Workers: 2
 Concurrent Workers: 1
 Concurrent Refinement Workers: 2
 Periodic GC: Disabled

Heap:
 garbage-first heap   total 295936K, used 117652K [0x0000000080000000, 0x0000000100000000)
  region size 1024K, 1 young (1024K), 1 survivors (1024K)
 Metaspace       used 110006K, committed 110784K, reserved 1179648K
  class space    used 14598K, committed 14976K, reserved 1048576K

Heap Regions: E=young(eden), S=young(survivor), O=old, HS=humongous(starts), HC=humongous(continues), CS=collection set, F=free, OA=open archive, CA=closed archive, TAMS=top-at-mark-start (previous, next)
|   0|0x0000000080000000, 0x0000000080100000, 0x0000000080100000|100%|HS|  |TAMS 0x0000000080100000, 0x0000000080000000| Complete 
|   1|0x0000000080100000, 0x0000000080200000, 0x0000000080200000|100%|HC|  |TAMS 0x0000000080200000, 0x0000000080100000| Complete 
|   2|0x0000000080200000, 0x0000000080300000, 0x0000000080300000|100%|HC|  |TAMS 0x0000000080300000, 0x0000000080200000| Complete 
|   3|0x0000000080300000, 0x0000000080400000, 0x0000000080400000|100%| O|  |TAMS 0x0000000080400000, 0x0000000080300000| Untracked 
|   4|0x0000000080400000, 0x0000000080500000, 0x0000000080500000|100%| O|  |TAMS 0x0000000080500000, 0x0000000080400000| Untracked 
|   5|0x0000000080500000, 0x0000000080600000, 0x0000000080600000|100%| O|  |TAMS 0x0000000080600000, 0x0000000080500000| Untracked 
|   6|0x0000000080600000, 0x0000000080700000, 0x0000000080700000|100%| O|  |TAMS 0x0000000080700000, 0x0000000080600000| Untracked 
|   7|0x0000000080700000, 0x0000000080800000, 0x0000000080800000|100%| O|  |TAMS 0x0000000080800000, 0x0000000080700000| Untracked 
|   8|0x0000000080800000, 0x0000000080900000, 0x0000000080900000|100%| O|  |TAMS 0x0000000080900000, 0x0000000080800000| Untracked 
|   9|0x0000000080900000, 0x0000000080a00000, 0x0000000080a00000|100%| O|  |TAMS 0x0000000080a00000, 0x0000000080900000| Untracked 
|  10|0x0000000080a00000, 0x0000000080b00000, 0x0000000080b00000|100%|HS|  |TAMS 0x0000000080b00000, 0x0000000080a00000| Complete 
|  11|0x0000000080b00000, 0x0000000080c00000, 0x0000000080c00000|100%| O|  |TAMS 0x0000000080c00000, 0x0000000080b00000| Untracked 
|  12|0x0000000080c00000, 0x0000000080d00000, 0x0000000080d00000|100%| O|  |TAMS 0x0000000080d00000, 0x0000000080c00000| Untracked 
|  13|0x0000000080d00000, 0x0000000080e00000, 0x0000000080e00000|100%| O|  |TAMS 0x0000000080e00000, 0x0000000080d00000| Untracked 
|  14|0x0000000080e00000, 0x0000000080f00000, 0x0000000080f00000|100%| O|  |TAMS 0x0000000080f00000, 0x0000000080e00000| Untracked 
|  15|0x0000000080f00000, 0x0000000081000000, 0x0000000081000000|100%| O|  |TAMS 0x0000000081000000, 0x0000000080f00000| Untracked 
|  16|0x0000000081000000, 0x0000000081100000, 0x0000000081100000|100%| O|  |TAMS 0x0000000081100000, 0x0000000081000000| Untracked 
|  17|0x0000000081100000, 0x0000000081200000, 0x0000000081200000|100%| O|  |TAMS 0x0000000081200000, 0x0000000081100000| Untracked 
|  18|0x0000000081200000, 0x0000000081300000, 0x0000000081300000|100%| O|  |TAMS 0x0000000081300000, 0x0000000081200000| Untracked 
|  19|0x0000000081300000, 0x0000000081400000, 0x0000000081400000|100%| O|  |TAMS 0x0000000081400000, 0x0000000081300000| Untracked 
|  20|0x0000000081400000, 0x0000000081500000, 0x0000000081500000|100%| O|  |TAMS 0x0000000081500000, 0x0000000081400000| Untracked 
|  21|0x0000000081500000, 0x0000000081600000, 0x0000000081600000|100%| O|  |TAMS 0x0000000081600000, 0x0000000081500000| Untracked 
|  22|0x0000000081600000, 0x0000000081700000, 0x0000000081700000|100%| O|  |TAMS 0x0000000081700000, 0x0000000081600000| Untracked 
|  23|0x0000000081700000, 0x0000000081800000, 0x0000000081800000|100%| O|  |TAMS 0x0000000081700000, 0x0000000081700000| Untracked 
|  24|0x0000000081800000, 0x0000000081900000, 0x0000000081900000|100%| O|  |TAMS 0x0000000081900000, 0x0000000081800000| Untracked 
|  25|0x0000000081900000, 0x0000000081a00000, 0x0000000081a00000|100%| O|  |TAMS 0x0000000081a00000, 0x0000000081900000| Untracked 
|  26|0x0000000081a00000, 0x0000000081b00000, 0x0000000081b00000|100%| O|  |TAMS 0x0000000081b00000, 0x0000000081a00000| Untracked 
|  27|0x0000000081b00000, 0x0000000081c00000, 0x0000000081c00000|100%| O|  |TAMS 0x0000000081c00000, 0x0000000081b00000| Untracked 
|  28|0x0000000081c00000, 0x0000000081d00000, 0x0000000081d00000|100%| O|  |TAMS 0x0000000081d00000, 0x0000000081c00000| Untracked 
|  29|0x0000000081d00000, 0x0000000081e00000, 0x0000000081e00000|100%| O|  |TAMS 0x0000000081e00000, 0x0000000081d00000| Untracked 
|  30|0x0000000081e00000, 0x0000000081f00000, 0x0000000081f00000|100%| O|  |TAMS 0x0000000081f00000, 0x0000000081e00000| Untracked 
|  31|0x0000000081f00000, 0x0000000082000000, 0x0000000082000000|100%| O|  |TAMS 0x0000000082000000, 0x0000000081f00000| Untracked 
|  32|0x0000000082000000, 0x0000000082100000, 0x0000000082100000|100%| O|  |TAMS 0x0000000082100000, 0x0000000082000000| Untracked 
|  33|0x0000000082100000, 0x0000000082200000, 0x0000000082200000|100%| O|  |TAMS 0x0000000082200000, 0x0000000082100000| Untracked 
|  34|0x0000000082200000, 0x0000000082300000, 0x0000000082300000|100%| O|  |TAMS 0x0000000082300000, 0x0000000082200000| Untracked 
|  35|0x0000000082300000, 0x0000000082400000, 0x0000000082400000|100%| O|  |TAMS 0x0000000082400000, 0x0000000082300000| Untracked 
|  36|0x0000000082400000, 0x0000000082500000, 0x0000000082500000|100%| O|  |TAMS 0x0000000082500000, 0x0000000082400000| Untracked 
|  37|0x0000000082500000, 0x0000000082600000, 0x0000000082600000|100%| O|  |TAMS 0x0000000082600000, 0x0000000082500000| Untracked 
|  38|0x0000000082600000, 0x0000000082700000, 0x0000000082700000|100%| O|  |TAMS 0x0000000082700000, 0x0000000082600000| Untracked 
|  39|0x0000000082700000, 0x0000000082800000, 0x0000000082800000|100%|HS|  |TAMS 0x0000000082800000, 0x0000000082700000| Complete 
|  40|0x0000000082800000, 0x0000000082900000, 0x0000000082900000|100%| O|  |TAMS 0x0000000082900000, 0x0000000082800000| Untracked 
|  41|0x0000000082900000, 0x0000000082a00000, 0x0000000082a00000|100%|HS|  |TAMS 0x0000000082a00000, 0x0000000082900000| Complete 
|  42|0x0000000082a00000, 0x0000000082b00000, 0x0000000082b00000|100%|HC|  |TAMS 0x0000000082b00000, 0x0000000082a00000| Complete 
|  43|0x0000000082b00000, 0x0000000082c00000, 0x0000000082c00000|100%|HS|  |TAMS 0x0000000082c00000, 0x0000000082b00000| Complete 
|  44|0x0000000082c00000, 0x0000000082d00000, 0x0000000082d00000|100%|HS|  |TAMS 0x0000000082d00000, 0x0000000082c00000| Complete 
|  45|0x0000000082d00000, 0x0000000082e00000, 0x0000000082e00000|100%|HS|  |TAMS 0x0000000082e00000, 0x0000000082d00000| Complete 
|  46|0x0000000082e00000, 0x0000000082f00000, 0x0000000082f00000|100%|HC|  |TAMS 0x0000000082f00000, 0x0000000082e00000| Complete 
|  47|0x0000000082f00000, 0x0000000083000000, 0x0000000083000000|100%|HC|  |TAMS 0x0000000083000000, 0x0000000082f00000| Complete 
|  48|0x0000000083000000, 0x0000000083100000, 0x0000000083100000|100%|HC|  |TAMS 0x0000000083100000, 0x0000000083000000| Complete 
|  49|0x0000000083100000, 0x0000000083200000, 0x0000000083200000|100%| O|  |TAMS 0x0000000083200000, 0x0000000083100000| Untracked 
|  50|0x0000000083200000, 0x0000000083300000, 0x0000000083300000|100%|HS|  |TAMS 0x0000000083300000, 0x0000000083200000| Complete 
|  51|0x0000000083300000, 0x0000000083400000, 0x0000000083400000|100%| O|  |TAMS 0x0000000083400000, 0x0000000083300000| Untracked 
|  52|0x0000000083400000, 0x0000000083500000, 0x0000000083500000|100%| O|  |TAMS 0x0000000083500000, 0x0000000083400000| Untracked 
|  53|0x0000000083500000, 0x0000000083600000, 0x0000000083600000|100%| O|  |TAMS 0x0000000083600000, 0x0000000083500000| Untracked 
|  54|0x0000000083600000, 0x0000000083700000, 0x0000000083700000|100%| O|  |TAMS 0x0000000083700000, 0x0000000083600000| Untracked 
|  55|0x0000000083700000, 0x0000000083800000, 0x0000000083800000|100%| O|  |TAMS 0x0000000083800000, 0x0000000083700000| Untracked 
|  56|0x0000000083800000, 0x0000000083900000, 0x0000000083900000|100%| O|  |TAMS 0x0000000083900000, 0x0000000083800000| Untracked 
|  57|0x0000000083900000, 0x0000000083a00000, 0x0000000083a00000|100%| O|  |TAMS 0x0000000083a00000, 0x0000000083900000| Untracked 
|  58|0x0000000083a00000, 0x0000000083b00000, 0x0000000083b00000|100%| O|  |TAMS 0x0000000083b00000, 0x0000000083a00000| Untracked 
|  59|0x0000000083b00000, 0x0000000083c00000, 0x0000000083c00000|100%| O|  |TAMS 0x0000000083c00000, 0x0000000083b00000| Untracked 
|  60|0x0000000083c00000, 0x0000000083d00000, 0x0000000083d00000|100%| O|  |TAMS 0x0000000083d00000, 0x0000000083c00000| Untracked 
|  61|0x0000000083d00000, 0x0000000083e00000, 0x0000000083e00000|100%| O|  |TAMS 0x0000000083e00000, 0x0000000083d00000| Untracked 
|  62|0x0000000083e00000, 0x0000000083f00000, 0x0000000083f00000|100%| O|  |TAMS 0x0000000083f00000, 0x0000000083e00000| Untracked 
|  63|0x0000000083f00000, 0x0000000084000000, 0x0000000084000000|100%| O|  |TAMS 0x0000000084000000, 0x0000000083f00000| Untracked 
|  64|0x0000000084000000, 0x0000000084100000, 0x0000000084100000|100%| O|  |TAMS 0x0000000084100000, 0x0000000084000000| Untracked 
|  65|0x0000000084100000, 0x0000000084200000, 0x0000000084200000|100%| O|  |TAMS 0x0000000084200000, 0x0000000084100000| Untracked 
|  66|0x0000000084200000, 0x0000000084300000, 0x0000000084300000|100%| O|  |TAMS 0x0000000084300000, 0x0000000084200000| Untracked 
|  67|0x0000000084300000, 0x0000000084400000, 0x0000000084400000|100%| O|  |TAMS 0x0000000084400000, 0x0000000084300000| Untracked 
|  68|0x0000000084400000, 0x0000000084500000, 0x0000000084500000|100%| O|  |TAMS 0x0000000084500000, 0x0000000084400000| Untracked 
|  69|0x0000000084500000, 0x0000000084600000, 0x0000000084600000|100%|HS|  |TAMS 0x0000000084600000, 0x0000000084500000| Complete 
|  70|0x0000000084600000, 0x0000000084700000, 0x0000000084700000|100%|HC|  |TAMS 0x0000000084700000, 0x0000000084600000| Complete 
|  71|0x0000000084700000, 0x0000000084800000, 0x0000000084800000|100%|HS|  |TAMS 0x0000000084800000, 0x0000000084700000| Complete 
|  72|0x0000000084800000, 0x0000000084900000, 0x0000000084900000|100%|HC|  |TAMS 0x0000000084900000, 0x0000000084800000| Complete 
|  73|0x0000000084900000, 0x0000000084a00000, 0x0000000084a00000|100%|HC|  |TAMS 0x0000000084a00000, 0x0000000084900000| Complete 
|  74|0x0000000084a00000, 0x0000000084b00000, 0x0000000084b00000|100%|HC|  |TAMS 0x0000000084b00000, 0x0000000084a00000| Complete 
|  75|0x0000000084b00000, 0x0000000084c00000, 0x0000000084c00000|100%| O|  |TAMS 0x0000000084c00000, 0x0000000084b00000| Untracked 
|  76|0x0000000084c00000, 0x0000000084d00000, 0x0000000084d00000|100%| O|  |TAMS 0x0000000084d00000, 0x0000000084c00000| Untracked 
|  77|0x0000000084d00000, 0x0000000084e00000, 0x0000000084e00000|100%| O|  |TAMS 0x0000000084e00000, 0x0000000084d00000| Untracked 
|  78|0x0000000084e00000, 0x0000000084f00000, 0x0000000084f00000|100%| O|  |TAMS 0x0000000084f00000, 0x0000000084e00000| Untracked 
|  79|0x0000000084f00000, 0x0000000085000000, 0x0000000085000000|100%| O|  |TAMS 0x0000000085000000, 0x0000000084f00000| Untracked 
|  80|0x0000000085000000, 0x0000000085100000, 0x0000000085100000|100%| O|  |TAMS 0x0000000085100000, 0x0000000085000000| Untracked 
|  81|0x0000000085100000, 0x0000000085200000, 0x0000000085200000|100%| O|  |TAMS 0x0000000085200000, 0x0000000085100000| Untracked 
|  82|0x0000000085200000, 0x0000000085300000, 0x0000000085300000|100%| O|  |TAMS 0x0000000085300000, 0x0000000085200000| Untracked 
|  83|0x0000000085300000, 0x0000000085400000, 0x0000000085400000|100%| O|  |TAMS 0x0000000085400000, 0x0000000085300000| Untracked 
|  84|0x0000000085400000, 0x0000000085500000, 0x0000000085500000|100%| O|  |TAMS 0x0000000085500000, 0x0000000085400000| Untracked 
|  85|0x0000000085500000, 0x0000000085600000, 0x0000000085600000|100%| O|  |TAMS 0x0000000085600000, 0x0000000085500000| Untracked 
|  86|0x0000000085600000, 0x0000000085700000, 0x0000000085700000|100%| O|  |TAMS 0x0000000085700000, 0x0000000085600000| Untracked 
|  87|0x0000000085700000, 0x0000000085800000, 0x0000000085800000|100%| O|  |TAMS 0x0000000085800000, 0x0000000085700000| Untracked 
|  88|0x0000000085800000, 0x0000000085900000, 0x0000000085900000|100%| O|  |TAMS 0x0000000085900000, 0x0000000085800000| Untracked 
|  89|0x0000000085900000, 0x0000000085a00000, 0x0000000085a00000|100%| O|  |TAMS 0x0000000085a00000, 0x0000000085900000| Untracked 
|  90|0x0000000085a00000, 0x0000000085b00000, 0x0000000085b00000|100%| O|  |TAMS 0x0000000085b00000, 0x0000000085a00000| Untracked 
|  91|0x0000000085b00000, 0x0000000085c00000, 0x0000000085c00000|100%| O|  |TAMS 0x0000000085c00000, 0x0000000085b00000| Untracked 
|  92|0x0000000085c00000, 0x0000000085d00000, 0x0000000085d00000|100%| O|  |TAMS 0x0000000085d00000, 0x0000000085c00000| Untracked 
|  93|0x0000000085d00000, 0x0000000085e00000, 0x0000000085e00000|100%| O|  |TAMS 0x0000000085e00000, 0x0000000085d00000| Untracked 
|  94|0x0000000085e00000, 0x0000000085f00000, 0x0000000085f00000|100%| O|  |TAMS 0x0000000085f00000, 0x0000000085e00000| Untracked 
|  95|0x0000000085f00000, 0x0000000086000000, 0x0000000086000000|100%| O|  |TAMS 0x0000000086000000, 0x0000000085f00000| Untracked 
|  96|0x0000000086000000, 0x0000000086100000, 0x0000000086100000|100%| O|  |TAMS 0x0000000086100000, 0x0000000086000000| Untracked 
|  97|0x0000000086100000, 0x0000000086200000, 0x0000000086200000|100%| O|  |TAMS 0x0000000086200000, 0x0000000086100000| Untracked 
|  98|0x0000000086200000, 0x0000000086300000, 0x0000000086300000|100%| O|  |TAMS 0x0000000086300000, 0x0000000086200000| Untracked 
|  99|0x0000000086300000, 0x0000000086400000, 0x0000000086400000|100%| O|  |TAMS 0x0000000086400000, 0x0000000086300000| Untracked 
| 100|0x0000000086400000, 0x0000000086500000, 0x0000000086500000|100%| O|  |TAMS 0x0000000086500000, 0x0000000086400000| Untracked 
| 101|0x0000000086500000, 0x0000000086600000, 0x0000000086600000|100%| O|  |TAMS 0x0000000086600000, 0x0000000086500000| Untracked 
| 102|0x0000000086600000, 0x0000000086700000, 0x0000000086700000|100%| O|  |TAMS 0x0000000086700000, 0x0000000086600000| Untracked 
| 103|0x0000000086700000, 0x0000000086800000, 0x0000000086800000|100%| O|  |TAMS 0x0000000086800000, 0x0000000086700000| Untracked 
| 104|0x0000000086800000, 0x0000000086900000, 0x0000000086900000|100%| O|  |TAMS 0x0000000086900000, 0x0000000086800000| Untracked 
| 105|0x0000000086900000, 0x0000000086900000, 0x0000000086a00000|  0%| F|  |TAMS 0x0000000086900000, 0x0000000086900000| Untracked 
| 106|0x0000000086a00000, 0x0000000086b00000, 0x0000000086b00000|100%| O|  |TAMS 0x0000000086a00000, 0x0000000086a00000| Untracked 
| 107|0x0000000086b00000, 0x0000000086c00000, 0x0000000086c00000|100%| O|  |TAMS 0x0000000086b00000, 0x0000000086b00000| Untracked 
| 108|0x0000000086c00000, 0x0000000086d00000, 0x0000000086d00000|100%| O|  |TAMS 0x0000000086c00000, 0x0000000086c00000| Untracked 
| 109|0x0000000086d00000, 0x0000000086e00000, 0x0000000086e00000|100%| O|  |TAMS 0x0000000086d00000, 0x0000000086d00000| Untracked 
| 110|0x0000000086e00000, 0x0000000086f00000, 0x0000000086f00000|100%| O|  |TAMS 0x0000000086e00000, 0x0000000086e00000| Untracked 
| 111|0x0000000086f00000, 0x0000000087000000, 0x0000000087000000|100%| O|  |TAMS 0x0000000086f00000, 0x0000000086f00000| Untracked 
| 112|0x0000000087000000, 0x0000000087100000, 0x0000000087100000|100%| O|  |TAMS 0x0000000087000000, 0x0000000087000000| Untracked 
| 113|0x0000000087100000, 0x00000000871fe600, 0x0000000087200000| 99%| O|  |TAMS 0x0000000087100000, 0x0000000087100000| Untracked 
| 114|0x0000000087200000, 0x0000000087200000, 0x0000000087300000|  0%| F|  |TAMS 0x0000000087200000, 0x0000000087200000| Untracked 
| 115|0x0000000087300000, 0x0000000087300000, 0x0000000087400000|  0%| F|  |TAMS 0x0000000087300000, 0x0000000087300000| Untracked 
| 116|0x0000000087400000, 0x0000000087400000, 0x0000000087500000|  0%| F|  |TAMS 0x0000000087400000, 0x0000000087400000| Untracked 
| 117|0x0000000087500000, 0x0000000087500000, 0x0000000087600000|  0%| F|  |TAMS 0x0000000087500000, 0x0000000087500000| Untracked 
| 118|0x0000000087600000, 0x0000000087600000, 0x0000000087700000|  0%| F|  |TAMS 0x0000000087600000, 0x0000000087600000| Untracked 
| 119|0x0000000087700000, 0x0000000087700000, 0x0000000087800000|  0%| F|  |TAMS 0x0000000087700000, 0x0000000087700000| Untracked 
| 120|0x0000000087800000, 0x0000000087800000, 0x0000000087900000|  0%| F|  |TAMS 0x0000000087800000, 0x0000000087800000| Untracked 
| 121|0x0000000087900000, 0x0000000087900000, 0x0000000087a00000|  0%| F|  |TAMS 0x0000000087900000, 0x0000000087900000| Untracked 
| 122|0x0000000087a00000, 0x0000000087a00000, 0x0000000087b00000|  0%| F|  |TAMS 0x0000000087a00000, 0x0000000087a00000| Untracked 
| 123|0x0000000087b00000, 0x0000000087b00000, 0x0000000087c00000|  0%| F|  |TAMS 0x0000000087b00000, 0x0000000087b00000| Untracked 
| 124|0x0000000087c00000, 0x0000000087c00000, 0x0000000087d00000|  0%| F|  |TAMS 0x0000000087c00000, 0x0000000087c00000| Untracked 
| 125|0x0000000087d00000, 0x0000000087d00000, 0x0000000087e00000|  0%| F|  |TAMS 0x0000000087d00000, 0x0000000087d00000| Untracked 
| 126|0x0000000087e00000, 0x0000000087e00000, 0x0000000087f00000|  0%| F|  |TAMS 0x0000000087e00000, 0x0000000087e00000| Untracked 
| 127|0x0000000087f00000, 0x0000000087f00000, 0x0000000088000000|  0%| F|  |TAMS 0x0000000087f00000, 0x0000000087f00000| Untracked 
| 128|0x0000000088000000, 0x0000000088000000, 0x0000000088100000|  0%| F|  |TAMS 0x0000000088000000, 0x0000000088000000| Untracked 
| 129|0x0000000088100000, 0x0000000088100000, 0x0000000088200000|  0%| F|  |TAMS 0x0000000088100000, 0x0000000088100000| Untracked 
| 130|0x0000000088200000, 0x0000000088200000, 0x0000000088300000|  0%| F|  |TAMS 0x0000000088200000, 0x0000000088200000| Untracked 
| 131|0x0000000088300000, 0x0000000088300000, 0x0000000088400000|  0%| F|  |TAMS 0x0000000088300000, 0x0000000088300000| Untracked 
| 132|0x0000000088400000, 0x0000000088400000, 0x0000000088500000|  0%| F|  |TAMS 0x0000000088400000, 0x0000000088400000| Untracked 
| 133|0x0000000088500000, 0x0000000088500000, 0x0000000088600000|  0%| F|  |TAMS 0x0000000088500000, 0x0000000088500000| Untracked 
| 134|0x0000000088600000, 0x0000000088600000, 0x0000000088700000|  0%| F|  |TAMS 0x0000000088600000, 0x0000000088600000| Untracked 
| 135|0x0000000088700000, 0x0000000088700000, 0x0000000088800000|  0%| F|  |TAMS 0x0000000088700000, 0x0000000088700000| Untracked 
| 136|0x0000000088800000, 0x0000000088800000, 0x0000000088900000|  0%| F|  |TAMS 0x0000000088800000, 0x0000000088800000| Untracked 
| 137|0x0000000088900000, 0x0000000088900000, 0x0000000088a00000|  0%| F|  |TAMS 0x0000000088900000, 0x0000000088900000| Untracked 
| 138|0x0000000088a00000, 0x0000000088a00000, 0x0000000088b00000|  0%| F|  |TAMS 0x0000000088a00000, 0x0000000088a00000| Untracked 
| 139|0x0000000088b00000, 0x0000000088b00000, 0x0000000088c00000|  0%| F|  |TAMS 0x0000000088b00000, 0x0000000088b00000| Untracked 
| 140|0x0000000088c00000, 0x0000000088c00000, 0x0000000088d00000|  0%| F|  |TAMS 0x0000000088c00000, 0x0000000088c00000| Untracked 
| 141|0x0000000088d00000, 0x0000000088d00000, 0x0000000088e00000|  0%| F|  |TAMS 0x0000000088d00000, 0x0000000088d00000| Untracked 
| 142|0x0000000088e00000, 0x0000000088e00000, 0x0000000088f00000|  0%| F|  |TAMS 0x0000000088e00000, 0x0000000088e00000| Untracked 
| 143|0x0000000088f00000, 0x0000000088f00000, 0x0000000089000000|  0%| F|  |TAMS 0x0000000088f00000, 0x0000000088f00000| Untracked 
| 144|0x0000000089000000, 0x0000000089000000, 0x0000000089100000|  0%| F|  |TAMS 0x0000000089000000, 0x0000000089000000| Untracked 
| 145|0x0000000089100000, 0x0000000089100000, 0x0000000089200000|  0%| F|  |TAMS 0x0000000089100000, 0x0000000089100000| Untracked 
| 146|0x0000000089200000, 0x0000000089200000, 0x0000000089300000|  0%| F|  |TAMS 0x0000000089200000, 0x0000000089200000| Untracked 
| 147|0x0000000089300000, 0x0000000089300000, 0x0000000089400000|  0%| F|  |TAMS 0x0000000089300000, 0x0000000089300000| Untracked 
| 148|0x0000000089400000, 0x0000000089400000, 0x0000000089500000|  0%| F|  |TAMS 0x0000000089400000, 0x0000000089400000| Untracked 
| 149|0x0000000089500000, 0x0000000089500000, 0x0000000089600000|  0%| F|  |TAMS 0x0000000089500000, 0x0000000089500000| Untracked 
| 150|0x0000000089600000, 0x0000000089600000, 0x0000000089700000|  0%| F|  |TAMS 0x0000000089600000, 0x0000000089600000| Untracked 
| 151|0x0000000089700000, 0x0000000089700000, 0x0000000089800000|  0%| F|  |TAMS 0x0000000089700000, 0x0000000089700000| Untracked 
| 152|0x0000000089800000, 0x0000000089800000, 0x0000000089900000|  0%| F|  |TAMS 0x0000000089800000, 0x0000000089800000| Untracked 
| 153|0x0000000089900000, 0x0000000089900000, 0x0000000089a00000|  0%| F|  |TAMS 0x0000000089900000, 0x0000000089900000| Untracked 
| 154|0x0000000089a00000, 0x0000000089a00000, 0x0000000089b00000|  0%| F|  |TAMS 0x0000000089a00000, 0x0000000089a00000| Untracked 
| 155|0x0000000089b00000, 0x0000000089b00000, 0x0000000089c00000|  0%| F|  |TAMS 0x0000000089b00000, 0x0000000089b00000| Untracked 
| 156|0x0000000089c00000, 0x0000000089c00000, 0x0000000089d00000|  0%| F|  |TAMS 0x0000000089c00000, 0x0000000089c00000| Untracked 
| 157|0x0000000089d00000, 0x0000000089d00000, 0x0000000089e00000|  0%| F|  |TAMS 0x0000000089d00000, 0x0000000089d00000| Untracked 
| 158|0x0000000089e00000, 0x0000000089e00000, 0x0000000089f00000|  0%| F|  |TAMS 0x0000000089e00000, 0x0000000089e00000| Untracked 
| 159|0x0000000089f00000, 0x0000000089f00000, 0x000000008a000000|  0%| F|  |TAMS 0x0000000089f00000, 0x0000000089f00000| Untracked 
| 160|0x000000008a000000, 0x000000008a000000, 0x000000008a100000|  0%| F|  |TAMS 0x000000008a000000, 0x000000008a000000| Untracked 
| 161|0x000000008a100000, 0x000000008a100000, 0x000000008a200000|  0%| F|  |TAMS 0x000000008a100000, 0x000000008a100000| Untracked 
| 162|0x000000008a200000, 0x000000008a2f9d40, 0x000000008a300000| 97%| S|CS|TAMS 0x000000008a200000, 0x000000008a200000| Complete 
| 163|0x000000008a300000, 0x000000008a300000, 0x000000008a400000|  0%| F|  |TAMS 0x000000008a300000, 0x000000008a300000| Untracked 
| 164|0x000000008a400000, 0x000000008a400000, 0x000000008a500000|  0%| F|  |TAMS 0x000000008a400000, 0x000000008a400000| Untracked 
| 165|0x000000008a500000, 0x000000008a500000, 0x000000008a600000|  0%| F|  |TAMS 0x000000008a500000, 0x000000008a500000| Untracked 
| 166|0x000000008a600000, 0x000000008a600000, 0x000000008a700000|  0%| F|  |TAMS 0x000000008a600000, 0x000000008a600000| Untracked 
| 167|0x000000008a700000, 0x000000008a700000, 0x000000008a800000|  0%| F|  |TAMS 0x000000008a700000, 0x000000008a700000| Untracked 
| 168|0x000000008a800000, 0x000000008a800000, 0x000000008a900000|  0%| F|  |TAMS 0x000000008a800000, 0x000000008a800000| Untracked 
| 169|0x000000008a900000, 0x000000008a900000, 0x000000008aa00000|  0%| F|  |TAMS 0x000000008a900000, 0x000000008a900000| Untracked 
| 170|0x000000008aa00000, 0x000000008aa00000, 0x000000008ab00000|  0%| F|  |TAMS 0x000000008aa00000, 0x000000008aa00000| Untracked 
| 171|0x000000008ab00000, 0x000000008ab00000, 0x000000008ac00000|  0%| F|  |TAMS 0x000000008ab00000, 0x000000008ab00000| Untracked 
| 172|0x000000008ac00000, 0x000000008ac00000, 0x000000008ad00000|  0%| F|  |TAMS 0x000000008ac00000, 0x000000008ac00000| Untracked 
| 173|0x000000008ad00000, 0x000000008ad00000, 0x000000008ae00000|  0%| F|  |TAMS 0x000000008ad00000, 0x000000008ad00000| Untracked 
| 174|0x000000008ae00000, 0x000000008ae00000, 0x000000008af00000|  0%| F|  |TAMS 0x000000008ae00000, 0x000000008ae00000| Untracked 
| 175|0x000000008af00000, 0x000000008af00000, 0x000000008b000000|  0%| F|  |TAMS 0x000000008af00000, 0x000000008af00000| Untracked 
| 176|0x000000008b000000, 0x000000008b000000, 0x000000008b100000|  0%| F|  |TAMS 0x000000008b000000, 0x000000008b000000| Untracked 
| 177|0x000000008b100000, 0x000000008b100000, 0x000000008b200000|  0%| F|  |TAMS 0x000000008b100000, 0x000000008b100000| Untracked 
| 178|0x000000008b200000, 0x000000008b200000, 0x000000008b300000|  0%| F|  |TAMS 0x000000008b200000, 0x000000008b200000| Untracked 
| 179|0x000000008b300000, 0x000000008b300000, 0x000000008b400000|  0%| F|  |TAMS 0x000000008b300000, 0x000000008b300000| Untracked 
| 180|0x000000008b400000, 0x000000008b400000, 0x000000008b500000|  0%| F|  |TAMS 0x000000008b400000, 0x000000008b400000| Untracked 
| 181|0x000000008b500000, 0x000000008b500000, 0x000000008b600000|  0%| F|  |TAMS 0x000000008b500000, 0x000000008b500000| Untracked 
| 182|0x000000008b600000, 0x000000008b600000, 0x000000008b700000|  0%| F|  |TAMS 0x000000008b600000, 0x000000008b600000| Untracked 
| 183|0x000000008b700000, 0x000000008b700000, 0x000000008b800000|  0%| F|  |TAMS 0x000000008b700000, 0x000000008b700000| Untracked 
| 184|0x000000008b800000, 0x000000008b800000, 0x000000008b900000|  0%| F|  |TAMS 0x000000008b800000, 0x000000008b800000| Untracked 
| 185|0x000000008b900000, 0x000000008b900000, 0x000000008ba00000|  0%| F|  |TAMS 0x000000008b900000, 0x000000008b900000| Untracked 
| 186|0x000000008ba00000, 0x000000008ba00000, 0x000000008bb00000|  0%| F|  |TAMS 0x000000008ba00000, 0x000000008ba00000| Untracked 
| 187|0x000000008bb00000, 0x000000008bb00000, 0x000000008bc00000|  0%| F|  |TAMS 0x000000008bb00000, 0x000000008bb00000| Untracked 
| 188|0x000000008bc00000, 0x000000008bc00000, 0x000000008bd00000|  0%| F|  |TAMS 0x000000008bc00000, 0x000000008bc00000| Untracked 
| 189|0x000000008bd00000, 0x000000008bd00000, 0x000000008be00000|  0%| F|  |TAMS 0x000000008bd00000, 0x000000008bd00000| Untracked 
| 190|0x000000008be00000, 0x000000008be00000, 0x000000008bf00000|  0%| F|  |TAMS 0x000000008be00000, 0x000000008be00000| Untracked 
| 191|0x000000008bf00000, 0x000000008bf00000, 0x000000008c000000|  0%| F|  |TAMS 0x000000008bf00000, 0x000000008bf00000| Untracked 
| 192|0x000000008c000000, 0x000000008c000000, 0x000000008c100000|  0%| F|  |TAMS 0x000000008c000000, 0x000000008c000000| Untracked 
| 193|0x000000008c100000, 0x000000008c100000, 0x000000008c200000|  0%| F|  |TAMS 0x000000008c100000, 0x000000008c100000| Untracked 
| 194|0x000000008c200000, 0x000000008c200000, 0x000000008c300000|  0%| F|  |TAMS 0x000000008c200000, 0x000000008c200000| Untracked 
| 195|0x000000008c300000, 0x000000008c300000, 0x000000008c400000|  0%| F|  |TAMS 0x000000008c300000, 0x000000008c300000| Untracked 
| 196|0x000000008c400000, 0x000000008c400000, 0x000000008c500000|  0%| F|  |TAMS 0x000000008c400000, 0x000000008c400000| Untracked 
| 197|0x000000008c500000, 0x000000008c500000, 0x000000008c600000|  0%| F|  |TAMS 0x000000008c500000, 0x000000008c500000| Untracked 
| 198|0x000000008c600000, 0x000000008c600000, 0x000000008c700000|  0%| F|  |TAMS 0x000000008c600000, 0x000000008c600000| Untracked 
| 199|0x000000008c700000, 0x000000008c700000, 0x000000008c800000|  0%| F|  |TAMS 0x000000008c700000, 0x000000008c700000| Untracked 
| 200|0x000000008c800000, 0x000000008c800000, 0x000000008c900000|  0%| F|  |TAMS 0x000000008c800000, 0x000000008c800000| Untracked 
| 201|0x000000008c900000, 0x000000008c900000, 0x000000008ca00000|  0%| F|  |TAMS 0x000000008c900000, 0x000000008c900000| Untracked 
| 202|0x000000008ca00000, 0x000000008ca00000, 0x000000008cb00000|  0%| F|  |TAMS 0x000000008ca00000, 0x000000008ca00000| Untracked 
| 203|0x000000008cb00000, 0x000000008cb00000, 0x000000008cc00000|  0%| F|  |TAMS 0x000000008cb00000, 0x000000008cb00000| Untracked 
| 204|0x000000008cc00000, 0x000000008cc00000, 0x000000008cd00000|  0%| F|  |TAMS 0x000000008cc00000, 0x000000008cc00000| Untracked 
| 205|0x000000008cd00000, 0x000000008cd00000, 0x000000008ce00000|  0%| F|  |TAMS 0x000000008cd00000, 0x000000008cd00000| Untracked 
| 206|0x000000008ce00000, 0x000000008ce00000, 0x000000008cf00000|  0%| F|  |TAMS 0x000000008ce00000, 0x000000008ce00000| Untracked 
| 207|0x000000008cf00000, 0x000000008cf00000, 0x000000008d000000|  0%| F|  |TAMS 0x000000008cf00000, 0x000000008cf00000| Untracked 
| 208|0x000000008d000000, 0x000000008d000000, 0x000000008d100000|  0%| F|  |TAMS 0x000000008d000000, 0x000000008d000000| Untracked 
| 209|0x000000008d100000, 0x000000008d100000, 0x000000008d200000|  0%| F|  |TAMS 0x000000008d100000, 0x000000008d100000| Untracked 
| 210|0x000000008d200000, 0x000000008d200000, 0x000000008d300000|  0%| F|  |TAMS 0x000000008d200000, 0x000000008d200000| Untracked 
| 211|0x000000008d300000, 0x000000008d300000, 0x000000008d400000|  0%| F|  |TAMS 0x000000008d300000, 0x000000008d300000| Untracked 
| 212|0x000000008d400000, 0x000000008d400000, 0x000000008d500000|  0%| F|  |TAMS 0x000000008d400000, 0x000000008d400000| Untracked 
| 213|0x000000008d500000, 0x000000008d500000, 0x000000008d600000|  0%| F|  |TAMS 0x000000008d500000, 0x000000008d500000| Untracked 
| 214|0x000000008d600000, 0x000000008d600000, 0x000000008d700000|  0%| F|  |TAMS 0x000000008d600000, 0x000000008d600000| Untracked 
| 215|0x000000008d700000, 0x000000008d700000, 0x000000008d800000|  0%| F|  |TAMS 0x000000008d700000, 0x000000008d700000| Untracked 
| 216|0x000000008d800000, 0x000000008d800000, 0x000000008d900000|  0%| F|  |TAMS 0x000000008d800000, 0x000000008d800000| Untracked 
| 217|0x000000008d900000, 0x000000008d900000, 0x000000008da00000|  0%| F|  |TAMS 0x000000008d900000, 0x000000008d900000| Untracked 
| 218|0x000000008da00000, 0x000000008da00000, 0x000000008db00000|  0%| F|  |TAMS 0x000000008da00000, 0x000000008da00000| Untracked 
| 219|0x000000008db00000, 0x000000008db00000, 0x000000008dc00000|  0%| F|  |TAMS 0x000000008db00000, 0x000000008db00000| Untracked 
| 220|0x000000008dc00000, 0x000000008dc00000, 0x000000008dd00000|  0%| F|  |TAMS 0x000000008dc00000, 0x000000008dc00000| Untracked 
| 221|0x000000008dd00000, 0x000000008dd00000, 0x000000008de00000|  0%| F|  |TAMS 0x000000008dd00000, 0x000000008dd00000| Untracked 
| 222|0x000000008de00000, 0x000000008de00000, 0x000000008df00000|  0%| F|  |TAMS 0x000000008de00000, 0x000000008de00000| Untracked 
| 223|0x000000008df00000, 0x000000008df00000, 0x000000008e000000|  0%| F|  |TAMS 0x000000008df00000, 0x000000008df00000| Untracked 
| 224|0x000000008e000000, 0x000000008e000000, 0x000000008e100000|  0%| F|  |TAMS 0x000000008e000000, 0x000000008e000000| Untracked 
| 225|0x000000008e100000, 0x000000008e100000, 0x000000008e200000|  0%| F|  |TAMS 0x000000008e100000, 0x000000008e100000| Untracked 
| 226|0x000000008e200000, 0x000000008e200000, 0x000000008e300000|  0%| F|  |TAMS 0x000000008e200000, 0x000000008e200000| Untracked 
| 227|0x000000008e300000, 0x000000008e300000, 0x000000008e400000|  0%| F|  |TAMS 0x000000008e300000, 0x000000008e300000| Untracked 
| 228|0x000000008e400000, 0x000000008e400000, 0x000000008e500000|  0%| F|  |TAMS 0x000000008e400000, 0x000000008e400000| Untracked 
| 229|0x000000008e500000, 0x000000008e500000, 0x000000008e600000|  0%| F|  |TAMS 0x000000008e500000, 0x000000008e500000| Untracked 
| 230|0x000000008e600000, 0x000000008e600000, 0x000000008e700000|  0%| F|  |TAMS 0x000000008e600000, 0x000000008e600000| Untracked 
| 231|0x000000008e700000, 0x000000008e700000, 0x000000008e800000|  0%| F|  |TAMS 0x000000008e700000, 0x000000008e700000| Untracked 
| 232|0x000000008e800000, 0x000000008e800000, 0x000000008e900000|  0%| F|  |TAMS 0x000000008e800000, 0x000000008e800000| Untracked 
| 233|0x000000008e900000, 0x000000008e900000, 0x000000008ea00000|  0%| F|  |TAMS 0x000000008e900000, 0x000000008e900000| Untracked 
| 234|0x000000008ea00000, 0x000000008ea00000, 0x000000008eb00000|  0%| F|  |TAMS 0x000000008ea00000, 0x000000008ea00000| Untracked 
| 235|0x000000008eb00000, 0x000000008eb00000, 0x000000008ec00000|  0%| F|  |TAMS 0x000000008eb00000, 0x000000008eb00000| Untracked 
| 236|0x000000008ec00000, 0x000000008ec00000, 0x000000008ed00000|  0%| F|  |TAMS 0x000000008ec00000, 0x000000008ec00000| Untracked 
| 237|0x000000008ed00000, 0x000000008ed00000, 0x000000008ee00000|  0%| F|  |TAMS 0x000000008ed00000, 0x000000008ed00000| Untracked 
| 238|0x000000008ee00000, 0x000000008ee00000, 0x000000008ef00000|  0%| F|  |TAMS 0x000000008ee00000, 0x000000008ee00000| Untracked 
| 239|0x000000008ef00000, 0x000000008ef00000, 0x000000008f000000|  0%| F|  |TAMS 0x000000008ef00000, 0x000000008ef00000| Untracked 
| 240|0x000000008f000000, 0x000000008f000000, 0x000000008f100000|  0%| F|  |TAMS 0x000000008f000000, 0x000000008f000000| Untracked 
| 241|0x000000008f100000, 0x000000008f100000, 0x000000008f200000|  0%| F|  |TAMS 0x000000008f100000, 0x000000008f100000| Untracked 
| 242|0x000000008f200000, 0x000000008f200000, 0x000000008f300000|  0%| F|  |TAMS 0x000000008f200000, 0x000000008f200000| Untracked 
| 243|0x000000008f300000, 0x000000008f300000, 0x000000008f400000|  0%| F|  |TAMS 0x000000008f300000, 0x000000008f300000| Untracked 
| 244|0x000000008f400000, 0x000000008f400000, 0x000000008f500000|  0%| F|  |TAMS 0x000000008f400000, 0x000000008f400000| Untracked 
| 245|0x000000008f500000, 0x000000008f500000, 0x000000008f600000|  0%| F|  |TAMS 0x000000008f500000, 0x000000008f500000| Untracked 
| 246|0x000000008f600000, 0x000000008f600000, 0x000000008f700000|  0%| F|  |TAMS 0x000000008f600000, 0x000000008f600000| Untracked 
| 247|0x000000008f700000, 0x000000008f700000, 0x000000008f800000|  0%| F|  |TAMS 0x000000008f700000, 0x000000008f700000| Untracked 
| 248|0x000000008f800000, 0x000000008f800000, 0x000000008f900000|  0%| F|  |TAMS 0x000000008f800000, 0x000000008f800000| Untracked 
| 249|0x000000008f900000, 0x000000008f900000, 0x000000008fa00000|  0%| F|  |TAMS 0x000000008f900000, 0x000000008f900000| Untracked 
| 250|0x000000008fa00000, 0x000000008fa00000, 0x000000008fb00000|  0%| F|  |TAMS 0x000000008fa00000, 0x000000008fa00000| Untracked 
| 251|0x000000008fb00000, 0x000000008fb00000, 0x000000008fc00000|  0%| F|  |TAMS 0x000000008fb00000, 0x000000008fb00000| Untracked 
| 252|0x000000008fc00000, 0x000000008fc00000, 0x000000008fd00000|  0%| F|  |TAMS 0x000000008fc00000, 0x000000008fc00000| Untracked 
| 253|0x000000008fd00000, 0x000000008fd00000, 0x000000008fe00000|  0%| F|  |TAMS 0x000000008fd00000, 0x000000008fd00000| Untracked 
| 254|0x000000008fe00000, 0x000000008fe00000, 0x000000008ff00000|  0%| F|  |TAMS 0x000000008fe00000, 0x000000008fe00000| Untracked 
| 255|0x000000008ff00000, 0x000000008ff00000, 0x0000000090000000|  0%| F|  |TAMS 0x000000008ff00000, 0x000000008ff00000| Untracked 
| 256|0x0000000090000000, 0x0000000090000000, 0x0000000090100000|  0%| F|  |TAMS 0x0000000090000000, 0x0000000090000000| Untracked 
| 257|0x0000000090100000, 0x0000000090100000, 0x0000000090200000|  0%| F|  |TAMS 0x0000000090100000, 0x0000000090100000| Untracked 
| 258|0x0000000090200000, 0x0000000090200000, 0x0000000090300000|  0%| F|  |TAMS 0x0000000090200000, 0x0000000090200000| Untracked 
| 259|0x0000000090300000, 0x0000000090300000, 0x0000000090400000|  0%| F|  |TAMS 0x0000000090300000, 0x0000000090300000| Untracked 
| 260|0x0000000090400000, 0x0000000090400000, 0x0000000090500000|  0%| F|  |TAMS 0x0000000090400000, 0x0000000090400000| Untracked 
| 261|0x0000000090500000, 0x0000000090500000, 0x0000000090600000|  0%| F|  |TAMS 0x0000000090500000, 0x0000000090500000| Untracked 
| 262|0x0000000090600000, 0x0000000090600000, 0x0000000090700000|  0%| F|  |TAMS 0x0000000090600000, 0x0000000090600000| Untracked 
| 263|0x0000000090700000, 0x0000000090700000, 0x0000000090800000|  0%| F|  |TAMS 0x0000000090700000, 0x0000000090700000| Untracked 
| 264|0x0000000090800000, 0x0000000090800000, 0x0000000090900000|  0%| F|  |TAMS 0x0000000090800000, 0x0000000090800000| Untracked 
| 265|0x0000000090900000, 0x0000000090900000, 0x0000000090a00000|  0%| F|  |TAMS 0x0000000090900000, 0x0000000090900000| Untracked 
| 266|0x0000000090a00000, 0x0000000090a00000, 0x0000000090b00000|  0%| F|  |TAMS 0x0000000090a00000, 0x0000000090a00000| Untracked 
| 267|0x0000000090b00000, 0x0000000090b00000, 0x0000000090c00000|  0%| F|  |TAMS 0x0000000090b00000, 0x0000000090b00000| Untracked 
| 268|0x0000000090c00000, 0x0000000090c00000, 0x0000000090d00000|  0%| F|  |TAMS 0x0000000090c00000, 0x0000000090c00000| Untracked 
| 269|0x0000000090d00000, 0x0000000090d00000, 0x0000000090e00000|  0%| F|  |TAMS 0x0000000090d00000, 0x0000000090d00000| Untracked 
| 270|0x0000000090e00000, 0x0000000090e00000, 0x0000000090f00000|  0%| F|  |TAMS 0x0000000090e00000, 0x0000000090e00000| Untracked 
| 271|0x0000000090f00000, 0x0000000090f00000, 0x0000000091000000|  0%| F|  |TAMS 0x0000000090f00000, 0x0000000090f00000| Untracked 
| 272|0x0000000091000000, 0x0000000091000000, 0x0000000091100000|  0%| F|  |TAMS 0x0000000091000000, 0x0000000091000000| Untracked 
| 273|0x0000000091100000, 0x0000000091100000, 0x0000000091200000|  0%| F|  |TAMS 0x0000000091100000, 0x0000000091100000| Untracked 
| 274|0x0000000091200000, 0x0000000091200000, 0x0000000091300000|  0%| F|  |TAMS 0x0000000091200000, 0x0000000091200000| Untracked 
| 275|0x0000000091300000, 0x0000000091300000, 0x0000000091400000|  0%| F|  |TAMS 0x0000000091300000, 0x0000000091300000| Untracked 
| 276|0x0000000091400000, 0x0000000091400000, 0x0000000091500000|  0%| F|  |TAMS 0x0000000091400000, 0x0000000091400000| Untracked 
| 277|0x0000000091500000, 0x0000000091500000, 0x0000000091600000|  0%| F|  |TAMS 0x0000000091500000, 0x0000000091500000| Untracked 
| 278|0x0000000091600000, 0x0000000091600000, 0x0000000091700000|  0%| F|  |TAMS 0x0000000091600000, 0x0000000091600000| Untracked 
| 279|0x0000000091700000, 0x0000000091700000, 0x0000000091800000|  0%| F|  |TAMS 0x0000000091700000, 0x0000000091700000| Untracked 
| 280|0x0000000091800000, 0x0000000091800000, 0x0000000091900000|  0%| F|  |TAMS 0x0000000091800000, 0x0000000091800000| Untracked 
| 281|0x0000000091900000, 0x0000000091900000, 0x0000000091a00000|  0%| F|  |TAMS 0x0000000091900000, 0x0000000091900000| Untracked 
| 282|0x0000000091a00000, 0x0000000091a00000, 0x0000000091b00000|  0%| F|  |TAMS 0x0000000091a00000, 0x0000000091a00000| Untracked 
| 283|0x0000000091b00000, 0x0000000091b00000, 0x0000000091c00000|  0%| F|  |TAMS 0x0000000091b00000, 0x0000000091b00000| Untracked 
| 284|0x0000000091c00000, 0x0000000091c00000, 0x0000000091d00000|  0%| F|  |TAMS 0x0000000091c00000, 0x0000000091c00000| Untracked 
| 285|0x0000000091d00000, 0x0000000091d00000, 0x0000000091e00000|  0%| F|  |TAMS 0x0000000091d00000, 0x0000000091d00000| Untracked 
| 286|0x0000000091e00000, 0x0000000091e00000, 0x0000000091f00000|  0%| F|  |TAMS 0x0000000091e00000, 0x0000000091e00000| Untracked 
|2046|0x00000000ffe00000, 0x00000000ffe75000, 0x00000000fff00000| 45%|OA|  |TAMS 0x00000000ffe75000, 0x00000000ffe00000| Untracked 
|2047|0x00000000fff00000, 0x00000000fff78000, 0x0000000100000000| 46%|CA|  |TAMS 0x00000000fff78000, 0x00000000fff00000| Untracked 

Card table byte_map: [0x00007f87306ae000,0x00007f8730aae000] _byte_map_base: 0x00007f87302ae000

Marking Bits (Prev, Next): (CMBitMap*) 0x00007f872c0764d0, (CMBitMap*) 0x00007f872c076510
 Prev Bits: [0x00007f8713511000, 0x00007f8715511000)
 Next Bits: [0x00007f8711511000, 0x00007f8713511000)

Polling page: 0x00007f8732c71000

Metaspace:

Usage:
  Non-class:     93.17 MB used.
      Class:     14.26 MB used.
       Both:    107.43 MB used.

Virtual space:
  Non-class space:      128.00 MB reserved,      93.56 MB ( 73%) committed,  2 nodes.
      Class space:        1.00 GB reserved,      14.62 MB (  1%) committed,  1 nodes.
             Both:        1.12 GB reserved,     108.19 MB (  9%) committed. 

Chunk freelists:
   Non-Class:  2.22 MB
       Class:  1.42 MB
        Both:  3.64 MB

MaxMetaspaceSize: unlimited
CompressedClassSpaceSize: 1.00 GB
Initial GC threshold: 21.00 MB
Current GC threshold: 169.81 MB
CDS: on
MetaspaceReclaimPolicy: balanced
 - commit_granule_bytes: 65536.
 - commit_granule_words: 8192.
 - virtual_space_node_default_size: 8388608.
 - enlarge_chunks_in_place: 1.
 - new_chunks_are_fully_committed: 0.
 - uncommit_free_chunks: 1.
 - use_allocation_guard: 0.
 - handle_deallocations: 1.


Internal statistics:

num_allocs_failed_limit: 12.
num_arena_births: 1154.
num_arena_deaths: 0.
num_vsnodes_births: 3.
num_vsnodes_deaths: 0.
num_space_committed: 1729.
num_space_uncommitted: 0.
num_chunks_returned_to_freelist: 12.
num_chunks_taken_from_freelist: 5597.
num_chunk_merges: 9.
num_chunk_splits: 3685.
num_chunks_enlarged: 2472.
num_inconsistent_stats: 0.

CodeHeap 'non-profiled nmethods': size=120036Kb used=6591Kb max_used=6591Kb free=113445Kb
 bounds [0x00007f871cfd8000, 0x00007f871d648000, 0x00007f8724511000]
CodeHeap 'profiled nmethods': size=120032Kb used=26382Kb max_used=26382Kb free=93649Kb
 bounds [0x00007f8715511000, 0x00007f8716ee1000, 0x00007f871ca49000]
CodeHeap 'non-nmethods': size=5692Kb used=2468Kb max_used=2539Kb free=3223Kb
 bounds [0x00007f871ca49000, 0x00007f871cce9000, 0x00007f871cfd8000]
 total_blobs=14937 nmethods=13928 adapters=920
 compilation: enabled
              stopped_count=0, restarted_count=0
 full_count=0

Compilation events (20 events):
Event: 119.395 Thread 0x00007f872c0e4ff0 nmethod 17547 0x00007f871d646d10 code [0x00007f871d646ea0, 0x00007f871d646f70]
Event: 119.395 Thread 0x00007f872c0e4ff0 17548       2       org.jetbrains.kotlin.name.FqName::toUnsafe (13 bytes)
Event: 119.395 Thread 0x00007f872c0e4ff0 nmethod 17548 0x00007f8715ce9b90 code [0x00007f8715ce9d40, 0x00007f8715ce9e80]
Event: 119.395 Thread 0x00007f872c0e4ff0 17549   !   2       java.io.FilterOutputStream::close (183 bytes)
Event: 119.395 Thread 0x00007f872c0e4ff0 nmethod 17549 0x00007f8715ce9190 code [0x00007f8715ce93a0, 0x00007f8715ce98d0]
Event: 119.396 Thread 0x00007f872c0e4ff0 17550       1       org.jetbrains.kotlin.metadata.jvm.JvmProtoBuf$JvmMethodSignature::getDesc (5 bytes)
Event: 119.396 Thread 0x00007f872c0e4ff0 nmethod 17550 0x00007f871d647010 code [0x00007f871d6471a0, 0x00007f871d647270]
Event: 119.397 Thread 0x00007f872c0e4ff0 17551       1       java.lang.management.DefaultPlatformMBeanProvider$3::mbeanInterfaceNames (5 bytes)
Event: 119.398 Thread 0x00007f872c0e4ff0 nmethod 17551 0x00007f871d647310 code [0x00007f871d6474a0, 0x00007f871d647570]
Event: 119.398 Thread 0x00007f872c0e4ff0 17552       1       java.lang.management.DefaultPlatformMBeanProvider$1::mbeanInterfaceNames (5 bytes)
Event: 119.398 Thread 0x00007f872c0e4ff0 nmethod 17552 0x00007f871d647610 code [0x00007f871d6477a0, 0x00007f871d647870]
Event: 119.398 Thread 0x00007f872c0e4ff0 17553       2       org.jetbrains.kotlin.protobuf.ExtensionRegistryLite$ObjectIntPair::hashCode (16 bytes)
Event: 119.399 Thread 0x00007f872c0e4ff0 nmethod 17553 0x00007f8716001690 code [0x00007f8716001840, 0x00007f8716001980]
Event: 119.399 Thread 0x00007f872c0e4ff0 17554       1       org.jetbrains.kotlin.protobuf.GeneratedMessageLite$GeneratedExtension::getContainingTypeDefaultInstance (5 bytes)
Event: 119.399 Thread 0x00007f872c0e4ff0 nmethod 17554 0x00007f871d647910 code [0x00007f871d647aa0, 0x00007f871d647b70]
Event: 119.401 Thread 0x00007f872c0e4ff0 17555       2       org.jetbrains.kotlin.resolve.jvm.JvmClassName::equals (39 bytes)
Event: 119.401 Thread 0x00007f872c0e4ff0 nmethod 17555 0x00007f8716170310 code [0x00007f87161704c0, 0x00007f87161706e0]
Event: 119.404 Thread 0x00007f872c0e4ff0 17556       2       java.util.ArrayList::trimToSize (51 bytes)
Event: 119.404 Thread 0x00007f872c0e4ff0 nmethod 17556 0x00007f8715ce8d10 code [0x00007f8715ce8ec0, 0x00007f8715ce9080]
Event: 119.404 Thread 0x00007f872c0e4ff0 17557   !   2       org.jetbrains.kotlin.metadata.ProtoBuf$ValueParameter::<init> (513 bytes)

GC Heap History (20 events):
Event: 17.066 GC heap after
{Heap after GC invocations=43 (full 0):
 garbage-first heap   total 126976K, used 64704K [0x0000000080000000, 0x0000000100000000)
  region size 1024K, 2 young (2048K), 2 survivors (2048K)
 Metaspace       used 53457K, committed 54016K, reserved 1114112K
  class space    used 7327K, committed 7552K, reserved 1048576K
}
Event: 17.378 GC heap before
{Heap before GC invocations=43 (full 0):
 garbage-first heap   total 126976K, used 75968K [0x0000000080000000, 0x0000000100000000)
  region size 1024K, 14 young (14336K), 2 survivors (2048K)
 Metaspace       used 55320K, committed 56000K, reserved 1114112K
  class space    used 7548K, committed 7872K, reserved 1048576K
}
Event: 17.385 GC heap after
{Heap after GC invocations=44 (full 0):
 garbage-first heap   total 295936K, used 66210K [0x0000000080000000, 0x0000000100000000)
  region size 1024K, 4 young (4096K), 4 survivors (4096K)
 Metaspace       used 55320K, committed 56000K, reserved 1114112K
  class space    used 7548K, committed 7872K, reserved 1048576K
}
Event: 21.181 GC heap before
{Heap before GC invocations=44 (full 0):
 garbage-first heap   total 295936K, used 219810K [0x0000000080000000, 0x0000000100000000)
  region size 1024K, 141 young (144384K), 4 survivors (4096K)
 Metaspace       used 67774K, committed 68352K, reserved 1114112K
  class space    used 9229K, committed 9472K, reserved 1048576K
}
Event: 21.273 GC heap after
{Heap after GC invocations=45 (full 0):
 garbage-first heap   total 295936K, used 81119K [0x0000000080000000, 0x0000000100000000)
  region size 1024K, 12 young (12288K), 12 survivors (12288K)
 Metaspace       used 67774K, committed 68352K, reserved 1114112K
  class space    used 9229K, committed 9472K, reserved 1048576K
}
Event: 24.974 GC heap before
{Heap before GC invocations=45 (full 0):
 garbage-first heap   total 295936K, used 221407K [0x0000000080000000, 0x0000000100000000)
  region size 1024K, 149 young (152576K), 12 survivors (12288K)
 Metaspace       used 76880K, committed 77504K, reserved 1179648K
  class space    used 10669K, committed 10944K, reserved 1048576K
}
Event: 25.087 GC heap after
{Heap after GC invocations=46 (full 0):
 garbage-first heap   total 295936K, used 88039K [0x0000000080000000, 0x0000000100000000)
  region size 1024K, 16 young (16384K), 16 survivors (16384K)
 Metaspace       used 76880K, committed 77504K, reserved 1179648K
  class space    used 10669K, committed 10944K, reserved 1048576K
}
Event: 28.708 GC heap before
{Heap before GC invocations=46 (full 0):
 garbage-first heap   total 295936K, used 203751K [0x0000000080000000, 0x0000000100000000)
  region size 1024K, 130 young (133120K), 16 survivors (16384K)
 Metaspace       used 86398K, committed 87040K, reserved 1179648K
  class space    used 12109K, committed 12416K, reserved 1048576K
}
Event: 28.812 GC heap after
{Heap after GC invocations=47 (full 0):
 garbage-first heap   total 295936K, used 95146K [0x0000000080000000, 0x0000000100000000)
  region size 1024K, 14 young (14336K), 14 survivors (14336K)
 Metaspace       used 86398K, committed 87040K, reserved 1179648K
  class space    used 12109K, committed 12416K, reserved 1048576K
}
Event: 35.378 GC heap before
{Heap before GC invocations=48 (full 0):
 garbage-first heap   total 295936K, used 238506K [0x0000000080000000, 0x0000000100000000)
  region size 1024K, 150 young (153600K), 14 survivors (14336K)
 Metaspace       used 97908K, committed 98688K, reserved 1179648K
  class space    used 13463K, committed 13824K, reserved 1048576K
}
Event: 35.469 GC heap after
{Heap after GC invocations=49 (full 0):
 garbage-first heap   total 295936K, used 108468K [0x0000000080000000, 0x0000000100000000)
  region size 1024K, 19 young (19456K), 19 survivors (19456K)
 Metaspace       used 97908K, committed 98688K, reserved 1179648K
  class space    used 13463K, committed 13824K, reserved 1048576K
}
Event: 35.493 GC heap before
{Heap before GC invocations=49 (full 0):
 garbage-first heap   total 295936K, used 109492K [0x0000000080000000, 0x0000000100000000)
  region size 1024K, 20 young (20480K), 19 survivors (19456K)
 Metaspace       used 97912K, committed 98688K, reserved 1179648K
  class space    used 13463K, committed 13824K, reserved 1048576K
}
Event: 35.573 GC heap after
{Heap after GC invocations=50 (full 0):
 garbage-first heap   total 295936K, used 109492K [0x0000000080000000, 0x0000000100000000)
  region size 1024K, 1 young (1024K), 1 survivors (1024K)
 Metaspace       used 97912K, committed 98688K, reserved 1179648K
  class space    used 13463K, committed 13824K, reserved 1048576K
}
Event: 57.783 GC heap before
{Heap before GC invocations=50 (full 0):
 garbage-first heap   total 295936K, used 240563K [0x0000000080000000, 0x0000000100000000)
  region size 1024K, 125 young (128000K), 1 survivors (1024K)
 Metaspace       used 103370K, committed 104128K, reserved 1179648K
  class space    used 13931K, committed 14272K, reserved 1048576K
}
Event: 57.818 GC heap after
{Heap after GC invocations=51 (full 0):
 garbage-first heap   total 295936K, used 112468K [0x0000000080000000, 0x0000000100000000)
  region size 1024K, 4 young (4096K), 4 survivors (4096K)
 Metaspace       used 103370K, committed 104128K, reserved 1179648K
  class space    used 13931K, committed 14272K, reserved 1048576K
}
Event: 117.183 GC heap before
{Heap before GC invocations=52 (full 0):
 garbage-first heap   total 295936K, used 239444K [0x0000000080000000, 0x0000000100000000)
  region size 1024K, 129 young (132096K), 4 survivors (4096K)
 Metaspace       used 107261K, committed 108032K, reserved 1179648K
  class space    used 14335K, committed 14720K, reserved 1048576K
}
Event: 117.210 GC heap after
{Heap after GC invocations=53 (full 0):
 garbage-first heap   total 295936K, used 117381K [0x0000000080000000, 0x0000000100000000)
  region size 1024K, 9 young (9216K), 9 survivors (9216K)
 Metaspace       used 107261K, committed 108032K, reserved 1179648K
  class space    used 14335K, committed 14720K, reserved 1048576K
}
Event: 117.278 GC heap before
{Heap before GC invocations=53 (full 0):
 garbage-first heap   total 295936K, used 121477K [0x0000000080000000, 0x0000000100000000)
  region size 1024K, 15 young (15360K), 9 survivors (9216K)
 Metaspace       used 107262K, committed 108032K, reserved 1179648K
  class space    used 14335K, committed 14720K, reserved 1048576K
}
Event: 117.299 GC heap after
{Heap after GC invocations=54 (full 0):
 garbage-first heap   total 295936K, used 117677K [0x0000000080000000, 0x0000000100000000)
  region size 1024K, 1 young (1024K), 1 survivors (1024K)
 Metaspace       used 107262K, committed 108032K, reserved 1179648K
  class space    used 14335K, committed 14720K, reserved 1048576K
}
Event: 119.406 GC heap before
{Heap before GC invocations=54 (full 0):
 garbage-first heap   total 295936K, used 242605K [0x0000000080000000, 0x0000000100000000)
  region size 1024K, 124 young (126976K), 1 survivors (1024K)
 Metaspace       used 110006K, committed 110784K, reserved 1179648K
  class space    used 14598K, committed 14976K, reserved 1048576K
}

Dll operation events (14 events):
Event: 0.012 Loaded shared library /usr/lib/jvm/java-17-openjdk-amd64/lib/libjava.so
Event: 0.074 Loaded shared library /usr/lib/jvm/java-17-openjdk-amd64/lib/libjsvml.so
Event: 0.120 Loaded shared library /usr/lib/jvm/java-17-openjdk-amd64/lib/libzip.so
Event: 0.122 Loaded shared library /usr/lib/jvm/java-17-openjdk-amd64/lib/libinstrument.so
Event: 0.123 Loaded shared library /usr/lib/jvm/java-17-openjdk-amd64/lib/libnio.so
Event: 0.166 Loaded shared library /usr/lib/jvm/java-17-openjdk-amd64/lib/libzip.so
Event: 0.472 Loaded shared library /usr/lib/jvm/java-17-openjdk-amd64/lib/libjimage.so
Event: 0.606 Loaded shared library /usr/lib/jvm/java-17-openjdk-amd64/lib/libverify.so
Event: 0.981 Loaded shared library /usr/lib/jvm/java-17-openjdk-amd64/lib/libnet.so
Event: 0.982 Loaded shared library /root/.gradle/native/c067742578af261105cb4f569cf0c3c89f3d7b1fecec35dd04571415982c5e48/linux-amd64/libnative-platform.so
Event: 0.988 Loaded shared library /root/.gradle/native/100fb08df4bc3b14c8652ba06237920a3bd2aa13389f12d3474272988ae205f9/linux-amd64/libnative-platform-file-events.so
Event: 2.309 Loaded shared library /usr/lib/jvm/java-17-openjdk-amd64/lib/libmanagement.so
Event: 2.310 Loaded shared library /usr/lib/jvm/java-17-openjdk-amd64/lib/libmanagement_ext.so
Event: 2.603 Loaded shared library /usr/lib/jvm/java-17-openjdk-amd64/lib/libextnet.so

Deoptimization events (20 events):
Event: 118.968 Thread 0x00007f869003b3c0 Uncommon trap: trap_request=0xffffff45 fr.pc=0x00007f871d626ccc relative=0x000000000000070c
Event: 118.968 Thread 0x00007f869003b3c0 Uncommon trap: reason=unstable_if action=reinterpret pc=0x00007f871d626ccc method=org.jetbrains.org.objectweb.asm.ClassReader.readUtf(II[C)Ljava/lang/String; @ 41 c2
Event: 118.968 Thread 0x00007f869003b3c0 DEOPT PACKING pc=0x00007f871d626ccc sp=0x00007f86b18e3130
Event: 118.968 Thread 0x00007f869003b3c0 DEOPT UNPACKING pc=0x00007f871caa2b19 sp=0x00007f86b18e30d8 mode 2
Event: 119.108 Thread 0x0000559571b92670 Uncommon trap: trap_request=0xffffff45 fr.pc=0x00007f871d62d6c0 relative=0x0000000000000760
Event: 119.108 Thread 0x0000559571b92670 Uncommon trap: reason=unstable_if action=reinterpret pc=0x00007f871d62d6c0 method=org.jetbrains.kotlin.com.intellij.util.io.IOUtil.writeString(Ljava/lang/String;Ljava/io/DataOutput;)V @ 34 c2
Event: 119.108 Thread 0x0000559571b92670 DEOPT PACKING pc=0x00007f871d62d6c0 sp=0x00007f86b2bf2ff0
Event: 119.108 Thread 0x0000559571b92670 DEOPT UNPACKING pc=0x00007f871caa2b19 sp=0x00007f86b2bf2f98 mode 2
Event: 119.180 Thread 0x0000559571b92670 DEOPT PACKING pc=0x00007f8716e5bae9 sp=0x00007f86b2bf2ce0
Event: 119.180 Thread 0x0000559571b92670 DEOPT UNPACKING pc=0x00007f871caa364f sp=0x00007f86b2bf2210 mode 0
Event: 119.285 Thread 0x0000559571b92670 DEOPT PACKING pc=0x00007f8716e5bae9 sp=0x00007f86b2bf2cf0
Event: 119.285 Thread 0x0000559571b92670 DEOPT UNPACKING pc=0x00007f871caa364f sp=0x00007f86b2bf2220 mode 0
Event: 119.295 Thread 0x00007f869003b3c0 Uncommon trap: trap_request=0xffffffd6 fr.pc=0x00007f871d624154 relative=0x0000000000000e14
Event: 119.295 Thread 0x00007f869003b3c0 Uncommon trap: reason=array_check action=maybe_recompile pc=0x00007f871d624154 method=com.google.common.collect.RegularImmutableMap.fromEntryArrayCheckingBucketOverflow(I[Ljava/util/Map$Entry;Z)Lcom/google/common/collect/ImmutableMap; @ 220 c2
Event: 119.295 Thread 0x00007f869003b3c0 DEOPT PACKING pc=0x00007f871d624154 sp=0x00007f86b18e5200
Event: 119.295 Thread 0x00007f869003b3c0 DEOPT UNPACKING pc=0x00007f871caa2b19 sp=0x00007f86b18e5050 mode 2
Event: 119.308 Thread 0x0000559571b92670 DEOPT PACKING pc=0x00007f8716e5bae9 sp=0x00007f86b2bf2a10
Event: 119.308 Thread 0x0000559571b92670 DEOPT UNPACKING pc=0x00007f871caa364f sp=0x00007f86b2bf1f40 mode 0
Event: 119.401 Thread 0x00007f869003b3c0 DEOPT PACKING pc=0x00007f8716e5bae9 sp=0x00007f86b18e35c0
Event: 119.401 Thread 0x00007f869003b3c0 DEOPT UNPACKING pc=0x00007f871caa364f sp=0x00007f86b18e2af0 mode 0

Classes loaded (20 events):
Event: 117.675 Loading class jdk/internal/misc/ScopedMemoryAccess$Scope$Handle
Event: 117.676 Loading class jdk/internal/misc/ScopedMemoryAccess$Scope$Handle done
Event: 117.792 Loading class sun/security/ssl/PreSharedKeyExtension$PskIdentity
Event: 117.793 Loading class sun/security/ssl/PreSharedKeyExtension$PskIdentity done
Event: 117.794 Loading class sun/security/ssl/PreSharedKeyExtension$CHPreSharedKeySpec
Event: 117.794 Loading class sun/security/ssl/PreSharedKeyExtension$CHPreSharedKeySpec done
Event: 117.794 Loading class sun/security/ssl/PreSharedKeyExtension$PartialClientHelloMessage
Event: 117.794 Loading class sun/security/ssl/PreSharedKeyExtension$PartialClientHelloMessage done
Event: 117.794 Loading class sun/security/ssl/SSLEngineOutputRecord
Event: 117.795 Loading class sun/security/ssl/SSLEngineOutputRecord done
Event: 117.795 Loading class sun/security/ssl/SSLEngineOutputRecord$HandshakeFragment
Event: 117.795 Loading class sun/security/ssl/SSLEngineOutputRecord$HandshakeFragment done
Event: 117.795 Loading class sun/security/ssl/SSLEngineOutputRecord$HandshakeMemo
Event: 117.796 Loading class sun/security/ssl/SSLEngineOutputRecord$RecordMemo
Event: 117.796 Loading class sun/security/ssl/SSLEngineOutputRecord$RecordMemo done
Event: 117.796 Loading class sun/security/ssl/SSLEngineOutputRecord$HandshakeMemo done
Event: 117.802 Loading class sun/security/ssl/PreSharedKeyExtension$SHPreSharedKeySpec
Event: 117.803 Loading class sun/security/ssl/PreSharedKeyExtension$SHPreSharedKeySpec done
Event: 118.478 Loading class java/io/UTFDataFormatException
Event: 118.478 Loading class java/io/UTFDataFormatException done

Classes unloaded (0 events):
No events

Classes redefined (0 events):
No events

Internal exceptions (20 events):
Event: 117.416 Thread 0x0000559571b92670 Exception <a 'sun/nio/fs/UnixException'{0x00000000919ad160}> (0x00000000919ad160) 
thrown [./src/hotspot/share/prims/jni.cpp, line 516]
Event: 117.470 Thread 0x00007f869033ee30 Exception <a 'sun/nio/fs/UnixException'{0x00000000917a1510}> (0x00000000917a1510) 
thrown [./src/hotspot/share/prims/jni.cpp, line 516]
Event: 117.480 Thread 0x0000559571b92670 Exception <a 'sun/nio/fs/UnixException'{0x000000009152e6d8}> (0x000000009152e6d8) 
thrown [./src/hotspot/share/prims/jni.cpp, line 516]
Event: 117.487 Thread 0x00007f869033ee30 Exception <a 'sun/nio/fs/UnixException'{0x0000000091468e20}> (0x0000000091468e20) 
thrown [./src/hotspot/share/prims/jni.cpp, line 516]
Event: 117.501 Thread 0x0000559571b92670 Exception <a 'sun/nio/fs/UnixException'{0x000000009136e560}> (0x000000009136e560) 
thrown [./src/hotspot/share/prims/jni.cpp, line 516]
Event: 117.503 Thread 0x00007f869033ee30 Exception <a 'sun/nio/fs/UnixException'{0x000000009126ced8}> (0x000000009126ced8) 
thrown [./src/hotspot/share/prims/jni.cpp, line 516]
Event: 117.567 Thread 0x0000559571b92670 Implicit null exception at 0x00007f871d5ed428 to 0x00007f871d5edc74
Event: 117.573 Thread 0x0000559571b92670 Exception <a 'sun/nio/fs/UnixException'{0x00000000910a31e0}> (0x00000000910a31e0) 
thrown [./src/hotspot/share/prims/jni.cpp, line 516]
Event: 117.589 Thread 0x00007f869033ee30 Exception <a 'sun/nio/fs/UnixException'{0x0000000090f2e378}> (0x0000000090f2e378) 
thrown [./src/hotspot/share/prims/jni.cpp, line 516]
Event: 117.699 Thread 0x0000559571b92670 Exception <a 'sun/nio/fs/UnixException'{0x0000000090c39e58}> (0x0000000090c39e58) 
thrown [./src/hotspot/share/prims/jni.cpp, line 516]
Event: 117.703 Thread 0x00007f869033ee30 Exception <a 'sun/nio/fs/UnixException'{0x000000008f878d00}> (0x000000008f878d00) 
thrown [./src/hotspot/share/prims/jni.cpp, line 516]
Event: 117.883 Thread 0x0000559571b92670 Exception <a 'sun/nio/fs/UnixException'{0x000000008f3ce218}> (0x000000008f3ce218) 
thrown [./src/hotspot/share/prims/jni.cpp, line 516]
Event: 117.890 Thread 0x0000559571b92670 Exception <a 'sun/nio/fs/UnixException'{0x000000008f13bad0}> (0x000000008f13bad0) 
thrown [./src/hotspot/share/prims/jni.cpp, line 516]
Event: 117.897 Thread 0x0000559571b92670 Exception <a 'sun/nio/fs/UnixException'{0x000000008f0122e8}> (0x000000008f0122e8) 
thrown [./src/hotspot/share/prims/jni.cpp, line 516]
Event: 117.915 Thread 0x0000559571b92670 Exception <a 'sun/nio/fs/UnixException'{0x000000008f0dad48}> (0x000000008f0dad48) 
thrown [./src/hotspot/share/prims/jni.cpp, line 516]
Event: 117.968 Thread 0x0000559571b92670 Exception <a 'sun/nio/fs/UnixException'{0x000000008ef5a9f8}> (0x000000008ef5a9f8) 
thrown [./src/hotspot/share/prims/jni.cpp, line 516]
Event: 117.982 Thread 0x0000559571b92670 Exception <a 'sun/nio/fs/UnixException'{0x000000008ee56fb0}> (0x000000008ee56fb0) 
thrown [./src/hotspot/share/prims/jni.cpp, line 516]
Event: 117.989 Thread 0x0000559571b92670 Exception <a 'sun/nio/fs/UnixException'{0x000000008ed121d8}> (0x000000008ed121d8) 
thrown [./src/hotspot/share/prims/jni.cpp, line 516]
Event: 118.006 Thread 0x0000559571b92670 Exception <a 'sun/nio/fs/UnixException'{0x000000008edae510}> (0x000000008edae510) 
thrown [./src/hotspot/share/prims/jni.cpp, line 516]
Event: 118.077 Thread 0x0000559571b92670 Exception <a 'sun/nio/fs/UnixException'{0x000000008ecb6a20}> (0x000000008ecb6a20) 
thrown [./src/hotspot/share/prims/jni.cpp, line 516]

VM Operations (20 events):
Event: 116.920 Executing VM operation: HandshakeAllThreads done
Event: 116.998 Executing VM operation: ICBufferFull
Event: 116.999 Executing VM operation: ICBufferFull done
Event: 117.183 Executing VM operation: G1CollectForAllocation
Event: 117.210 Executing VM operation: G1CollectForAllocation done
Event: 117.276 Executing VM operation: G1CollectForAllocation
Event: 117.276 Executing VM operation: G1CollectForAllocation done
Event: 117.278 Executing VM operation: G1CollectForAllocation
Event: 117.299 Executing VM operation: G1CollectForAllocation done
Event: 117.880 Executing VM operation: ICBufferFull
Event: 117.880 Executing VM operation: ICBufferFull done
Event: 118.518 Executing VM operation: HandshakeAllThreads
Event: 118.518 Executing VM operation: HandshakeAllThreads done
Event: 118.766 Executing VM operation: ICBufferFull
Event: 118.766 Executing VM operation: ICBufferFull done
Event: 119.310 Executing VM operation: HandshakeAllThreads
Event: 119.370 Executing VM operation: HandshakeAllThreads done
Event: 119.403 Executing VM operation: ICBufferFull
Event: 119.403 Executing VM operation: ICBufferFull done
Event: 119.405 Executing VM operation: G1CollectForAllocation

Memory protections (20 events):
Event: 30.996 Protecting memory [0x00007f86b28fa000,0x00007f86b28fe000] with protection modes 0
Event: 32.991 Protecting memory [0x00007f86b27f9000,0x00007f86b27fd000] with protection modes 0
Event: 33.108 Protecting memory [0x00007f86b26f8000,0x00007f86b26fc000] with protection modes 0
Event: 36.892 Protecting memory [0x00007f86b25f7000,0x00007f86b25fb000] with protection modes 0
Event: 43.285 Protecting memory [0x00007f86b24f6000,0x00007f86b24fa000] with protection modes 0
Event: 47.667 Protecting memory [0x00007f86b23f5000,0x00007f86b23f9000] with protection modes 0
Event: 53.490 Protecting memory [0x00007f86b22f4000,0x00007f86b22f8000] with protection modes 0
Event: 65.599 Protecting memory [0x00007f86b21f3000,0x00007f86b21f7000] with protection modes 0
Event: 66.295 Protecting memory [0x00007f86b20f2000,0x00007f86b20f6000] with protection modes 0
Event: 67.674 Protecting memory [0x00007f86b1ff1000,0x00007f86b1ff5000] with protection modes 0
Event: 67.970 Protecting memory [0x00007f871008e000,0x00007f8710092000] with protection modes 0
Event: 68.484 Protecting memory [0x00007f86b1ef0000,0x00007f86b1ef4000] with protection modes 0
Event: 68.488 Protecting memory [0x00007f86b1def000,0x00007f86b1df3000] with protection modes 0
Event: 77.997 Protecting memory [0x00007f871006b000,0x00007f871006f000] with protection modes 0
Event: 78.094 Protecting memory [0x00007f86b1cee000,0x00007f86b1cf2000] with protection modes 0
Event: 78.179 Protecting memory [0x00007f86b1bed000,0x00007f86b1bf1000] with protection modes 0
Event: 114.608 Protecting memory [0x00007f86b1aec000,0x00007f86b1af0000] with protection modes 0
Event: 116.688 Protecting memory [0x00007f86b19eb000,0x00007f86b19ef000] with protection modes 0
Event: 117.004 Protecting memory [0x00007f86b18ea000,0x00007f86b18ee000] with protection modes 0
Event: 118.273 Protecting memory [0x00007f86b17e9000,0x00007f86b17ed000] with protection modes 0

Nmethod flushes (20 events):
Event: 74.075 Thread 0x00007f872c0e6460 flushing  nmethod 0x00007f8716b78790
Event: 74.075 Thread 0x00007f872c0e6460 flushing  nmethod 0x00007f8716bac110
Event: 74.075 Thread 0x00007f872c0e6460 flushing  nmethod 0x00007f8716bbaa10
Event: 74.075 Thread 0x00007f872c0e6460 flushing  nmethod 0x00007f8716bd8890
Event: 74.075 Thread 0x00007f872c0e6460 flushing  nmethod 0x00007f8716bde190
Event: 74.075 Thread 0x00007f872c0e6460 flushing  nmethod 0x00007f8716bdf810
Event: 74.075 Thread 0x00007f872c0e6460 flushing  nmethod 0x00007f8716bdfb90
Event: 74.075 Thread 0x00007f872c0e6460 flushing  nmethod 0x00007f8716bf5090
Event: 74.075 Thread 0x00007f872c0e6460 flushing  nmethod 0x00007f8716c1ca10
Event: 74.075 Thread 0x00007f872c0e6460 flushing  nmethod 0x00007f8716c1d290
Event: 74.075 Thread 0x00007f872c0e6460 flushing  nmethod 0x00007f8716c1ea90
Event: 74.076 Thread 0x00007f872c0e6460 flushing  nmethod 0x00007f8716c63e10
Event: 74.076 Thread 0x00007f872c0e6460 flushing  nmethod 0x00007f8716c65610
Event: 74.078 Thread 0x00007f872c0e6460 flushing  nmethod 0x00007f8716d2a510
Event: 119.372 Thread 0x00007f872c0e6460 flushing  nmethod 0x00007f871d288290
Event: 119.373 Thread 0x00007f872c0e6460 flushing  nmethod 0x00007f871d587590
Event: 119.381 Thread 0x00007f872c0e6460 flushing  nmethod 0x00007f8715993910
Event: 119.383 Thread 0x00007f872c0e6460 flushing  nmethod 0x00007f8715ce7f90
Event: 119.395 Thread 0x00007f872c0e6460 flushing  nmethod 0x00007f8716001690
Event: 119.398 Thread 0x00007f872c0e6460 flushing  nmethod 0x00007f8716170310

Events (20 events):
Event: 30.995 Thread 0x0000559571b92670 Thread added: 0x00007f8690369c90
Event: 32.990 Thread 0x0000559571b92670 Thread added: 0x00007f8690390760
Event: 33.108 Thread 0x00007f86fe204c20 Thread added: 0x0000559571bb1890
Event: 36.877 Thread 0x0000559571b92670 Thread added: 0x00007f86903346a0
Event: 43.282 Thread 0x00007f86fe204c20 Thread added: 0x0000559571ba88f0
Event: 47.595 Thread 0x0000559571b92670 Thread added: 0x00007f86900a4c60
Event: 53.490 Thread 0x0000559571b92670 Thread added: 0x00007f869008bd80
Event: 65.597 Thread 0x00007f86fe204c20 Thread added: 0x0000559571bb88a0
Event: 66.293 Thread 0x00007f86fe204c20 Thread added: 0x0000559571bca3f0
Event: 67.674 Thread 0x00007f86fe204c20 Thread added: 0x0000559571c10d30
Event: 67.969 Thread 0x00007f86fe204c20 Thread added: 0x0000559571bc13e0
Event: 68.478 Thread 0x00007f86fe204c20 Thread added: 0x0000559571bc3420
Event: 68.487 Thread 0x00007f86fe204c20 Thread added: 0x0000559571bc4ec0
Event: 77.989 Thread 0x0000559571bca3f0 Thread added: 0x00007f86fc7c1fc0
Event: 78.089 Thread 0x0000559571bca3f0 Thread added: 0x00007f86fc423fd0
Event: 78.166 Thread 0x0000559571bca3f0 Thread added: 0x00007f86fc424f90
Event: 114.603 Thread 0x00007f86fe204c20 Thread added: 0x0000559571bff0c0
Event: 116.687 Thread 0x0000559571b92670 Thread added: 0x00007f8690079bb0
Event: 117.000 Thread 0x0000559571b92670 Thread added: 0x00007f869033ee30
Event: 118.270 Thread 0x0000559571b92670 Thread added: 0x00007f869003b3c0


Dynamic libraries:
80000000-91f00000 rw-p 00000000 00:00 0 
b3100000-ffe00000 ---p 00000000 00:00 0 
ffe00000-ffe75000 rw-p 00c7a000 00:25 13853                              /usr/lib/jvm/java-17-openjdk-amd64/lib/server/classes.jsa
ffe75000-fff00000 rw-p 00000000 00:00 0 
fff00000-fff78000 rw-p 00c02000 00:25 13853                              /usr/lib/jvm/java-17-openjdk-amd64/lib/server/classes.jsa
fff78000-100000000 rw-p 00000000 00:00 0 
559570f33000-559570f34000 r--p 00000000 00:25 13495                      /usr/lib/jvm/java-17-openjdk-amd64/bin/java
559570f34000-559570f35000 r-xp 00001000 00:25 13495                      /usr/lib/jvm/java-17-openjdk-amd64/bin/java
559570f35000-559570f36000 r--p 00002000 00:25 13495                      /usr/lib/jvm/java-17-openjdk-amd64/bin/java
559570f36000-559570f37000 r--p 00002000 00:25 13495                      /usr/lib/jvm/java-17-openjdk-amd64/bin/java
559570f37000-559570f38000 rw-p 00003000 00:25 13495                      /usr/lib/jvm/java-17-openjdk-amd64/bin/java
559571b59000-559571c9d000 rw-p 00000000 00:00 0                          [heap]
7f8688000000-7f8688700000 rw-p 00000000 00:00 0 
7f8688700000-7f8688800000 rw-p 00000000 00:00 0 
7f8688800000-7f8688b00000 rw-p 00000000 00:00 0 
7f8688b00000-7f8688c80000 rw-p 00000000 00:00 0 
7f8688c80000-7f8688d00000 rw-p 00000000 00:00 0 
7f8688d00000-7f8688f00000 rw-p 00000000 00:00 0 
7f8688f00000-7f86893e0000 rw-p 00000000 00:00 0 
7f86893e0000-7f8689440000 rw-p 00000000 00:00 0 
7f8689440000-7f8689500000 rw-p 00000000 00:00 0 
7f8689500000-7f86895c0000 rw-p 00000000 00:00 0 
7f86895c0000-7f8689600000 ---p 00000000 00:00 0 
7f8689600000-7f8689dd0000 rw-p 00000000 00:00 0 
7f8689dd0000-7f868c000000 ---p 00000000 00:00 0 
7f868c000000-7f868c9c3000 rw-p 00000000 00:00 0 
7f868c9c3000-7f8690000000 ---p 00000000 00:00 0 
7f8690000000-7f8690520000 rw-p 00000000 00:00 0 
7f8690520000-7f8694000000 ---p 00000000 00:00 0 
7f8694000000-7f86940b8000 rw-p 00000000 00:00 0 
7f86940b8000-7f8698000000 ---p 00000000 00:00 0 
7f8698000000-7f8699b09000 rw-p 00000000 00:00 0 
7f8699b09000-7f869c000000 ---p 00000000 00:00 0 
7f869c000000-7f869c194000 rw-p 00000000 00:00 0 
7f869c194000-7f86a0000000 ---p 00000000 00:00 0 
7f86a0000000-7f86a004a000 rw-p 00000000 00:00 0 
7f86a004a000-7f86a4000000 ---p 00000000 00:00 0 
7f86a4000000-7f86a4024000 rw-p 00000000 00:00 0 
7f86a4024000-7f86a8000000 ---p 00000000 00:00 0 
7f86a8000000-7f86a8021000 rw-p 00000000 00:00 0 
7f86a8021000-7f86ac000000 ---p 00000000 00:00 0 
7f86ac000000-7f86ac237000 rw-p 00000000 00:00 0 
7f86ac237000-7f86b0000000 ---p 00000000 00:00 0 
7f86b155a000-7f86b17e8000 rw-p 00000000 00:00 0 
7f86b17e8000-7f86b17e9000 ---p 00000000 00:00 0 
7f86b17e9000-7f86b17ed000 ---p 00000000 00:00 0 
7f86b17ed000-7f86b18e9000 rw-p 00000000 00:00 0 
7f86b18e9000-7f86b18ea000 ---p 00000000 00:00 0 
7f86b18ea000-7f86b18ee000 ---p 00000000 00:00 0 
7f86b18ee000-7f86b19ea000 rw-p 00000000 00:00 0 
7f86b19ea000-7f86b19eb000 ---p 00000000 00:00 0 
7f86b19eb000-7f86b19ef000 ---p 00000000 00:00 0 
7f86b19ef000-7f86b1aeb000 rw-p 00000000 00:00 0 
7f86b1aeb000-7f86b1aec000 ---p 00000000 00:00 0 
7f86b1aec000-7f86b1af0000 ---p 00000000 00:00 0 
7f86b1af0000-7f86b1bec000 rw-p 00000000 00:00 0 
7f86b1bec000-7f86b1bed000 ---p 00000000 00:00 0 
7f86b1bed000-7f86b1bf1000 ---p 00000000 00:00 0 
7f86b1bf1000-7f86b1ced000 rw-p 00000000 00:00 0 
7f86b1ced000-7f86b1cee000 ---p 00000000 00:00 0 
7f86b1cee000-7f86b1cf2000 ---p 00000000 00:00 0 
7f86b1cf2000-7f86b1dee000 rw-p 00000000 00:00 0 
7f86b1dee000-7f86b1def000 ---p 00000000 00:00 0 
7f86b1def000-7f86b1df3000 ---p 00000000 00:00 0 
7f86b1df3000-7f86b1eef000 rw-p 00000000 00:00 0 
7f86b1eef000-7f86b1ef0000 ---p 00000000 00:00 0 
7f86b1ef0000-7f86b1ef4000 ---p 00000000 00:00 0 
7f86b1ef4000-7f86b1ff0000 rw-p 00000000 00:00 0 
7f86b1ff0000-7f86b1ff1000 ---p 00000000 00:00 0 
7f86b1ff1000-7f86b1ff5000 ---p 00000000 00:00 0 
7f86b1ff5000-7f86b20f1000 rw-p 00000000 00:00 0 
7f86b20f1000-7f86b20f2000 ---p 00000000 00:00 0 
7f86b20f2000-7f86b20f6000 ---p 00000000 00:00 0 
7f86b20f6000-7f86b21f2000 rw-p 00000000 00:00 0 
7f86b21f2000-7f86b21f3000 ---p 00000000 00:00 0 
7f86b21f3000-7f86b21f7000 ---p 00000000 00:00 0 
7f86b21f7000-7f86b22f3000 rw-p 00000000 00:00 0 
7f86b22f3000-7f86b22f4000 ---p 00000000 00:00 0 
7f86b22f4000-7f86b22f8000 ---p 00000000 00:00 0 
7f86b22f8000-7f86b23f4000 rw-p 00000000 00:00 0 
7f86b23f4000-7f86b23f5000 ---p 00000000 00:00 0 
7f86b23f5000-7f86b23f9000 ---p 00000000 00:00 0 
7f86b23f9000-7f86b24f5000 rw-p 00000000 00:00 0 
7f86b24f5000-7f86b24f6000 ---p 00000000 00:00 0 
7f86b24f6000-7f86b24fa000 ---p 00000000 00:00 0 
7f86b24fa000-7f86b25f6000 rw-p 00000000 00:00 0 
7f86b25f6000-7f86b25f7000 ---p 00000000 00:00 0 
7f86b25f7000-7f86b25fb000 ---p 00000000 00:00 0 
7f86b25fb000-7f86b26f7000 rw-p 00000000 00:00 0 
7f86b26f7000-7f86b26f8000 ---p 00000000 00:00 0 
7f86b26f8000-7f86b26fc000 ---p 00000000 00:00 0 
7f86b26fc000-7f86b27f8000 rw-p 00000000 00:00 0 
7f86b27f8000-7f86b27f9000 ---p 00000000 00:00 0 
7f86b27f9000-7f86b27fd000 ---p 00000000 00:00 0 
7f86b27fd000-7f86b28f9000 rw-p 00000000 00:00 0 
7f86b28f9000-7f86b28fa000 ---p 00000000 00:00 0 
7f86b28fa000-7f86b28fe000 ---p 00000000 00:00 0 
7f86b28fe000-7f86b29fa000 rw-p 00000000 00:00 0 
7f86b29fa000-7f86b29fb000 ---p 00000000 00:00 0 
7f86b29fb000-7f86b29ff000 ---p 00000000 00:00 0 
7f86b29ff000-7f86b2afb000 rw-p 00000000 00:00 0 
7f86b2afb000-7f86b2afc000 ---p 00000000 00:00 0 
7f86b2afc000-7f86b2b00000 ---p 00000000 00:00 0 
7f86b2b00000-7f86b2bfc000 rw-p 00000000 00:00 0 
7f86b2bfc000-7f86b2bfd000 ---p 00000000 00:00 0 
7f86b2bfd000-7f86b2c01000 ---p 00000000 00:00 0 
7f86b2c01000-7f86b2cfd000 rw-p 00000000 00:00 0 
7f86b2cfd000-7f86b2cfe000 ---p 00000000 00:00 0 
7f86b2cfe000-7f86b2d02000 ---p 00000000 00:00 0 
7f86b2d02000-7f86b2dfe000 rw-p 00000000 00:00 0 
7f86b2dfe000-7f86b2dff000 ---p 00000000 00:00 0 
7f86b2dff000-7f86b2e03000 ---p 00000000 00:00 0 
7f86b2e03000-7f86b2eff000 rw-p 00000000 00:00 0 
7f86b2eff000-7f86b2f00000 ---p 00000000 00:00 0 
7f86b2f00000-7f86b2f04000 ---p 00000000 00:00 0 
7f86b2f04000-7f86b3000000 rw-p 00000000 00:00 0 
7f86b3000000-7f86b3455000 rw-p 00001000 00:25 13853                      /usr/lib/jvm/java-17-openjdk-amd64/lib/server/classes.jsa
7f86b3455000-7f86b3bca000 rw-p 00456000 00:25 13853                      /usr/lib/jvm/java-17-openjdk-amd64/lib/server/classes.jsa
7f86b3bca000-7f86b4000000 ---p 00000000 00:00 0 
7f86b4000000-7f86b4040000 rw-p 00000000 00:00 0 
7f86b4040000-7f86b4080000 rw-p 00000000 00:00 0 
7f86b4080000-7f86b4140000 rw-p 00000000 00:00 0 
7f86b4140000-7f86b4180000 rw-p 00000000 00:00 0 
7f86b4180000-7f86b4440000 rw-p 00000000 00:00 0 
7f86b4440000-7f86b4640000 rw-p 00000000 00:00 0 
7f86b4640000-7f86b4680000 rw-p 00000000 00:00 0 
7f86b4680000-7f86b4880000 rw-p 00000000 00:00 0 
7f86b4880000-7f86b4c40000 rw-p 00000000 00:00 0 
7f86b4c40000-7f86b4cc0000 rw-p 00000000 00:00 0 
7f86b4cc0000-7f86b4ea0000 rw-p 00000000 00:00 0 
7f86b4ea0000-7f86f4000000 ---p 00000000 00:00 0 
7f86f4000000-7f86f4021000 rw-p 00000000 00:00 0 
7f86f4021000-7f86f8000000 ---p 00000000 00:00 0 
7f86f8000000-7f86f8400000 rw-p 00000000 00:00 0 
7f86f8400000-7f86f8800000 rw-p 00000000 00:00 0 
7f86f8800000-7f86f8900000 rw-p 00000000 00:00 0 
7f86f8900000-7f86f8a00000 rw-p 00000000 00:00 0 
7f86f8a00000-7f86f95e0000 rw-p 00000000 00:00 0 
7f86f95e0000-7f86f9600000 rw-p 00000000 00:00 0 
7f86f9600000-7f86f9760000 rw-p 00000000 00:00 0 
7f86f9760000-7f86f9780000 rw-p 00000000 00:00 0 
7f86f9780000-7f86f9900000 rw-p 00000000 00:00 0 
7f86f9900000-7f86f9b00000 rw-p 00000000 00:00 0 
7f86f9b00000-7f86f9c00000 rw-p 00000000 00:00 0 
7f86f9c00000-7f86fa900000 rw-p 00000000 00:00 0 
7f86fa900000-7f86faa00000 rw-p 00000000 00:00 0 
7f86faa00000-7f86faf00000 rw-p 00000000 00:00 0 
7f86faf00000-7f86fb000000 rw-p 00000000 00:00 0 
7f86fb000000-7f86fb340000 rw-p 00000000 00:00 0 
7f86fb340000-7f86fb380000 rw-p 00000000 00:00 0 
7f86fb380000-7f86fb500000 rw-p 00000000 00:00 0 
7f86fb500000-7f86fb600000 rw-p 00000000 00:00 0 
7f86fb600000-7f86fc000000 rw-p 00000000 00:00 0 
7f86fc000000-7f86fe20c000 rw-p 00000000 00:00 0 
7f86fe20c000-7f8700000000 ---p 00000000 00:00 0 
7f87000e9000-7f87000ea000 ---p 00000000 00:00 0 
7f87000ea000-7f87000ee000 ---p 00000000 00:00 0 
7f87000ee000-7f87001ea000 rw-p 00000000 00:00 0 
7f87001ea000-7f87001eb000 ---p 00000000 00:00 0 
7f87001eb000-7f87001ef000 ---p 00000000 00:00 0 
7f87001ef000-7f87002eb000 rw-p 00000000 00:00 0 
7f87002eb000-7f87002ec000 ---p 00000000 00:00 0 
7f87002ec000-7f87002f0000 ---p 00000000 00:00 0 
7f87002f0000-7f87003ec000 rw-p 00000000 00:00 0 
7f87003ec000-7f87003ed000 ---p 00000000 00:00 0 
7f87003ed000-7f87003f1000 ---p 00000000 00:00 0 
7f87003f1000-7f87004ed000 rw-p 00000000 00:00 0 
7f87004ed000-7f87004ee000 ---p 00000000 00:00 0 
7f87004ee000-7f87004f2000 ---p 00000000 00:00 0 
7f87004f2000-7f87005ee000 rw-p 00000000 00:00 0 
7f87005ee000-7f87005ef000 ---p 00000000 00:00 0 
7f87005ef000-7f87005f3000 ---p 00000000 00:00 0 
7f87005f3000-7f87006ef000 rw-p 00000000 00:00 0 
7f87006ef000-7f87006f0000 ---p 00000000 00:00 0 
7f87006f0000-7f87006f4000 ---p 00000000 00:00 0 
7f87006f4000-7f87007f0000 rw-p 00000000 00:00 0 
7f87007f0000-7f87007f1000 ---p 00000000 00:00 0 
7f87007f1000-7f87007f5000 ---p 00000000 00:00 0 
7f87007f5000-7f87008f1000 rw-p 00000000 00:00 0 
7f87008f1000-7f87008f2000 ---p 00000000 00:00 0 
7f87008f2000-7f87008f6000 ---p 00000000 00:00 0 
7f87008f6000-7f87009f2000 rw-p 00000000 00:00 0 
7f87009f2000-7f87009f3000 ---p 00000000 00:00 0 
7f87009f3000-7f87009f7000 ---p 00000000 00:00 0 
7f87009f7000-7f8700af3000 rw-p 00000000 00:00 0 
7f8700af3000-7f8700af4000 ---p 00000000 00:00 0 
7f8700af4000-7f8700af8000 ---p 00000000 00:00 0 
7f8700af8000-7f8700bf4000 rw-p 00000000 00:00 0 
7f8700bf4000-7f8700bf5000 ---p 00000000 00:00 0 
7f8700bf5000-7f8700bf9000 ---p 00000000 00:00 0 
7f8700bf9000-7f8700cf5000 rw-p 00000000 00:00 0 
7f8700cf5000-7f8700cf6000 ---p 00000000 00:00 0 
7f8700cf6000-7f8700cfa000 ---p 00000000 00:00 0 
7f8700cfa000-7f8700df6000 rw-p 00000000 00:00 0 
7f8700df6000-7f8700df7000 ---p 00000000 00:00 0 
7f8700df7000-7f8700dfb000 ---p 00000000 00:00 0 
7f8700dfb000-7f8700ef7000 rw-p 00000000 00:00 0 
7f8700ef7000-7f8700ef8000 ---p 00000000 00:00 0 
7f8700ef8000-7f8700efc000 ---p 00000000 00:00 0 
7f8700efc000-7f8700ff8000 rw-p 00000000 00:00 0 
7f8700ff8000-7f8700ff9000 ---p 00000000 00:00 0 
7f8700ff9000-7f8700ffd000 ---p 00000000 00:00 0 
7f8700ffd000-7f87010f9000 rw-p 00000000 00:00 0 
7f87010f9000-7f87010fa000 ---p 00000000 00:00 0 
7f87010fa000-7f87010fe000 ---p 00000000 00:00 0 
7f87010fe000-7f87011fa000 rw-p 00000000 00:00 0 
7f87011fa000-7f87011fb000 ---p 00000000 00:00 0 
7f87011fb000-7f87011ff000 ---p 00000000 00:00 0 
7f87011ff000-7f87012fb000 rw-p 00000000 00:00 0 
7f87012fb000-7f87012fc000 ---p 00000000 00:00 0 
7f87012fc000-7f8701300000 ---p 00000000 00:00 0 
7f8701300000-7f87013fc000 rw-p 00000000 00:00 0 
7f87013fc000-7f87013fd000 ---p 00000000 00:00 0 
7f87013fd000-7f8701401000 ---p 00000000 00:00 0 
7f8701401000-7f87014fd000 rw-p 00000000 00:00 0 
7f87014fd000-7f87014fe000 ---p 00000000 00:00 0 
7f87014fe000-7f8701502000 ---p 00000000 00:00 0 
7f8701502000-7f87015fe000 rw-p 00000000 00:00 0 
7f87015fe000-7f87015ff000 ---p 00000000 00:00 0 
7f87015ff000-7f8701603000 ---p 00000000 00:00 0 
7f8701603000-7f87016ff000 rw-p 00000000 00:00 0 
7f87016ff000-7f8701700000 ---p 00000000 00:00 0 
7f8701700000-7f8701704000 ---p 00000000 00:00 0 
7f8701704000-7f8701800000 rw-p 00000000 00:00 0 
7f8701800000-7f8701853000 r-xp 00000000 fe:00 393840                     /root/.gradle/native/100fb08df4bc3b14c8652ba06237920a3bd2aa13389f12d3474272988ae205f9/linux-amd64/libnative-platform-file-events.so
7f8701853000-7f8701a52000 ---p 00053000 fe:00 393840                     /root/.gradle/native/100fb08df4bc3b14c8652ba06237920a3bd2aa13389f12d3474272988ae205f9/linux-amd64/libnative-platform-file-events.so
7f8701a52000-7f8701a53000 r--p 00052000 fe:00 393840                     /root/.gradle/native/100fb08df4bc3b14c8652ba06237920a3bd2aa13389f12d3474272988ae205f9/linux-amd64/libnative-platform-file-events.so
7f8701a53000-7f8701a55000 rw-p 00053000 fe:00 393840                     /root/.gradle/native/100fb08df4bc3b14c8652ba06237920a3bd2aa13389f12d3474272988ae205f9/linux-amd64/libnative-platform-file-events.so
7f8701aff000-7f8701b00000 ---p 00000000 00:00 0 
7f8701b00000-7f8701b04000 ---p 00000000 00:00 0 
7f8701b04000-7f8701c00000 rw-p 00000000 00:00 0 
7f8701c00000-7f8701c05000 r-xp 00000000 fe:00 393821                     /root/.gradle/native/c067742578af261105cb4f569cf0c3c89f3d7b1fecec35dd04571415982c5e48/linux-amd64/libnative-platform.so
7f8701c05000-7f8701e05000 ---p 00005000 fe:00 393821                     /root/.gradle/native/c067742578af261105cb4f569cf0c3c89f3d7b1fecec35dd04571415982c5e48/linux-amd64/libnative-platform.so
7f8701e05000-7f8701e06000 r--p 00005000 fe:00 393821                     /root/.gradle/native/c067742578af261105cb4f569cf0c3c89f3d7b1fecec35dd04571415982c5e48/linux-amd64/libnative-platform.so
7f8701e06000-7f8701e07000 rw-p 00006000 fe:00 393821                     /root/.gradle/native/c067742578af261105cb4f569cf0c3c89f3d7b1fecec35dd04571415982c5e48/linux-amd64/libnative-platform.so
7f8701eff000-7f8701f00000 ---p 00000000 00:00 0 
7f8701f00000-7f8704000000 rw-p 00000000 00:00 0 
7f8704000000-7f8704039000 rw-p 00000000 00:00 0 
7f8704039000-7f8708000000 ---p 00000000 00:00 0 
7f8708000000-7f870803e000 rw-p 00000000 00:00 0 
7f870803e000-7f870c000000 ---p 00000000 00:00 0 
7f870c000000-7f870c053000 rw-p 00000000 00:00 0 
7f870c053000-7f8710000000 ---p 00000000 00:00 0 
7f871006a000-7f871006b000 ---p 00000000 00:00 0 
7f871006b000-7f871006f000 ---p 00000000 00:00 0 
7f871006f000-7f871008d000 rw-p 00000000 00:00 0 
7f871008d000-7f871008e000 ---p 00000000 00:00 0 
7f871008e000-7f8710092000 ---p 00000000 00:00 0 
7f8710092000-7f87100b0000 rw-p 00000000 00:00 0 
7f87100b0000-7f87100b1000 r--p 00000000 00:25 13813                      /usr/lib/jvm/java-17-openjdk-amd64/lib/libextnet.so
7f87100b1000-7f87100b2000 r-xp 00001000 00:25 13813                      /usr/lib/jvm/java-17-openjdk-amd64/lib/libextnet.so
7f87100b2000-7f87100b3000 r--p 00002000 00:25 13813                      /usr/lib/jvm/java-17-openjdk-amd64/lib/libextnet.so
7f87100b3000-7f87100b4000 r--p 00002000 00:25 13813                      /usr/lib/jvm/java-17-openjdk-amd64/lib/libextnet.so
7f87100b4000-7f87100b5000 rw-p 00003000 00:25 13813                      /usr/lib/jvm/java-17-openjdk-amd64/lib/libextnet.so
7f87100b5000-7f87100b7000 r--p 00000000 00:25 13832                      /usr/lib/jvm/java-17-openjdk-amd64/lib/libmanagement_ext.so
7f87100b7000-7f87100ba000 r-xp 00002000 00:25 13832                      /usr/lib/jvm/java-17-openjdk-amd64/lib/libmanagement_ext.so
7f87100ba000-7f87100bb000 r--p 00005000 00:25 13832                      /usr/lib/jvm/java-17-openjdk-amd64/lib/libmanagement_ext.so
7f87100bb000-7f87100bc000 r--p 00006000 00:25 13832                      /usr/lib/jvm/java-17-openjdk-amd64/lib/libmanagement_ext.so
7f87100bc000-7f87100bd000 rw-p 00007000 00:25 13832                      /usr/lib/jvm/java-17-openjdk-amd64/lib/libmanagement_ext.so
7f87100bd000-7f87100be000 r--p 00000000 00:25 18162                      /usr/lib/x86_64-linux-gnu/libpthread.so.0
7f87100be000-7f87100bf000 r-xp 00001000 00:25 18162                      /usr/lib/x86_64-linux-gnu/libpthread.so.0
7f87100bf000-7f87100c0000 r--p 00002000 00:25 18162                      /usr/lib/x86_64-linux-gnu/libpthread.so.0
7f87100c0000-7f87100c1000 r--p 00002000 00:25 18162                      /usr/lib/x86_64-linux-gnu/libpthread.so.0
7f87100c1000-7f87100c2000 rw-p 00003000 00:25 18162                      /usr/lib/x86_64-linux-gnu/libpthread.so.0
7f87100c3000-7f87100c5000 r--p 00000000 00:25 13830                      /usr/lib/jvm/java-17-openjdk-amd64/lib/libmanagement.so
7f87100c5000-7f87100c6000 r-xp 00002000 00:25 13830                      /usr/lib/jvm/java-17-openjdk-amd64/lib/libmanagement.so
7f87100c6000-7f87100c7000 r--p 00003000 00:25 13830                      /usr/lib/jvm/java-17-openjdk-amd64/lib/libmanagement.so
7f87100c7000-7f87100c8000 r--p 00003000 00:25 13830                      /usr/lib/jvm/java-17-openjdk-amd64/lib/libmanagement.so
7f87100c8000-7f87100c9000 rw-p 00004000 00:25 13830                      /usr/lib/jvm/java-17-openjdk-amd64/lib/libmanagement.so
7f87100c9000-7f87100cd000 r--p 00000000 00:25 13842                      /usr/lib/jvm/java-17-openjdk-amd64/lib/libverify.so
7f87100cd000-7f87100d4000 r-xp 00004000 00:25 13842                      /usr/lib/jvm/java-17-openjdk-amd64/lib/libverify.so
7f87100d4000-7f87100d6000 r--p 0000b000 00:25 13842                      /usr/lib/jvm/java-17-openjdk-amd64/lib/libverify.so
7f87100d6000-7f87100d8000 r--p 0000c000 00:25 13842                      /usr/lib/jvm/java-17-openjdk-amd64/lib/libverify.so
7f87100d8000-7f87100d9000 rw-p 0000e000 00:25 13842                      /usr/lib/jvm/java-17-openjdk-amd64/lib/libverify.so
7f87100d9000-7f87100da000 ---p 00000000 00:00 0 
7f87100da000-7f87101da000 rw-p 00000000 00:00 0 
7f87101da000-7f87101db000 ---p 00000000 00:00 0 
7f87101db000-7f87102db000 rw-p 00000000 00:00 0 
7f87102db000-7f87102dc000 ---p 00000000 00:00 0 
7f87102dc000-7f87102e0000 ---p 00000000 00:00 0 
7f87102e0000-7f87103dc000 rw-p 00000000 00:00 0 
7f87103dc000-7f87103e0000 r--p 00000000 00:25 13834                      /usr/lib/jvm/java-17-openjdk-amd64/lib/libnet.so
7f87103e0000-7f87103ee000 r-xp 00004000 00:25 13834                      /usr/lib/jvm/java-17-openjdk-amd64/lib/libnet.so
7f87103ee000-7f87103f2000 r--p 00012000 00:25 13834                      /usr/lib/jvm/java-17-openjdk-amd64/lib/libnet.so
7f87103f2000-7f87103f3000 r--p 00015000 00:25 13834                      /usr/lib/jvm/java-17-openjdk-amd64/lib/libnet.so
7f87103f3000-7f87103f4000 rw-p 00016000 00:25 13834                      /usr/lib/jvm/java-17-openjdk-amd64/lib/libnet.so
7f87103f4000-7f87103fb000 r--p 00000000 00:25 13835                      /usr/lib/jvm/java-17-openjdk-amd64/lib/libnio.so
7f87103fb000-7f8710404000 r-xp 00007000 00:25 13835                      /usr/lib/jvm/java-17-openjdk-amd64/lib/libnio.so
7f8710404000-7f8710408000 r--p 00010000 00:25 13835                      /usr/lib/jvm/java-17-openjdk-amd64/lib/libnio.so
7f8710408000-7f8710409000 r--p 00014000 00:25 13835                      /usr/lib/jvm/java-17-openjdk-amd64/lib/libnio.so
7f8710409000-7f871040a000 rw-p 00015000 00:25 13835                      /usr/lib/jvm/java-17-openjdk-amd64/lib/libnio.so
7f871040a000-7f871040c000 r--p 00000000 00:25 13843                      /usr/lib/jvm/java-17-openjdk-amd64/lib/libzip.so
7f871040c000-7f8710410000 r-xp 00002000 00:25 13843                      /usr/lib/jvm/java-17-openjdk-amd64/lib/libzip.so
7f8710410000-7f8710412000 r--p 00006000 00:25 13843                      /usr/lib/jvm/java-17-openjdk-amd64/lib/libzip.so
7f8710412000-7f8710413000 r--p 00007000 00:25 13843                      /usr/lib/jvm/java-17-openjdk-amd64/lib/libzip.so
7f8710413000-7f8710414000 rw-p 00008000 00:25 13843                      /usr/lib/jvm/java-17-openjdk-amd64/lib/libzip.so
7f8710414000-7f8710415000 ---p 00000000 00:00 0 
7f8710415000-7f8710419000 ---p 00000000 00:00 0 
7f8710419000-7f8710515000 rw-p 00000000 00:00 0 
7f8710515000-7f8710516000 ---p 00000000 00:00 0 
7f8710516000-7f871051a000 ---p 00000000 00:00 0 
7f871051a000-7f8710616000 rw-p 00000000 00:00 0 
7f8710616000-7f8710617000 ---p 00000000 00:00 0 
7f8710617000-7f871061b000 ---p 00000000 00:00 0 
7f871061b000-7f8710717000 rw-p 00000000 00:00 0 
7f8710717000-7f8710718000 ---p 00000000 00:00 0 
7f8710718000-7f871071c000 ---p 00000000 00:00 0 
7f871071c000-7f8710818000 rw-p 00000000 00:00 0 
7f8710818000-7f8710819000 ---p 00000000 00:00 0 
7f8710819000-7f871081d000 ---p 00000000 00:00 0 
7f871081d000-7f8710919000 rw-p 00000000 00:00 0 
7f8710919000-7f871091a000 ---p 00000000 00:00 0 
7f871091a000-7f871091e000 ---p 00000000 00:00 0 
7f871091e000-7f8710a1a000 rw-p 00000000 00:00 0 
7f8710a1a000-7f8710a1b000 ---p 00000000 00:00 0 
7f8710a1b000-7f8710a1f000 ---p 00000000 00:00 0 
7f8710a1f000-7f8710b1b000 rw-p 00000000 00:00 0 
7f8710b1b000-7f8710b1c000 ---p 00000000 00:00 0 
7f8710b1c000-7f8710b20000 ---p 00000000 00:00 0 
7f8710b20000-7f8710c1c000 rw-p 00000000 00:00 0 
7f8710c1c000-7f8710c1d000 ---p 00000000 00:00 0 
7f8710c1d000-7f8710c21000 ---p 00000000 00:00 0 
7f8710c21000-7f8710d1d000 rw-p 00000000 00:00 0 
7f8710d1d000-7f8710d1e000 ---p 00000000 00:00 0 
7f8710d1e000-7f8710e1e000 rw-p 00000000 00:00 0 
7f8710e1e000-7f8710e23000 r--p 00000000 00:25 13828                      /usr/lib/jvm/java-17-openjdk-amd64/lib/libjsvml.so
7f8710e23000-7f8710e64000 r-xp 00005000 00:25 13828                      /usr/lib/jvm/java-17-openjdk-amd64/lib/libjsvml.so
7f8710e64000-7f8710eed000 r--p 00046000 00:25 13828                      /usr/lib/jvm/java-17-openjdk-amd64/lib/libjsvml.so
7f8710eed000-7f8710eee000 r--p 000ce000 00:25 13828                      /usr/lib/jvm/java-17-openjdk-amd64/lib/libjsvml.so
7f8710eee000-7f8710eef000 rw-p 000cf000 00:25 13828                      /usr/lib/jvm/java-17-openjdk-amd64/lib/libjsvml.so
7f8710eef000-7f871100c000 rw-p 00000000 00:00 0 
7f871100c000-7f871100d000 ---p 00000000 00:00 0 
7f871100d000-7f871110d000 rw-p 00000000 00:00 0 
7f871110d000-7f871110e000 ---p 00000000 00:00 0 
7f871110e000-7f8711410000 rw-p 00000000 00:00 0 
7f8711410000-7f8711411000 ---p 00000000 00:00 0 
7f8711411000-7f871198d000 rw-p 00000000 00:00 0 
7f871198d000-7f8713509000 ---p 00000000 00:00 0 
7f8713509000-7f871398d000 rw-p 00000000 00:00 0 
7f871398d000-7f8715509000 ---p 00000000 00:00 0 
7f8715509000-7f8715511000 rw-p 00000000 00:00 0 
7f8715511000-7f8716ee1000 rwxp 00000000 00:00 0 
7f8716ee1000-7f871ca49000 ---p 00000000 00:00 0 
7f871ca49000-7f871cce9000 rwxp 00000000 00:00 0 
7f871cce9000-7f871cfd8000 ---p 00000000 00:00 0 
7f871cfd8000-7f871d648000 rwxp 00000000 00:00 0 
7f871d648000-7f8724511000 ---p 00000000 00:00 0 
7f8724511000-7f872c000000 r--s 00000000 00:25 13844                      /usr/lib/jvm/java-17-openjdk-amd64/lib/modules
7f872c000000-7f872d4da000 rw-p 00000000 00:00 0 
7f872d4da000-7f8730000000 ---p 00000000 00:00 0 
7f8730002000-7f8730059000 r--p 00000000 00:25 13893                      /usr/lib/locale/C.utf8/LC_CTYPE
7f8730059000-7f873005a000 r--p 00000000 00:25 13899                      /usr/lib/locale/C.utf8/LC_NUMERIC
7f873005a000-7f873005b000 r--p 00000000 00:25 13902                      /usr/lib/locale/C.utf8/LC_TIME
7f873005b000-7f873005c000 r--p 00000000 00:25 13892                      /usr/lib/locale/C.utf8/LC_COLLATE
7f873005c000-7f873005d000 r--p 00000000 00:25 13897                      /usr/lib/locale/C.utf8/LC_MONETARY
7f873005d000-7f873005e000 r--p 00000000 00:25 13896                      /usr/lib/locale/C.utf8/LC_MESSAGES/SYS_LC_MESSAGES
7f873005e000-7f873005f000 r--p 00000000 00:25 13900                      /usr/lib/locale/C.utf8/LC_PAPER
7f873005f000-7f8730060000 r--p 00000000 00:25 13898                      /usr/lib/locale/C.utf8/LC_NAME
7f8730060000-7f8730067000 r--s 00000000 00:25 17585                      /usr/lib/x86_64-linux-gnu/gconv/gconv-modules.cache
7f8730067000-7f8730068000 ---p 00000000 00:00 0 
7f8730068000-7f8730168000 rw-p 00000000 00:00 0 
7f8730168000-7f8730169000 ---p 00000000 00:00 0 
7f8730169000-7f873033e000 rw-p 00000000 00:00 0 
7f873033e000-7f87306ad000 ---p 00000000 00:00 0 
7f87306ad000-7f873073e000 rw-p 00000000 00:00 0 
7f873073e000-7f8730aad000 ---p 00000000 00:00 0 
7f8730aad000-7f8730b3e000 rw-p 00000000 00:00 0 
7f8730b3e000-7f8730ead000 ---p 00000000 00:00 0 
7f8730ead000-7f87310bd000 rw-p 00000000 00:00 0 
7f87310bd000-7f873119b000 ---p 00000000 00:00 0 
7f873119b000-7f87311cf000 rw-p 00000000 00:00 0 
7f87311cf000-7f8731286000 ---p 00000000 00:00 0 
7f8731286000-7f873128c000 rw-p 00000000 00:00 0 
7f873128c000-7f8731292000 ---p 00000000 00:00 0 
7f8731292000-7f873129a000 rw-s 00000000 fe:00 406840                     /tmp/hsperfdata_root/3634
7f873129a000-7f87312a6000 r--p 00000000 00:25 13820                      /usr/lib/jvm/java-17-openjdk-amd64/lib/libjava.so
7f87312a6000-7f87312b7000 r-xp 0000c000 00:25 13820                      /usr/lib/jvm/java-17-openjdk-amd64/lib/libjava.so
7f87312b7000-7f87312bd000 r--p 0001d000 00:25 13820                      /usr/lib/jvm/java-17-openjdk-amd64/lib/libjava.so
7f87312bd000-7f87312be000 r--p 00022000 00:25 13820                      /usr/lib/jvm/java-17-openjdk-amd64/lib/libjava.so
7f87312be000-7f87312bf000 rw-p 00023000 00:25 13820                      /usr/lib/jvm/java-17-openjdk-amd64/lib/libjava.so
7f87312bf000-7f87312c0000 rw-p 00000000 00:00 0 
7f87312c0000-7f87312c1000 r--p 00000000 00:25 13815                      /usr/lib/jvm/java-17-openjdk-amd64/lib/libinstrument.so
7f87312c1000-7f87312c7000 r-xp 00001000 00:25 13815                      /usr/lib/jvm/java-17-openjdk-amd64/lib/libinstrument.so
7f87312c7000-7f87312ca000 r--p 00007000 00:25 13815                      /usr/lib/jvm/java-17-openjdk-amd64/lib/libinstrument.so
7f87312ca000-7f87312cb000 r--p 00009000 00:25 13815                      /usr/lib/jvm/java-17-openjdk-amd64/lib/libinstrument.so
7f87312cb000-7f87312cc000 rw-p 0000a000 00:25 13815                      /usr/lib/jvm/java-17-openjdk-amd64/lib/libinstrument.so
7f87312cc000-7f87312ce000 r--p 00000000 00:25 13824                      /usr/lib/jvm/java-17-openjdk-amd64/lib/libjimage.so
7f87312ce000-7f87312d1000 r-xp 00002000 00:25 13824                      /usr/lib/jvm/java-17-openjdk-amd64/lib/libjimage.so
7f87312d1000-7f87312d2000 r--p 00005000 00:25 13824                      /usr/lib/jvm/java-17-openjdk-amd64/lib/libjimage.so
7f87312d2000-7f87312d3000 r--p 00006000 00:25 13824                      /usr/lib/jvm/java-17-openjdk-amd64/lib/libjimage.so
7f87312d3000-7f87312d4000 rw-p 00007000 00:25 13824                      /usr/lib/jvm/java-17-openjdk-amd64/lib/libjimage.so
7f87312d4000-7f87312d8000 ---p 00000000 00:00 0 
7f87312d8000-7f87313d4000 rw-p 00000000 00:00 0 
7f87313d4000-7f87313d7000 r--p 00000000 00:25 17971                      /usr/lib/x86_64-linux-gnu/libgcc_s.so.1
7f87313d7000-7f87313ee000 r-xp 00003000 00:25 17971                      /usr/lib/x86_64-linux-gnu/libgcc_s.so.1
7f87313ee000-7f87313f2000 r--p 0001a000 00:25 17971                      /usr/lib/x86_64-linux-gnu/libgcc_s.so.1
7f87313f2000-7f87313f3000 r--p 0001d000 00:25 17971                      /usr/lib/x86_64-linux-gnu/libgcc_s.so.1
7f87313f3000-7f87313f4000 rw-p 0001e000 00:25 17971                      /usr/lib/x86_64-linux-gnu/libgcc_s.so.1
7f87313f4000-7f8731404000 r--p 00000000 00:25 18072                      /usr/lib/x86_64-linux-gnu/libm.so.6
7f8731404000-7f8731478000 r-xp 00010000 00:25 18072                      /usr/lib/x86_64-linux-gnu/libm.so.6
7f8731478000-7f87314d2000 r--p 00084000 00:25 18072                      /usr/lib/x86_64-linux-gnu/libm.so.6
7f87314d2000-7f87314d3000 r--p 000dd000 00:25 18072                      /usr/lib/x86_64-linux-gnu/libm.so.6
7f87314d3000-7f87314d4000 rw-p 000de000 00:25 18072                      /usr/lib/x86_64-linux-gnu/libm.so.6
7f87314d4000-7f873156d000 r--p 00000000 00:25 18239                      /usr/lib/x86_64-linux-gnu/libstdc++.so.6.0.30
7f873156d000-7f873166e000 r-xp 00099000 00:25 18239                      /usr/lib/x86_64-linux-gnu/libstdc++.so.6.0.30
7f873166e000-7f87316dd000 r--p 0019a000 00:25 18239                      /usr/lib/x86_64-linux-gnu/libstdc++.so.6.0.30
7f87316dd000-7f87316e8000 r--p 00209000 00:25 18239                      /usr/lib/x86_64-linux-gnu/libstdc++.so.6.0.30
7f87316e8000-7f87316eb000 rw-p 00214000 00:25 18239                      /usr/lib/x86_64-linux-gnu/libstdc++.so.6.0.30
7f87316eb000-7f87316ee000 rw-p 00000000 00:00 0 
7f87316ee000-7f873193f000 r--p 00000000 00:25 13856                      /usr/lib/jvm/java-17-openjdk-amd64/lib/server/libjvm.so
7f873193f000-7f8732691000 r-xp 00251000 00:25 13856                      /usr/lib/jvm/java-17-openjdk-amd64/lib/server/libjvm.so
7f8732691000-7f8732913000 r--p 00fa3000 00:25 13856                      /usr/lib/jvm/java-17-openjdk-amd64/lib/server/libjvm.so
7f8732913000-7f87329cb000 r--p 01225000 00:25 13856                      /usr/lib/jvm/java-17-openjdk-amd64/lib/server/libjvm.so
7f87329cb000-7f8732a00000 rw-p 012dd000 00:25 13856                      /usr/lib/jvm/java-17-openjdk-amd64/lib/server/libjvm.so
7f8732a00000-7f8732a5c000 rw-p 00000000 00:00 0 
7f8732a5c000-7f8732a82000 r--p 00000000 00:25 17860                      /usr/lib/x86_64-linux-gnu/libc.so.6
7f8732a82000-7f8732bd8000 r-xp 00026000 00:25 17860                      /usr/lib/x86_64-linux-gnu/libc.so.6
7f8732bd8000-7f8732c2b000 r--p 0017c000 00:25 17860                      /usr/lib/x86_64-linux-gnu/libc.so.6
7f8732c2b000-7f8732c2f000 r--p 001cf000 00:25 17860                      /usr/lib/x86_64-linux-gnu/libc.so.6
7f8732c2f000-7f8732c31000 rw-p 001d3000 00:25 17860                      /usr/lib/x86_64-linux-gnu/libc.so.6
7f8732c31000-7f8732c3e000 rw-p 00000000 00:00 0 
7f8732c3e000-7f8732c40000 r--p 00000000 00:25 13825                      /usr/lib/jvm/java-17-openjdk-amd64/lib/libjli.so
7f8732c40000-7f8732c49000 r-xp 00002000 00:25 13825                      /usr/lib/jvm/java-17-openjdk-amd64/lib/libjli.so
7f8732c49000-7f8732c4c000 r--p 0000b000 00:25 13825                      /usr/lib/jvm/java-17-openjdk-amd64/lib/libjli.so
7f8732c4c000-7f8732c4d000 r--p 0000d000 00:25 13825                      /usr/lib/jvm/java-17-openjdk-amd64/lib/libjli.so
7f8732c4d000-7f8732c4e000 rw-p 0000e000 00:25 13825                      /usr/lib/jvm/java-17-openjdk-amd64/lib/libjli.so
7f8732c4e000-7f8732c51000 r--p 00000000 00:25 1006                       /usr/lib/x86_64-linux-gnu/libz.so.1.2.13
7f8732c51000-7f8732c64000 r-xp 00003000 00:25 1006                       /usr/lib/x86_64-linux-gnu/libz.so.1.2.13
7f8732c64000-7f8732c6b000 r--p 00016000 00:25 1006                       /usr/lib/x86_64-linux-gnu/libz.so.1.2.13
7f8732c6b000-7f8732c6c000 r--p 0001c000 00:25 1006                       /usr/lib/x86_64-linux-gnu/libz.so.1.2.13
7f8732c6c000-7f8732c6d000 rw-p 0001d000 00:25 1006                       /usr/lib/x86_64-linux-gnu/libz.so.1.2.13
7f8732c6d000-7f8732c6e000 r--p 00000000 00:25 13891                      /usr/lib/locale/C.utf8/LC_ADDRESS
7f8732c6e000-7f8732c6f000 r--p 00000000 00:25 13901                      /usr/lib/locale/C.utf8/LC_TELEPHONE
7f8732c6f000-7f8732c70000 r--p 00000000 00:25 13895                      /usr/lib/locale/C.utf8/LC_MEASUREMENT
7f8732c70000-7f8732c71000 r--p 00000000 00:25 13894                      /usr/lib/locale/C.utf8/LC_IDENTIFICATION
7f8732c71000-7f8732c72000 ---p 00000000 00:00 0 
7f8732c72000-7f8732c73000 r--p 00000000 00:00 0 
7f8732c73000-7f8732c74000 ---p 00000000 00:00 0 
7f8732c74000-7f8732c76000 rw-p 00000000 00:00 0 
7f8732c76000-7f8732c77000 r--p 00000000 00:25 17646                      /usr/lib/x86_64-linux-gnu/ld-linux-x86-64.so.2
7f8732c77000-7f8732c9d000 r-xp 00001000 00:25 17646                      /usr/lib/x86_64-linux-gnu/ld-linux-x86-64.so.2
7f8732c9d000-7f8732ca7000 r--p 00027000 00:25 17646                      /usr/lib/x86_64-linux-gnu/ld-linux-x86-64.so.2
7f8732ca7000-7f8732ca9000 r--p 00031000 00:25 17646                      /usr/lib/x86_64-linux-gnu/ld-linux-x86-64.so.2
7f8732ca9000-7f8732cab000 rw-p 00033000 00:25 17646                      /usr/lib/x86_64-linux-gnu/ld-linux-x86-64.so.2
7ffdf329e000-7ffdf32bf000 rw-p 00000000 00:00 0                          [stack]
7ffdf32ff000-7ffdf3302000 r--p 00000000 00:00 0                          [vvar]
7ffdf3302000-7ffdf3304000 r-xp 00000000 00:00 0                          [vdso]
ffffffffff600000-ffffffffff601000 r-xp 00000000 00:00 0                  [vsyscall]


VM Arguments:
jvm_args: --add-opens=java.base/java.lang=ALL-UNNAMED --add-opens=java.base/java.lang.invoke=ALL-UNNAMED --add-opens=java.base/java.util=ALL-UNNAMED --add-opens=java.prefs/java.util.prefs=ALL-UNNAMED --add-exports=jdk.compiler/com.sun.tools.javac.api=ALL-UNNAMED --add-exports=jdk.compiler/com.sun.tools.javac.util=ALL-UNNAMED --add-opens=java.base/java.util=ALL-UNNAMED --add-opens=java.prefs/java.util.prefs=ALL-UNNAMED --add-opens=java.base/java.nio.charset=ALL-UNNAMED --add-opens=java.base/java.net=ALL-UNNAMED --add-opens=java.base/java.util.concurrent.atomic=ALL-UNNAMED --add-opens=java.xml/javax.xml.namespace=ALL-UNNAMED -Xmx2g -Dfile.encoding=UTF-8 -Duser.country -Duser.language=en -Duser.variant -javaagent:/tmp/gradle-8.11.1/lib/agents/gradle-instrumentation-agent-8.11.1.jar 
java_command: org.gradle.launcher.daemon.bootstrap.GradleDaemon 8.11.1
java_class_path (initial): /tmp/gradle-8.11.1/lib/gradle-daemon-main-8.11.1.jar
Launcher Type: SUN_STANDARD

[Global flags]
     intx CICompilerCount                          = 2                                         {product} {ergonomic}
     uint ConcGCThreads                            = 1                                         {product} {ergonomic}
     uint G1ConcRefinementThreads                  = 2                                         {product} {ergonomic}
   size_t G1HeapRegionSize                         = 1048576                                   {product} {ergonomic}
    uintx GCDrainStackTargetSize                   = 64                                        {product} {ergonomic}
   size_t InitialHeapSize                          = 33554432                                  {product} {ergonomic}
   size_t MarkStackSize                            = 4194304                                   {product} {ergonomic}
   size_t MaxHeapSize                              = 2147483648                                {product} {command line}
   size_t MaxNewSize                               = 1287651328                                {product} {ergonomic}
   size_t MinHeapDeltaBytes                        = 1048576                                   {product} {ergonomic}
   size_t MinHeapSize                              = 8388608                                   {product} {ergonomic}
    uintx NonNMethodCodeHeapSize                   = 5826188                                {pd product} {ergonomic}
    uintx NonProfiledCodeHeapSize                  = 122916026                              {pd product} {ergonomic}
    uintx ProfiledCodeHeapSize                     = 122916026                              {pd product} {ergonomic}
    uintx ReservedCodeCacheSize                    = 251658240                              {pd product} {ergonomic}
     bool SegmentedCodeCache                       = true                                      {product} {ergonomic}
   size_t SoftMaxHeapSize                          = 2147483648                             {manageable} {ergonomic}
     bool UseCompressedClassPointers               = true                           {product lp64_product} {ergonomic}
     bool UseCompressedOops                        = true                           {product lp64_product} {ergonomic}
     bool UseG1GC                                  = true                                      {product} {ergonomic}

Logging:
Log output configuration:
 #0: stdout all=warning uptime,level,tags
 #1: stderr all=off uptime,level,tags

Environment Variables:
PATH=/usr/local/sbin:/usr/local/bin:/usr/sbin:/usr/bin:/sbin:/bin
SHELL=/bin/bash
LANG=C.UTF-8
LC_ALL=C.UTF-8
TERM=tmux-256color

Active Locale:
LC_ALL=C.UTF-8
LC_COLLATE=C.UTF-8
LC_CTYPE=C.UTF-8
LC_MESSAGES=C.UTF-8
LC_MONETARY=C.UTF-8
LC_NUMERIC=C.UTF-8
LC_TIME=C.UTF-8

Signal Handlers:
   SIGSEGV: crash_handler in libjvm.so, mask=11100100010111111101111111111110, flags=SA_RESTART|SA_SIGINFO, unblocked
    SIGBUS: crash_handler in libjvm.so, mask=11100100010111111101111111111110, flags=SA_RESTART|SA_SIGINFO, unblocked
    SIGFPE: crash_handler in libjvm.so, mask=11100100010111111101111111111110, flags=SA_RESTART|SA_SIGINFO, unblocked
   SIGPIPE: javaSignalHandler in libjvm.so, mask=11100100010111111101111111111110, flags=SA_RESTART|SA_SIGINFO, unblocked
   SIGXFSZ: javaSignalHandler in libjvm.so, mask=11100100010111111101111111111110, flags=SA_RESTART|SA_SIGINFO, unblocked
    SIGILL: crash_handler in libjvm.so, mask=11100100010111111101111111111110, flags=SA_RESTART|SA_SIGINFO, unblocked
   SIGUSR2: SR_handler in libjvm.so, mask=00100000000000000000000000000000, flags=SA_RESTART|SA_SIGINFO, unblocked
    SIGHUP: UserHandler in libjvm.so, mask=11100100010111111101111111111110, flags=SA_RESTART|SA_SIGINFO, unblocked
    SIGINT: UserHandler in libjvm.so, mask=11100100010111111101111111111110, flags=SA_RESTART|SA_SIGINFO, unblocked
   SIGTERM: UserHandler in libjvm.so, mask=11100100010111111101111111111110, flags=SA_RESTART|SA_SIGINFO, unblocked
   SIGQUIT: UserHandler in libjvm.so, mask=11100100010111111101111111111110, flags=SA_RESTART|SA_SIGINFO, unblocked
   SIGTRAP: crash_handler in libjvm.so, mask=11100100010111111101111111111110, flags=SA_RESTART|SA_SIGINFO, unblocked


Periodic native trim disabled


---------------  S Y S T E M  ---------------

OS:
PRETTY_NAME="Debian GNU/Linux 12 (bookworm)"
NAME="Debian GNU/Linux"
VERSION_ID="12"
VERSION="12 (bookworm)"
VERSION_CODENAME=bookworm
ID=debian
HOME_URL="https://www.debian.org/"
SUPPORT_URL="https://www.debian.org/support"
BUG_REPORT_URL="https://bugs.debian.org/"
uname: Linux 4.19.91-c8dfc93.al7.x86_64 #1 SMP Tue Sep 26 10:25:51 UTC 2023 x86_64
OS uptime: 0 days 0:18 hours
libc: glibc 2.36 NPTL 2.36 
rlimit (soft/hard): STACK 8192k/infinity , CORE 0k/0k , NPROC 100000/100000 , NOFILE 100000/100000 , AS infinity/infinity , CPU infinity/infinity , DATA infinity/infinity , FSIZE infinity/infinity , MEMLOCK 64k/64k
load average: 5.47 3.25 1.67

/proc/meminfo:
MemTotal:        2152516 kB
MemFree:          209880 kB
MemAvailable:     248412 kB
Buffers:            8528 kB
Cached:            81432 kB
SwapCached:            0 kB
Active:          1789612 kB
Inactive:          66648 kB
Active(anon):    1766484 kB
Inactive(anon):       16 kB
Active(file):      23128 kB
Inactive(file):    66632 kB
Unevictable:           0 kB
Mlocked:               0 kB
SwapTotal:             0 kB
SwapFree:              0 kB
Dirty:             12564 kB
Writeback:             0 kB
AnonPages:       1766592 kB
Mapped:            24232 kB
Shmem:                36 kB
Slab:              34620 kB
SReclaimable:      21036 kB
SUnreclaim:        13584 kB
KernelStack:        3936 kB
PageTables:         5684 kB
NFS_Unstable:          0 kB
Bounce:                0 kB
WritebackTmp:          0 kB
CommitLimit:     1076256 kB
Committed_AS:    2039852 kB
VmallocTotal:   34359738367 kB
VmallocUsed:           0 kB
VmallocChunk:          0 kB
Percpu:              384 kB
AnonHugePages:    309248 kB
ShmemHugePages:        0 kB
ShmemPmdMapped:        0 kB
HugePages_Total:       0
HugePages_Free:        0
HugePages_Rsvd:        0
HugePages_Surp:        0
Hugepagesize:       2048 kB
Hugetlb:               0 kB
DirectMap4k:        8192 kB
DirectMap2M:     2523136 kB
DirectMap1G:           0 kB

/sys/kernel/mm/transparent_hugepage/enabled: [always] madvise never
/sys/kernel/mm/transparent_hugepage/hpage_pmd_size: 2097152
/sys/kernel/mm/transparent_hugepage/defrag (defrag/compaction efforts parameter): always defer defer+madvise madvise [never]

Process Memory:
Virtual Size: 4329248K (peak: 4869352K)
Resident Set Size: 562728K (peak: 562728K) (anon: 562728K, file: 0K, shmem: 0K)
Swapped out: 0K
C-Heap outstanding allocations: 91177K, retained: 23282K
glibc malloc tunables: (default)

/proc/sys/kernel/threads-max (system-wide limit on the number of threads): 1129
/proc/sys/vm/max_map_count (maximum number of memory map areas a process may have): 65530
/proc/sys/vm/swappiness (control to define how aggressively the kernel swaps out anonymous memory): 60
/proc/sys/kernel/pid_max (system-wide limit on number of process identifiers): 32768

container (cgroup) information:
container_type: cgroupv1
cpu_cpuset_cpus: 0-1
cpu_memory_nodes: 0
active_processor_count: 2
cpu_quota: no quota
cpu_period: 100000
cpu_shares: 12288
memory_limit_in_bytes: 2097152 k
memory_and_swap_limit_in_bytes: unlimited
memory_soft_limit_in_bytes: unlimited
memory_usage_in_bytes: 1881832 k
memory_max_usage_in_bytes: 2071324 k
rss_usage_in_bytes: 1759792 k
cache_usage_in_bytes: 89788 k
kernel_memory_limit_in_bytes: unlimited
kernel_memory_usage_in_bytes: 31884 k
kernel_memory_max_usage_in_bytes: 87728 k
maximum number of tasks: unlimited
current number of tasks: 173

KVM virtualization detected
Steal ticks since vm start: 9332
Steal ticks percentage since vm start:  0.354

CPU: total 2 (initial active 2) (2 cores per cpu, 1 threads per core) family 6 model 85 stepping 7 microcode 0x1, cx8, cmov, fxsr, mmx, 3dnowpref, sse, sse2, sse3, ssse3, sse4.1, sse4.2, popcnt, lzcnt, tsc, tscinvbit, avx, avx2, aes, erms, clmul, bmi1, bmi2, adx, avx512f, avx512dq, avx512cd, avx512bw, avx512vl, fma, vzeroupper, avx512_vnni, clflush, clflushopt, clwb, hv
CPU Model and flags from /proc/cpuinfo:
model name	: Intel(R) Xeon(R) Processor @ 2.50GHz
flags		: fpu vme de pse tsc msr pae mce cx8 apic sep mtrr pge mca cmov pat pse36 clflush mmx fxsr sse sse2 ss ht syscall nx pdpe1gb rdtscp lm constant_tsc rep_good nopl xtopology nonstop_tsc cpuid tsc_known_freq pni pclmulqdq ssse3 fma cx16 pcid sse4_1 sse4_2 x2apic movbe popcnt tsc_deadline_timer aes xsave avx f16c rdrand hypervisor lahf_lm abm 3dnowprefetch cpuid_fault invpcid_single ssbd ibrs ibpb stibp ibrs_enhanced fsgsbase tsc_adjust bmi1 avx2 smep bmi2 erms invpcid mpx avx512f avx512dq rdseed adx smap clflushopt clwb avx512cd avx512bw avx512vl xsaveopt xsavec xgetbv1 xsaves umip avx512_vnni md_clear arch_capabilities

Online cpus: 0-1
Offline cpus: 
BIOS frequency limitation: <Not Available>
Frequency switch latency (ns): <Not Available>
Available cpu frequencies: <Not Available>
Current governor: <Not Available>
Core performance/turbo boost: <Not Available>

Memory: 4k page, physical 2097152k(215320k free), swap 0k(0k free)
Page Sizes: 4k

vm_info: OpenJDK 64-Bit Server VM (17.0.20+8-1-deb12u1-Debian) for linux-amd64 JRE (17.0.20+8-1-deb12u1-Debian), built on Jul 28 2026 07:08:51 by "buildd" with gcc 12.2.0

END.
