#
# There is insufficient memory for the Java Runtime Environment to continue.
# Native memory allocation (mmap) failed to map 241172480 bytes. Error detail: committing reserved memory.
# Possible reasons:
#   The system is out of physical RAM or swap space
#   This process is running with CompressedOops enabled, and the Java Heap may be blocking the growth of the native heap
# Possible solutions:
#   Reduce memory load on the system
#   Increase physical memory or swap space
#   Check if swap backing store is full
#   Decrease Java heap size (-Xmx/-Xms)
#   Decrease number of Java threads
#   Decrease Java thread stack sizes (-Xss)
#   Set larger code cache with -XX:ReservedCodeCacheSize=
#   JVM is running with Unscaled Compressed Oops mode in which the Java heap is
#     placed in the first 4GB address space. The Java Heap base address is the
#     maximum limit for the native heap growth. Please use -XX:HeapBaseMinAddress
#     to set the Java Heap base and to place the Java Heap above 4GB virtual address.
# This output file may be truncated or incomplete.
#
#  Out of Memory Error (os_linux.cpp:2834), pid=3957, tid=3967
#
# JRE version: OpenJDK Runtime Environment (17.0.20+8) (build 17.0.20+8-1-deb12u1-Debian)
# Java VM: OpenJDK 64-Bit Server VM (17.0.20+8-1-deb12u1-Debian, mixed mode, sharing, tiered, compressed oops, compressed class ptrs, g1 gc, linux-amd64)
# No core dump will be written. Core dumps have been disabled. To enable core dumping, try "ulimit -c unlimited" before starting Java again
#

---------------  S U M M A R Y ------------

Command Line: --add-opens=java.base/java.lang=ALL-UNNAMED --add-opens=java.base/java.lang.invoke=ALL-UNNAMED --add-opens=java.base/java.util=ALL-UNNAMED --add-opens=java.prefs/java.util.prefs=ALL-UNNAMED --add-exports=jdk.compiler/com.sun.tools.javac.api=ALL-UNNAMED --add-exports=jdk.compiler/com.sun.tools.javac.util=ALL-UNNAMED --add-opens=java.base/java.util=ALL-UNNAMED --add-opens=java.prefs/java.util.prefs=ALL-UNNAMED --add-opens=java.base/java.nio.charset=ALL-UNNAMED --add-opens=java.base/java.net=ALL-UNNAMED --add-opens=java.base/java.util.concurrent.atomic=ALL-UNNAMED --add-opens=java.xml/javax.xml.namespace=ALL-UNNAMED -XX:MaxMetaspaceSize=512m -Xmx1024m -Dfile.encoding=UTF-8 -Duser.country -Duser.language=en -Duser.variant -javaagent:/tmp/gradle-8.11.1/lib/agents/gradle-instrumentation-agent-8.11.1.jar org.gradle.launcher.daemon.bootstrap.GradleDaemon 8.11.1

Host: Intel(R) Xeon(R) Processor @ 2.50GHz, 2 cores, 2G, Debian GNU/Linux 12 (bookworm)
Time: Tue Sep 29 05:30:17 2026 UTC elapsed time: 60.728425 seconds (0d 0h 1m 0s)

---------------  T H R E A D  ---------------

Current thread (0x00007f48380a72b0):  VMThread "VM Thread" [stack: 0x00007f483c520000,0x00007f483c620000] [id=3967]

Stack: [0x00007f483c520000,0x00007f483c620000],  sp=0x00007f483c61dd70,  free space=1015k
Native frames: (J=compiled Java code, j=interpreted, Vv=VM code, C=native code)
V  [libjvm.so+0xf21211]  VMError::report_and_die(int, char const*, char const*, __va_list_tag*, Thread*, unsigned char*, void*, void*, char const*, int, unsigned long)+0x171
V  [libjvm.so+0xf21d7d]  VMError::report_and_die(Thread*, char const*, int, unsigned long, VMErrorType, char const*, __va_list_tag*)+0x2d
V  [libjvm.so+0x60378c]  report_vm_out_of_memory(char const*, int, unsigned long, VMErrorType, char const*, ...)+0xdc
V  [libjvm.so+0xc2a14b]  os::pd_commit_memory_or_exit(char*, unsigned long, unsigned long, bool, char const*)+0xeb
V  [libjvm.so+0xc23ffb]  os::commit_memory_or_exit(char*, unsigned long, unsigned long, bool, char const*)+0x1b
V  [libjvm.so+0x733436]  G1PageBasedVirtualSpace::commit(unsigned long, unsigned long)+0x66
V  [libjvm.so+0x7473e0]  G1RegionsLargerThanCommitSizeMapper::commit_regions(unsigned int, unsigned long, WorkGang*)+0x110
V  [libjvm.so+0x7dadc8]  HeapRegionManager::commit_regions(unsigned int, unsigned long, WorkGang*)+0x88
V  [libjvm.so+0x7dcc0b]  HeapRegionManager::expand(unsigned int, unsigned int, WorkGang*)+0x2b
V  [libjvm.so+0x7dce27]  HeapRegionManager::expand_by(unsigned int, WorkGang*)+0x77
V  [libjvm.so+0x6ebed8]  G1CollectedHeap::expand(unsigned long, WorkGang*, double*)+0xe8
V  [libjvm.so+0x6efb29]  G1CollectedHeap::do_collection_pause_at_safepoint_helper(double)+0x8a9
V  [libjvm.so+0x6efb8f]  G1CollectedHeap::do_collection_pause_at_safepoint(double)+0x2f
V  [libjvm.so+0x76b9d7]  VM_G1CollectForAllocation::doit()+0x47
V  [libjvm.so+0xf26715]  VM_Operation::evaluate()+0xe5
V  [libjvm.so+0xf28005]  VMThread::evaluate_operation(VM_Operation*)+0x105
V  [libjvm.so+0xf2857f]  VMThread::inner_execute(VM_Operation*)+0x28f
V  [libjvm.so+0xf2878f]  VMThread::run()+0xbf
V  [libjvm.so+0xea40a5]  Thread::call_run()+0xa5
V  [libjvm.so+0xc2c8f3]  thread_native_entry(Thread*)+0xe3

VM_Operation (0x00007f47be4efbb0): G1CollectForAllocation, mode: safepoint, requested by thread 0x00007f47d03eaf40


---------------  P R O C E S S  ---------------

Threads class SMR info:
_java_thread_list=0x00007f47d04f8040, length=59, elements={
0x00007f483801ab50, 0x00007f48380ab3b0, 0x00007f48380ac790, 0x00007f48380b3470,
0x00007f48380b4820, 0x00007f48380b5c30, 0x00007f48380b75e0, 0x00007f48380b8b10,
0x00007f48380b9f80, 0x00007f48380c5890, 0x00007f4838183bb0, 0x00007f4839347d70,
0x00007f48393b1430, 0x00007f48393e8b20, 0x00007f47d4017060, 0x00007f47dc0044c0,
0x00007f47dc007460, 0x00007f47dc00d090, 0x00007f48080060d0, 0x00007f480800d330,
0x00007f480800fdb0, 0x00007f4808199c80, 0x00007f48081a1350, 0x00007f48081da3f0,
0x00007f48086e9390, 0x00007f48087b85a0, 0x00007f48087bd070, 0x00007f4808921a90,
0x00007f4808990d20, 0x00007f48089d44f0, 0x00007f4808bfe120, 0x00007f4808c0ae00,
0x00007f480924af20, 0x00007f48092640c0, 0x00007f4809258f80, 0x00007f48096cfbe0,
0x00007f48098369f0, 0x00007f4809a51470, 0x00007f480a44cbf0, 0x000055775369c6a0,
0x00007f47c801b270, 0x0000557753712e40, 0x00007f47c834f670, 0x00007f47c82d4c30,
0x0000557753732ca0, 0x000055775372e860, 0x00007f47c837c820, 0x00007f47c8380180,
0x00007f47c8381430, 0x000055775374c110, 0x0000557753751f30, 0x0000557753754300,
0x00005577538d1b90, 0x00005577538c9660, 0x0000557753a187b0, 0x00007f47c9320cd0,
0x00007f47c92ecca0, 0x00007f47c92fea50, 0x00007f47d03eaf40
}

Java Threads: ( => current thread )
  0x00007f483801ab50 JavaThread "main" [_thread_blocked, id=3959, stack(0x00007f483d995000,0x00007f483da95000)]
  0x00007f48380ab3b0 JavaThread "Reference Handler" daemon [_thread_blocked, id=3968, stack(0x00007f483c41f000,0x00007f483c51f000)]
  0x00007f48380ac790 JavaThread "Finalizer" daemon [_thread_blocked, id=3969, stack(0x00007f483c31e000,0x00007f483c41e000)]
  0x00007f48380b3470 JavaThread "Signal Dispatcher" daemon [_thread_blocked, id=3970, stack(0x00007f483c1c6000,0x00007f483c2c6000)]
  0x00007f48380b4820 JavaThread "Service Thread" daemon [_thread_blocked, id=3971, stack(0x00007f483c0c5000,0x00007f483c1c5000)]
  0x00007f48380b5c30 JavaThread "Monitor Deflation Thread" daemon [_thread_blocked, id=3972, stack(0x00007f481d411000,0x00007f481d511000)]
  0x00007f48380b75e0 JavaThread "C2 CompilerThread0" daemon [_thread_in_native, id=3973, stack(0x00007f481d310000,0x00007f481d410000)]
  0x00007f48380b8b10 JavaThread "C1 CompilerThread0" daemon [_thread_blocked, id=3974, stack(0x00007f481d20f000,0x00007f481d30f000)]
  0x00007f48380b9f80 JavaThread "Sweeper thread" daemon [_thread_blocked, id=3975, stack(0x00007f481d10e000,0x00007f481d20e000)]
  0x00007f48380c5890 JavaThread "Common-Cleaner" daemon [_thread_blocked, id=3976, stack(0x00007f481d00d000,0x00007f481d10d000)]
  0x00007f4838183bb0 JavaThread "Notification Thread" daemon [_thread_blocked, id=3978, stack(0x00007f481cf0c000,0x00007f481d00c000)]
  0x00007f4839347d70 JavaThread "Daemon health stats" [_thread_blocked, id=3986, stack(0x00007f481c900000,0x00007f481ca00000)]
  0x00007f48393b1430 JavaThread "Incoming local TCP Connector on port 39619" [_thread_in_native, id=3987, stack(0x00007f481c500000,0x00007f481c600000)]
  0x00007f48393e8b20 JavaThread "Daemon periodic checks" [_thread_blocked, id=3988, stack(0x00007f481c3ff000,0x00007f481c4ff000)]
  0x00007f47d4017060 JavaThread "Daemon" [_thread_blocked, id=3990, stack(0x00007f481c2fe000,0x00007f481c3fe000)]
  0x00007f47dc0044c0 JavaThread "Handler for socket connection from /127.0.0.1:39619 to /127.0.0.1:34102" [_thread_in_native, id=3991, stack(0x00007f481c1fd000,0x00007f481c2fd000)]
  0x00007f47dc007460 JavaThread "Cancel handler" [_thread_blocked, id=3992, stack(0x00007f481c0fc000,0x00007f481c1fc000)]
  0x00007f47dc00d090 JavaThread "Daemon worker" [_thread_blocked, id=3993, stack(0x00007f47e8f00000,0x00007f47e9000000)]
  0x00007f48080060d0 JavaThread "Asynchronous log dispatcher for DefaultDaemonConnection: socket connection from /127.0.0.1:39619 to /127.0.0.1:34102" [_thread_blocked, id=3994, stack(0x00007f47e8dff000,0x00007f47e8eff000)]
  0x00007f480800d330 JavaThread "Stdin handler" [_thread_blocked, id=3995, stack(0x00007f47e8cfe000,0x00007f47e8dfe000)]
  0x00007f480800fdb0 JavaThread "Daemon client event forwarder" [_thread_blocked, id=3996, stack(0x00007f47e8bfd000,0x00007f47e8cfd000)]
  0x00007f4808199c80 JavaThread "Cache worker for journal cache (/root/.gradle/caches/journal-1)" [_thread_blocked, id=3998, stack(0x00007f47e8afc000,0x00007f47e8bfc000)]
  0x00007f48081a1350 JavaThread "File lock request listener" [_thread_in_native, id=3999, stack(0x00007f47e89fb000,0x00007f47e8afb000)]
  0x00007f48081da3f0 JavaThread "Cache worker for file hash cache (/root/.gradle/caches/8.11.1/fileHashes)" [_thread_blocked, id=4000, stack(0x00007f47e88fa000,0x00007f47e89fa000)]
  0x00007f48086e9390 JavaThread "Cache worker for file content cache (/root/.gradle/caches/8.11.1/fileContent)" [_thread_blocked, id=4003, stack(0x00007f47e87f9000,0x00007f47e88f9000)]
  0x00007f48087b85a0 JavaThread "Cache worker for file hash cache (/workspace/repro/.gradle/8.11.1/fileHashes)" [_thread_blocked, id=4005, stack(0x00007f47e86f8000,0x00007f47e87f8000)]
  0x00007f48087bd070 JavaThread "Cache worker for Build Output Cleanup Cache (/workspace/repro/.gradle/buildOutputCleanup)" [_thread_blocked, id=4006, stack(0x00007f47e85f7000,0x00007f47e86f7000)]
  0x00007f4808921a90 JavaThread "Cache worker for checksums cache (/workspace/repro/.gradle/8.11.1/checksums)" [_thread_blocked, id=4009, stack(0x00007f47e84f6000,0x00007f47e85f6000)]
  0x00007f4808990d20 JavaThread "Cache worker for cache directory md-rule (/root/.gradle/caches/8.11.1/md-rule)" [_thread_blocked, id=4010, stack(0x00007f47e83f5000,0x00007f47e84f5000)]
  0x00007f48089d44f0 JavaThread "Cache worker for cache directory md-supplier (/root/.gradle/caches/8.11.1/md-supplier)" [_thread_blocked, id=4012, stack(0x00007f47e82f4000,0x00007f47e83f4000)]
  0x00007f4808bfe120 JavaThread "jar transforms" [_thread_blocked, id=4016, stack(0x00007f47e81f3000,0x00007f47e82f3000)]
  0x00007f4808c0ae00 JavaThread "jar transforms Thread 2" [_thread_blocked, id=4017, stack(0x00007f47e80f2000,0x00007f47e81f2000)]
  0x00007f480924af20 JavaThread "Unconstrained build operations" [_thread_blocked, id=4026, stack(0x00007f47c3f00000,0x00007f47c4000000)]
  0x00007f48092640c0 JavaThread "Unconstrained build operations Thread 2" [_thread_blocked, id=4027, stack(0x00007f47c3dff000,0x00007f47c3eff000)]
  0x00007f4809258f80 JavaThread "Unconstrained build operations Thread 3" [_thread_blocked, id=4030, stack(0x00007f47c3cfe000,0x00007f47c3dfe000)]
  0x00007f48096cfbe0 JavaThread "Problems report writer" [_thread_blocked, id=4038, stack(0x00007f47c3bfd000,0x00007f47c3cfd000)]
  0x00007f48098369f0 JavaThread "Memory manager" [_thread_blocked, id=4042, stack(0x00007f47c3afc000,0x00007f47c3bfc000)]
  0x00007f4809a51470 JavaThread "build event listener" [_thread_blocked, id=4048, stack(0x00007f47c39fb000,0x00007f47c3afb000)]
  0x00007f480a44cbf0 JavaThread "included builds" [_thread_blocked, id=4066, stack(0x00007f47c38fa000,0x00007f47c39fa000)]
  0x000055775369c6a0 JavaThread "Execution worker" [_thread_blocked, id=4067, stack(0x00007f47c37f9000,0x00007f47c38f9000)]
  0x00007f47c801b270 JavaThread "Cache worker for execution history cache (/workspace/repro/.gradle/8.11.1/executionHistory)" [_thread_blocked, id=4068, stack(0x00007f47c36f8000,0x00007f47c37f8000)]
  0x0000557753712e40 JavaThread "Unconstrained build operations Thread 4" [_thread_blocked, id=4070, stack(0x00007f47c35f7000,0x00007f47c36f7000)]
  0x00007f47c834f670 JavaThread "Unconstrained build operations Thread 5" [_thread_blocked, id=4074, stack(0x00007f47c34f6000,0x00007f47c35f6000)]
  0x00007f47c82d4c30 JavaThread "Unconstrained build operations Thread 6" [_thread_blocked, id=4075, stack(0x00007f47c33f5000,0x00007f47c34f5000)]
  0x0000557753732ca0 JavaThread "Unconstrained build operations Thread 7" [_thread_blocked, id=4076, stack(0x00007f47c32f4000,0x00007f47c33f4000)]
  0x000055775372e860 JavaThread "Unconstrained build operations Thread 8" [_thread_blocked, id=4078, stack(0x00007f47c31f3000,0x00007f47c32f3000)]
  0x00007f47c837c820 JavaThread "Unconstrained build operations Thread 9" [_thread_blocked, id=4079, stack(0x00007f47c30f2000,0x00007f47c31f2000)]
  0x00007f47c8380180 JavaThread "Unconstrained build operations Thread 10" [_thread_blocked, id=4080, stack(0x00007f47bef00000,0x00007f47bf000000)]
  0x00007f47c8381430 JavaThread "Unconstrained build operations Thread 11" [_thread_blocked, id=4082, stack(0x00007f47bedff000,0x00007f47beeff000)]
  0x000055775374c110 JavaThread "Unconstrained build operations Thread 12" [_thread_blocked, id=4084, stack(0x00007f47becfe000,0x00007f47bedfe000)]
  0x0000557753751f30 JavaThread "Unconstrained build operations Thread 13" [_thread_blocked, id=4085, stack(0x00007f47bebfd000,0x00007f47becfd000)]
  0x0000557753754300 JavaThread "Unconstrained build operations Thread 14" [_thread_blocked, id=4086, stack(0x00007f47beafc000,0x00007f47bebfc000)]
  0x00005577538d1b90 JavaThread "Unconstrained build operations Thread 15" [_thread_blocked, id=4099, stack(0x00007f47be9fb000,0x00007f47beafb000)]
  0x00005577538c9660 JavaThread "Unconstrained build operations Thread 16" [_thread_blocked, id=4106, stack(0x00007f47be8fa000,0x00007f47be9fa000)]
  0x0000557753a187b0 JavaThread "WorkerExecutor Queue" [_thread_blocked, id=4112, stack(0x00007f47be7f9000,0x00007f47be8f9000)]
  0x00007f47c9320cd0 JavaThread "Unconstrained build operations Thread 17" [_thread_blocked, id=4128, stack(0x00007f47be6f8000,0x00007f47be7f8000)]
  0x00007f47c92ecca0 JavaThread "WorkerExecutor Queue Thread 2" [_thread_blocked, id=4136, stack(0x00007f47be5f7000,0x00007f47be6f7000)]
  0x00007f47c92fea50 JavaThread "Unconstrained build operations Thread 18" [_thread_blocked, id=4140, stack(0x00007f47be4f6000,0x00007f47be5f6000)]
  0x00007f47d03eaf40 JavaThread "pool-3-thread-1" [_thread_blocked, id=4142, stack(0x00007f47be3f5000,0x00007f47be4f5000)]

Other Threads:
=>0x00007f48380a72b0 VMThread "VM Thread" [stack: 0x00007f483c520000,0x00007f483c620000] [id=3967]
  0x00007f483801cf10 WatcherThread [stack: 0x00007f481ce0b000,0x00007f481cf0b000] [id=3979]
  0x00007f48380571d0 GCTaskThread "GC Thread#0" [stack: 0x00007f483ce4c000,0x00007f483cf4c000] [id=3962]
  0x00007f47e4004990 GCTaskThread "GC Thread#1" [stack: 0x00007f481cd0a000,0x00007f481ce0a000] [id=3980]
  0x00007f48380607b0 ConcurrentGCThread "G1 Main Marker" [stack: 0x00007f483cd4b000,0x00007f483ce4b000] [id=3963]
  0x00007f4838061720 ConcurrentGCThread "G1 Conc#0" [stack: 0x00007f483cc4a000,0x00007f483cd4a000] [id=3964]
  0x00007f4838080350 ConcurrentGCThread "G1 Refine#0" [stack: 0x00007f483c947000,0x00007f483ca47000] [id=3965]
  0x00007f4808000ea0 ConcurrentGCThread "G1 Refine#1" [stack: 0x00007f481cc09000,0x00007f481cd09000] [id=3982]
  0x00007f4838081250 ConcurrentGCThread "G1 Service" [stack: 0x00007f483c846000,0x00007f483c946000] [id=3966]

Threads with active compile tasks:
C2 CompilerThread0  60800 17821   !   4       java.net.URLClassLoader::defineClass (224 bytes)

VM state: at safepoint (normal execution)

VM Mutex/Monitor currently owned by a thread:  ([mutex/lock_event])
[0x00007f4838017940] Threads_lock - owner thread: 0x00007f48380a72b0
[0x00007f48380180f0] Heap_lock - owner thread: 0x00007f47d03eaf40

Heap address: 0x00000000c0000000, size: 1024 MB, Compressed Oops mode: 32-bit

CDS archive(s) mapped at: [0x00007f47ed000000-0x00007f47edbca000-0x00007f47edbca000), size 12361728, SharedBaseAddress: 0x00007f47ed000000, ArchiveRelocationMode: 1.
Compressed class space mapped at: 0x00007f47ee000000-0x00007f4808000000, reserved size: 436207616
Narrow klass base: 0x00007f47ed000000, Narrow klass shift: 0, Narrow klass range: 0x100000000

GC Precious Log:
 CPUs: 2 total, 2 available
 Memory: 2048M
 Large Page Support: Disabled
 NUMA Support: Disabled
 Compressed Oops: Enabled (32-bit)
 Heap Region Size: 1M
 Heap Min Capacity: 8M
 Heap Initial Capacity: 32M
 Heap Max Capacity: 1G
 Pre-touch: Disabled
 Parallel Workers: 2
 Concurrent Workers: 1
 Concurrent Refinement Workers: 2
 Periodic GC: Disabled

Heap:
 garbage-first heap   total 459776K, used 137370K [0x00000000c0000000, 0x0000000100000000)
  region size 1024K, 5 young (5120K), 5 survivors (5120K)
 Metaspace       used 170347K, committed 171200K, reserved 622592K
  class space    used 22194K, committed 22592K, reserved 425984K

Heap Regions: E=young(eden), S=young(survivor), O=old, HS=humongous(starts), HC=humongous(continues), CS=collection set, F=free, OA=open archive, CA=closed archive, TAMS=top-at-mark-start (previous, next)
|   0|0x00000000c0000000, 0x00000000c0100000, 0x00000000c0100000|100%|HS|  |TAMS 0x00000000c0100000, 0x00000000c0000000| Complete 
|   1|0x00000000c0100000, 0x00000000c0200000, 0x00000000c0200000|100%|HC|  |TAMS 0x00000000c0200000, 0x00000000c0100000| Complete 
|   2|0x00000000c0200000, 0x00000000c0300000, 0x00000000c0300000|100%|HC|  |TAMS 0x00000000c0300000, 0x00000000c0200000| Complete 
|   3|0x00000000c0300000, 0x00000000c0400000, 0x00000000c0400000|100%| O|  |TAMS 0x00000000c0400000, 0x00000000c0300000| Untracked 
|   4|0x00000000c0400000, 0x00000000c0500000, 0x00000000c0500000|100%| O|  |TAMS 0x00000000c0500000, 0x00000000c0400000| Untracked 
|   5|0x00000000c0500000, 0x00000000c0600000, 0x00000000c0600000|100%| O|  |TAMS 0x00000000c0600000, 0x00000000c0500000| Untracked 
|   6|0x00000000c0600000, 0x00000000c0700000, 0x00000000c0700000|100%| O|  |TAMS 0x00000000c0700000, 0x00000000c0600000| Untracked 
|   7|0x00000000c0700000, 0x00000000c0800000, 0x00000000c0800000|100%| O|  |TAMS 0x00000000c0800000, 0x00000000c0700000| Untracked 
|   8|0x00000000c0800000, 0x00000000c0900000, 0x00000000c0900000|100%| O|  |TAMS 0x00000000c0900000, 0x00000000c0800000| Untracked 
|   9|0x00000000c0900000, 0x00000000c0a00000, 0x00000000c0a00000|100%| O|  |TAMS 0x00000000c0a00000, 0x00000000c0900000| Untracked 
|  10|0x00000000c0a00000, 0x00000000c0b00000, 0x00000000c0b00000|100%|HS|  |TAMS 0x00000000c0b00000, 0x00000000c0a00000| Complete 
|  11|0x00000000c0b00000, 0x00000000c0c00000, 0x00000000c0c00000|100%| O|  |TAMS 0x00000000c0c00000, 0x00000000c0b00000| Untracked 
|  12|0x00000000c0c00000, 0x00000000c0d00000, 0x00000000c0d00000|100%| O|  |TAMS 0x00000000c0d00000, 0x00000000c0c00000| Untracked 
|  13|0x00000000c0d00000, 0x00000000c0e00000, 0x00000000c0e00000|100%| O|  |TAMS 0x00000000c0e00000, 0x00000000c0d00000| Untracked 
|  14|0x00000000c0e00000, 0x00000000c0f00000, 0x00000000c0f00000|100%| O|  |TAMS 0x00000000c0f00000, 0x00000000c0e00000| Untracked 
|  15|0x00000000c0f00000, 0x00000000c1000000, 0x00000000c1000000|100%| O|  |TAMS 0x00000000c1000000, 0x00000000c0f00000| Untracked 
|  16|0x00000000c1000000, 0x00000000c1100000, 0x00000000c1100000|100%| O|  |TAMS 0x00000000c1100000, 0x00000000c1000000| Untracked 
|  17|0x00000000c1100000, 0x00000000c1200000, 0x00000000c1200000|100%| O|  |TAMS 0x00000000c1200000, 0x00000000c1100000| Untracked 
|  18|0x00000000c1200000, 0x00000000c1300000, 0x00000000c1300000|100%| O|  |TAMS 0x00000000c1300000, 0x00000000c1200000| Untracked 
|  19|0x00000000c1300000, 0x00000000c1400000, 0x00000000c1400000|100%| O|  |TAMS 0x00000000c1400000, 0x00000000c1300000| Untracked 
|  20|0x00000000c1400000, 0x00000000c1500000, 0x00000000c1500000|100%| O|  |TAMS 0x00000000c1500000, 0x00000000c1400000| Untracked 
|  21|0x00000000c1500000, 0x00000000c1600000, 0x00000000c1600000|100%| O|  |TAMS 0x00000000c1600000, 0x00000000c1500000| Untracked 
|  22|0x00000000c1600000, 0x00000000c1700000, 0x00000000c1700000|100%| O|  |TAMS 0x00000000c1700000, 0x00000000c1600000| Untracked 
|  23|0x00000000c1700000, 0x00000000c1800000, 0x00000000c1800000|100%| O|  |TAMS 0x00000000c1800000, 0x00000000c1700000| Untracked 
|  24|0x00000000c1800000, 0x00000000c1900000, 0x00000000c1900000|100%| O|  |TAMS 0x00000000c1900000, 0x00000000c1800000| Untracked 
|  25|0x00000000c1900000, 0x00000000c1a00000, 0x00000000c1a00000|100%| O|  |TAMS 0x00000000c1a00000, 0x00000000c1900000| Untracked 
|  26|0x00000000c1a00000, 0x00000000c1b00000, 0x00000000c1b00000|100%| O|  |TAMS 0x00000000c1b00000, 0x00000000c1a00000| Untracked 
|  27|0x00000000c1b00000, 0x00000000c1c00000, 0x00000000c1c00000|100%| O|  |TAMS 0x00000000c1c00000, 0x00000000c1b00000| Untracked 
|  28|0x00000000c1c00000, 0x00000000c1d00000, 0x00000000c1d00000|100%| O|  |TAMS 0x00000000c1d00000, 0x00000000c1c00000| Untracked 
|  29|0x00000000c1d00000, 0x00000000c1e00000, 0x00000000c1e00000|100%| O|  |TAMS 0x00000000c1e00000, 0x00000000c1d00000| Untracked 
|  30|0x00000000c1e00000, 0x00000000c1f00000, 0x00000000c1f00000|100%| O|  |TAMS 0x00000000c1f00000, 0x00000000c1e00000| Untracked 
|  31|0x00000000c1f00000, 0x00000000c2000000, 0x00000000c2000000|100%| O|  |TAMS 0x00000000c2000000, 0x00000000c1f00000| Untracked 
|  32|0x00000000c2000000, 0x00000000c2100000, 0x00000000c2100000|100%| O|  |TAMS 0x00000000c2100000, 0x00000000c2000000| Untracked 
|  33|0x00000000c2100000, 0x00000000c2200000, 0x00000000c2200000|100%| O|  |TAMS 0x00000000c2200000, 0x00000000c2100000| Untracked 
|  34|0x00000000c2200000, 0x00000000c2300000, 0x00000000c2300000|100%| O|  |TAMS 0x00000000c2300000, 0x00000000c2200000| Untracked 
|  35|0x00000000c2300000, 0x00000000c2400000, 0x00000000c2400000|100%| O|  |TAMS 0x00000000c2400000, 0x00000000c2300000| Untracked 
|  36|0x00000000c2400000, 0x00000000c2500000, 0x00000000c2500000|100%| O|  |TAMS 0x00000000c2500000, 0x00000000c2400000| Untracked 
|  37|0x00000000c2500000, 0x00000000c2600000, 0x00000000c2600000|100%|HS|  |TAMS 0x00000000c2600000, 0x00000000c2500000| Complete 
|  38|0x00000000c2600000, 0x00000000c2700000, 0x00000000c2700000|100%|HS|  |TAMS 0x00000000c2700000, 0x00000000c2600000| Complete 
|  39|0x00000000c2700000, 0x00000000c2800000, 0x00000000c2800000|100%|HC|  |TAMS 0x00000000c2800000, 0x00000000c2700000| Complete 
|  40|0x00000000c2800000, 0x00000000c2900000, 0x00000000c2900000|100%|HS|  |TAMS 0x00000000c2900000, 0x00000000c2800000| Complete 
|  41|0x00000000c2900000, 0x00000000c2a00000, 0x00000000c2a00000|100%|HS|  |TAMS 0x00000000c2a00000, 0x00000000c2900000| Complete 
|  42|0x00000000c2a00000, 0x00000000c2b00000, 0x00000000c2b00000|100%| O|  |TAMS 0x00000000c2b00000, 0x00000000c2a00000| Untracked 
|  43|0x00000000c2b00000, 0x00000000c2c00000, 0x00000000c2c00000|100%| O|  |TAMS 0x00000000c2c00000, 0x00000000c2b00000| Untracked 
|  44|0x00000000c2c00000, 0x00000000c2d00000, 0x00000000c2d00000|100%| O|  |TAMS 0x00000000c2d00000, 0x00000000c2c00000| Untracked 
|  45|0x00000000c2d00000, 0x00000000c2e00000, 0x00000000c2e00000|100%|HS|  |TAMS 0x00000000c2e00000, 0x00000000c2d00000| Complete 
|  46|0x00000000c2e00000, 0x00000000c2f00000, 0x00000000c2f00000|100%|HC|  |TAMS 0x00000000c2f00000, 0x00000000c2e00000| Complete 
|  47|0x00000000c2f00000, 0x00000000c3000000, 0x00000000c3000000|100%|HC|  |TAMS 0x00000000c3000000, 0x00000000c2f00000| Complete 
|  48|0x00000000c3000000, 0x00000000c3100000, 0x00000000c3100000|100%|HC|  |TAMS 0x00000000c3100000, 0x00000000c3000000| Complete 
|  49|0x00000000c3100000, 0x00000000c3200000, 0x00000000c3200000|100%|HS|  |TAMS 0x00000000c3200000, 0x00000000c3100000| Complete 
|  50|0x00000000c3200000, 0x00000000c3300000, 0x00000000c3300000|100%| O|  |TAMS 0x00000000c3300000, 0x00000000c3200000| Untracked 
|  51|0x00000000c3300000, 0x00000000c3400000, 0x00000000c3400000|100%| O|  |TAMS 0x00000000c3400000, 0x00000000c3300000| Untracked 
|  52|0x00000000c3400000, 0x00000000c3500000, 0x00000000c3500000|100%| O|  |TAMS 0x00000000c3500000, 0x00000000c3400000| Untracked 
|  53|0x00000000c3500000, 0x00000000c3600000, 0x00000000c3600000|100%| O|  |TAMS 0x00000000c3600000, 0x00000000c3500000| Untracked 
|  54|0x00000000c3600000, 0x00000000c3700000, 0x00000000c3700000|100%| O|  |TAMS 0x00000000c3700000, 0x00000000c3600000| Untracked 
|  55|0x00000000c3700000, 0x00000000c3800000, 0x00000000c3800000|100%| O|  |TAMS 0x00000000c3800000, 0x00000000c3700000| Untracked 
|  56|0x00000000c3800000, 0x00000000c3900000, 0x00000000c3900000|100%| O|  |TAMS 0x00000000c3900000, 0x00000000c3800000| Untracked 
|  57|0x00000000c3900000, 0x00000000c3a00000, 0x00000000c3a00000|100%| O|  |TAMS 0x00000000c3a00000, 0x00000000c3900000| Untracked 
|  58|0x00000000c3a00000, 0x00000000c3b00000, 0x00000000c3b00000|100%| O|  |TAMS 0x00000000c3b00000, 0x00000000c3a00000| Untracked 
|  59|0x00000000c3b00000, 0x00000000c3c00000, 0x00000000c3c00000|100%| O|  |TAMS 0x00000000c3c00000, 0x00000000c3b00000| Untracked 
|  60|0x00000000c3c00000, 0x00000000c3d00000, 0x00000000c3d00000|100%| O|  |TAMS 0x00000000c3d00000, 0x00000000c3c00000| Untracked 
|  61|0x00000000c3d00000, 0x00000000c3e00000, 0x00000000c3e00000|100%| O|  |TAMS 0x00000000c3e00000, 0x00000000c3d00000| Untracked 
|  62|0x00000000c3e00000, 0x00000000c3f00000, 0x00000000c3f00000|100%| O|  |TAMS 0x00000000c3f00000, 0x00000000c3e00000| Untracked 
|  63|0x00000000c3f00000, 0x00000000c4000000, 0x00000000c4000000|100%| O|  |TAMS 0x00000000c4000000, 0x00000000c3f00000| Untracked 
|  64|0x00000000c4000000, 0x00000000c4100000, 0x00000000c4100000|100%| O|  |TAMS 0x00000000c4100000, 0x00000000c4000000| Untracked 
|  65|0x00000000c4100000, 0x00000000c4200000, 0x00000000c4200000|100%| O|  |TAMS 0x00000000c4200000, 0x00000000c4100000| Untracked 
|  66|0x00000000c4200000, 0x00000000c4300000, 0x00000000c4300000|100%| O|  |TAMS 0x00000000c4300000, 0x00000000c4200000| Untracked 
|  67|0x00000000c4300000, 0x00000000c4400000, 0x00000000c4400000|100%| O|  |TAMS 0x00000000c4400000, 0x00000000c4300000| Untracked 
|  68|0x00000000c4400000, 0x00000000c4400000, 0x00000000c4500000|  0%| F|  |TAMS 0x00000000c4400000, 0x00000000c4400000| Untracked 
|  69|0x00000000c4500000, 0x00000000c4600000, 0x00000000c4600000|100%| O|  |TAMS 0x00000000c4600000, 0x00000000c4500000| Untracked 
|  70|0x00000000c4600000, 0x00000000c4700000, 0x00000000c4700000|100%| O|  |TAMS 0x00000000c4700000, 0x00000000c4600000| Untracked 
|  71|0x00000000c4700000, 0x00000000c4800000, 0x00000000c4800000|100%| O|  |TAMS 0x00000000c4800000, 0x00000000c4700000| Untracked 
|  72|0x00000000c4800000, 0x00000000c4900000, 0x00000000c4900000|100%| O|  |TAMS 0x00000000c4900000, 0x00000000c4800000| Untracked 
|  73|0x00000000c4900000, 0x00000000c4a00000, 0x00000000c4a00000|100%| O|  |TAMS 0x00000000c4a00000, 0x00000000c4900000| Untracked 
|  74|0x00000000c4a00000, 0x00000000c4b00000, 0x00000000c4b00000|100%|HS|  |TAMS 0x00000000c4b00000, 0x00000000c4a00000| Complete 
|  75|0x00000000c4b00000, 0x00000000c4c00000, 0x00000000c4c00000|100%|HC|  |TAMS 0x00000000c4c00000, 0x00000000c4b00000| Complete 
|  76|0x00000000c4c00000, 0x00000000c4d00000, 0x00000000c4d00000|100%|HS|  |TAMS 0x00000000c4d00000, 0x00000000c4c00000| Complete 
|  77|0x00000000c4d00000, 0x00000000c4e00000, 0x00000000c4e00000|100%|HC|  |TAMS 0x00000000c4e00000, 0x00000000c4d00000| Complete 
|  78|0x00000000c4e00000, 0x00000000c4f00000, 0x00000000c4f00000|100%|HC|  |TAMS 0x00000000c4f00000, 0x00000000c4e00000| Complete 
|  79|0x00000000c4f00000, 0x00000000c5000000, 0x00000000c5000000|100%|HC|  |TAMS 0x00000000c5000000, 0x00000000c4f00000| Complete 
|  80|0x00000000c5000000, 0x00000000c5100000, 0x00000000c5100000|100%| O|  |TAMS 0x00000000c5100000, 0x00000000c5000000| Untracked 
|  81|0x00000000c5100000, 0x00000000c5200000, 0x00000000c5200000|100%| O|  |TAMS 0x00000000c5200000, 0x00000000c5100000| Untracked 
|  82|0x00000000c5200000, 0x00000000c5300000, 0x00000000c5300000|100%| O|  |TAMS 0x00000000c5300000, 0x00000000c5200000| Untracked 
|  83|0x00000000c5300000, 0x00000000c5400000, 0x00000000c5400000|100%| O|  |TAMS 0x00000000c5400000, 0x00000000c5300000| Untracked 
|  84|0x00000000c5400000, 0x00000000c5500000, 0x00000000c5500000|100%| O|  |TAMS 0x00000000c5500000, 0x00000000c5400000| Untracked 
|  85|0x00000000c5500000, 0x00000000c5600000, 0x00000000c5600000|100%| O|  |TAMS 0x00000000c5600000, 0x00000000c5500000| Untracked 
|  86|0x00000000c5600000, 0x00000000c5700000, 0x00000000c5700000|100%| O|  |TAMS 0x00000000c5700000, 0x00000000c5600000| Untracked 
|  87|0x00000000c5700000, 0x00000000c5800000, 0x00000000c5800000|100%| O|  |TAMS 0x00000000c5800000, 0x00000000c5700000| Untracked 
|  88|0x00000000c5800000, 0x00000000c5900000, 0x00000000c5900000|100%| O|  |TAMS 0x00000000c5900000, 0x00000000c5800000| Untracked 
|  89|0x00000000c5900000, 0x00000000c5a00000, 0x00000000c5a00000|100%| O|  |TAMS 0x00000000c5a00000, 0x00000000c5900000| Untracked 
|  90|0x00000000c5a00000, 0x00000000c5b00000, 0x00000000c5b00000|100%| O|  |TAMS 0x00000000c5b00000, 0x00000000c5a00000| Untracked 
|  91|0x00000000c5b00000, 0x00000000c5c00000, 0x00000000c5c00000|100%| O|  |TAMS 0x00000000c5c00000, 0x00000000c5b00000| Untracked 
|  92|0x00000000c5c00000, 0x00000000c5d00000, 0x00000000c5d00000|100%| O|  |TAMS 0x00000000c5d00000, 0x00000000c5c00000| Untracked 
|  93|0x00000000c5d00000, 0x00000000c5e00000, 0x00000000c5e00000|100%| O|  |TAMS 0x00000000c5e00000, 0x00000000c5d00000| Untracked 
|  94|0x00000000c5e00000, 0x00000000c5f00000, 0x00000000c5f00000|100%| O|  |TAMS 0x00000000c5f00000, 0x00000000c5e00000| Untracked 
|  95|0x00000000c5f00000, 0x00000000c6000000, 0x00000000c6000000|100%| O|  |TAMS 0x00000000c6000000, 0x00000000c5f00000| Untracked 
|  96|0x00000000c6000000, 0x00000000c6100000, 0x00000000c6100000|100%| O|  |TAMS 0x00000000c6100000, 0x00000000c6000000| Untracked 
|  97|0x00000000c6100000, 0x00000000c6200000, 0x00000000c6200000|100%| O|  |TAMS 0x00000000c6200000, 0x00000000c6100000| Untracked 
|  98|0x00000000c6200000, 0x00000000c6300000, 0x00000000c6300000|100%| O|  |TAMS 0x00000000c6300000, 0x00000000c6200000| Untracked 
|  99|0x00000000c6300000, 0x00000000c6400000, 0x00000000c6400000|100%| O|  |TAMS 0x00000000c6400000, 0x00000000c6300000| Untracked 
| 100|0x00000000c6400000, 0x00000000c6500000, 0x00000000c6500000|100%| O|  |TAMS 0x00000000c6500000, 0x00000000c6400000| Untracked 
| 101|0x00000000c6500000, 0x00000000c6600000, 0x00000000c6600000|100%| O|  |TAMS 0x00000000c6600000, 0x00000000c6500000| Untracked 
| 102|0x00000000c6600000, 0x00000000c6700000, 0x00000000c6700000|100%| O|  |TAMS 0x00000000c6600000, 0x00000000c6600000| Untracked 
| 103|0x00000000c6700000, 0x00000000c6800000, 0x00000000c6800000|100%| O|  |TAMS 0x00000000c6700000, 0x00000000c6700000| Untracked 
| 104|0x00000000c6800000, 0x00000000c6900000, 0x00000000c6900000|100%| O|  |TAMS 0x00000000c6800000, 0x00000000c6800000| Untracked 
| 105|0x00000000c6900000, 0x00000000c6a00000, 0x00000000c6a00000|100%| O|  |TAMS 0x00000000c6900000, 0x00000000c6900000| Untracked 
| 106|0x00000000c6a00000, 0x00000000c6b00000, 0x00000000c6b00000|100%| O|  |TAMS 0x00000000c6a00000, 0x00000000c6a00000| Untracked 
| 107|0x00000000c6b00000, 0x00000000c6b00000, 0x00000000c6c00000|  0%| F|  |TAMS 0x00000000c6b00000, 0x00000000c6b00000| Untracked 
| 108|0x00000000c6c00000, 0x00000000c6d00000, 0x00000000c6d00000|100%| O|  |TAMS 0x00000000c6d00000, 0x00000000c6c00000| Untracked 
| 109|0x00000000c6d00000, 0x00000000c6e00000, 0x00000000c6e00000|100%|HS|  |TAMS 0x00000000c6e00000, 0x00000000c6d00000| Complete 
| 110|0x00000000c6e00000, 0x00000000c6f00000, 0x00000000c6f00000|100%| O|  |TAMS 0x00000000c6f00000, 0x00000000c6e00000| Untracked 
| 111|0x00000000c6f00000, 0x00000000c7000000, 0x00000000c7000000|100%| O|  |TAMS 0x00000000c7000000, 0x00000000c6f00000| Untracked 
| 112|0x00000000c7000000, 0x00000000c7100000, 0x00000000c7100000|100%| O|  |TAMS 0x00000000c7100000, 0x00000000c7000000| Untracked 
| 113|0x00000000c7100000, 0x00000000c7100000, 0x00000000c7200000|  0%| F|  |TAMS 0x00000000c7100000, 0x00000000c7100000| Untracked 
| 114|0x00000000c7200000, 0x00000000c7200000, 0x00000000c7300000|  0%| F|  |TAMS 0x00000000c7200000, 0x00000000c7200000| Untracked 
| 115|0x00000000c7300000, 0x00000000c7400000, 0x00000000c7400000|100%| O|  |TAMS 0x00000000c7400000, 0x00000000c7300000| Untracked 
| 116|0x00000000c7400000, 0x00000000c7500000, 0x00000000c7500000|100%| O|  |TAMS 0x00000000c7500000, 0x00000000c7400000| Untracked 
| 117|0x00000000c7500000, 0x00000000c7600000, 0x00000000c7600000|100%| O|  |TAMS 0x00000000c7600000, 0x00000000c7500000| Untracked 
| 118|0x00000000c7600000, 0x00000000c7700000, 0x00000000c7700000|100%| O|  |TAMS 0x00000000c7700000, 0x00000000c7600000| Untracked 
| 119|0x00000000c7700000, 0x00000000c7800000, 0x00000000c7800000|100%| O|  |TAMS 0x00000000c7800000, 0x00000000c7700000| Untracked 
| 120|0x00000000c7800000, 0x00000000c7900000, 0x00000000c7900000|100%| O|  |TAMS 0x00000000c7900000, 0x00000000c7800000| Untracked 
| 121|0x00000000c7900000, 0x00000000c7a00000, 0x00000000c7a00000|100%| O|  |TAMS 0x00000000c7a00000, 0x00000000c7900000| Untracked 
| 122|0x00000000c7a00000, 0x00000000c7b00000, 0x00000000c7b00000|100%| O|  |TAMS 0x00000000c7b00000, 0x00000000c7a00000| Untracked 
| 123|0x00000000c7b00000, 0x00000000c7c00000, 0x00000000c7c00000|100%| O|  |TAMS 0x00000000c7c00000, 0x00000000c7b00000| Untracked 
| 124|0x00000000c7c00000, 0x00000000c7d00000, 0x00000000c7d00000|100%| O|  |TAMS 0x00000000c7d00000, 0x00000000c7c00000| Untracked 
| 125|0x00000000c7d00000, 0x00000000c7e00000, 0x00000000c7e00000|100%| O|  |TAMS 0x00000000c7e00000, 0x00000000c7d00000| Untracked 
| 126|0x00000000c7e00000, 0x00000000c7f00000, 0x00000000c7f00000|100%| O|  |TAMS 0x00000000c7f00000, 0x00000000c7e00000| Untracked 
| 127|0x00000000c7f00000, 0x00000000c8000000, 0x00000000c8000000|100%| O|  |TAMS 0x00000000c8000000, 0x00000000c7f00000| Untracked 
| 128|0x00000000c8000000, 0x00000000c8100000, 0x00000000c8100000|100%| O|  |TAMS 0x00000000c80dd400, 0x00000000c8000000| Untracked 
| 129|0x00000000c8100000, 0x00000000c8200000, 0x00000000c8200000|100%| O|  |TAMS 0x00000000c8100000, 0x00000000c8100000| Untracked 
| 130|0x00000000c8200000, 0x00000000c8283a00, 0x00000000c8300000| 51%| O|  |TAMS 0x00000000c8200000, 0x00000000c8200000| Untracked 
| 131|0x00000000c8300000, 0x00000000c8300000, 0x00000000c8400000|  0%| F|  |TAMS 0x00000000c8300000, 0x00000000c8300000| Untracked 
| 132|0x00000000c8400000, 0x00000000c8400000, 0x00000000c8500000|  0%| F|  |TAMS 0x00000000c8400000, 0x00000000c8400000| Untracked 
| 133|0x00000000c8500000, 0x00000000c8500000, 0x00000000c8600000|  0%| F|  |TAMS 0x00000000c8500000, 0x00000000c8500000| Untracked 
| 134|0x00000000c8600000, 0x00000000c8600000, 0x00000000c8700000|  0%| F|  |TAMS 0x00000000c8600000, 0x00000000c8600000| Untracked 
| 135|0x00000000c8700000, 0x00000000c8700000, 0x00000000c8800000|  0%| F|  |TAMS 0x00000000c8700000, 0x00000000c8700000| Untracked 
| 136|0x00000000c8800000, 0x00000000c8800000, 0x00000000c8900000|  0%| F|  |TAMS 0x00000000c8800000, 0x00000000c8800000| Untracked 
| 137|0x00000000c8900000, 0x00000000c8a00000, 0x00000000c8a00000|100%|HS|  |TAMS 0x00000000c8900000, 0x00000000c8900000| Complete 
| 138|0x00000000c8a00000, 0x00000000c8b00000, 0x00000000c8b00000|100%|HC|  |TAMS 0x00000000c8a00000, 0x00000000c8a00000| Complete 
| 139|0x00000000c8b00000, 0x00000000c8b00000, 0x00000000c8c00000|  0%| F|  |TAMS 0x00000000c8b00000, 0x00000000c8b00000| Untracked 
| 140|0x00000000c8c00000, 0x00000000c8c00000, 0x00000000c8d00000|  0%| F|  |TAMS 0x00000000c8c00000, 0x00000000c8c00000| Untracked 
| 141|0x00000000c8d00000, 0x00000000c8d00000, 0x00000000c8e00000|  0%| F|  |TAMS 0x00000000c8d00000, 0x00000000c8d00000| Untracked 
| 142|0x00000000c8e00000, 0x00000000c8e00000, 0x00000000c8f00000|  0%| F|  |TAMS 0x00000000c8e00000, 0x00000000c8e00000| Untracked 
| 143|0x00000000c8f00000, 0x00000000c8f00000, 0x00000000c9000000|  0%| F|  |TAMS 0x00000000c8f00000, 0x00000000c8f00000| Untracked 
| 144|0x00000000c9000000, 0x00000000c9000000, 0x00000000c9100000|  0%| F|  |TAMS 0x00000000c9000000, 0x00000000c9000000| Untracked 
| 145|0x00000000c9100000, 0x00000000c9100000, 0x00000000c9200000|  0%| F|  |TAMS 0x00000000c9100000, 0x00000000c9100000| Untracked 
| 146|0x00000000c9200000, 0x00000000c9200000, 0x00000000c9300000|  0%| F|  |TAMS 0x00000000c9200000, 0x00000000c9200000| Untracked 
| 147|0x00000000c9300000, 0x00000000c9300000, 0x00000000c9400000|  0%| F|  |TAMS 0x00000000c9300000, 0x00000000c9300000| Untracked 
| 148|0x00000000c9400000, 0x00000000c9400000, 0x00000000c9500000|  0%| F|  |TAMS 0x00000000c9400000, 0x00000000c9400000| Untracked 
| 149|0x00000000c9500000, 0x00000000c9500000, 0x00000000c9600000|  0%| F|  |TAMS 0x00000000c9500000, 0x00000000c9500000| Untracked 
| 150|0x00000000c9600000, 0x00000000c9600000, 0x00000000c9700000|  0%| F|  |TAMS 0x00000000c9600000, 0x00000000c9600000| Untracked 
| 151|0x00000000c9700000, 0x00000000c9700000, 0x00000000c9800000|  0%| F|  |TAMS 0x00000000c9700000, 0x00000000c9700000| Untracked 
| 152|0x00000000c9800000, 0x00000000c9800000, 0x00000000c9900000|  0%| F|  |TAMS 0x00000000c9800000, 0x00000000c9800000| Untracked 
| 153|0x00000000c9900000, 0x00000000c9900000, 0x00000000c9a00000|  0%| F|  |TAMS 0x00000000c9900000, 0x00000000c9900000| Untracked 
| 154|0x00000000c9a00000, 0x00000000c9a00000, 0x00000000c9b00000|  0%| F|  |TAMS 0x00000000c9a00000, 0x00000000c9a00000| Untracked 
| 155|0x00000000c9b00000, 0x00000000c9b00000, 0x00000000c9c00000|  0%| F|  |TAMS 0x00000000c9b00000, 0x00000000c9b00000| Untracked 
| 156|0x00000000c9c00000, 0x00000000c9c00000, 0x00000000c9d00000|  0%| F|  |TAMS 0x00000000c9c00000, 0x00000000c9c00000| Untracked 
| 157|0x00000000c9d00000, 0x00000000c9d00000, 0x00000000c9e00000|  0%| F|  |TAMS 0x00000000c9d00000, 0x00000000c9d00000| Untracked 
| 158|0x00000000c9e00000, 0x00000000c9e00000, 0x00000000c9f00000|  0%| F|  |TAMS 0x00000000c9e00000, 0x00000000c9e00000| Untracked 
| 159|0x00000000c9f00000, 0x00000000c9f00000, 0x00000000ca000000|  0%| F|  |TAMS 0x00000000c9f00000, 0x00000000c9f00000| Untracked 
| 160|0x00000000ca000000, 0x00000000ca000000, 0x00000000ca100000|  0%| F|  |TAMS 0x00000000ca000000, 0x00000000ca000000| Untracked 
| 161|0x00000000ca100000, 0x00000000ca100000, 0x00000000ca200000|  0%| F|  |TAMS 0x00000000ca100000, 0x00000000ca100000| Untracked 
| 162|0x00000000ca200000, 0x00000000ca200000, 0x00000000ca300000|  0%| F|  |TAMS 0x00000000ca200000, 0x00000000ca200000| Untracked 
| 163|0x00000000ca300000, 0x00000000ca300000, 0x00000000ca400000|  0%| F|  |TAMS 0x00000000ca300000, 0x00000000ca300000| Untracked 
| 164|0x00000000ca400000, 0x00000000ca400000, 0x00000000ca500000|  0%| F|  |TAMS 0x00000000ca400000, 0x00000000ca400000| Untracked 
| 165|0x00000000ca500000, 0x00000000ca500000, 0x00000000ca600000|  0%| F|  |TAMS 0x00000000ca500000, 0x00000000ca500000| Untracked 
| 166|0x00000000ca600000, 0x00000000ca600000, 0x00000000ca700000|  0%| F|  |TAMS 0x00000000ca600000, 0x00000000ca600000| Untracked 
| 167|0x00000000ca700000, 0x00000000ca700000, 0x00000000ca800000|  0%| F|  |TAMS 0x00000000ca700000, 0x00000000ca700000| Untracked 
| 168|0x00000000ca800000, 0x00000000ca800000, 0x00000000ca900000|  0%| F|  |TAMS 0x00000000ca800000, 0x00000000ca800000| Untracked 
| 169|0x00000000ca900000, 0x00000000ca900000, 0x00000000caa00000|  0%| F|  |TAMS 0x00000000ca900000, 0x00000000ca900000| Untracked 
| 170|0x00000000caa00000, 0x00000000caa00000, 0x00000000cab00000|  0%| F|  |TAMS 0x00000000caa00000, 0x00000000caa00000| Untracked 
| 171|0x00000000cab00000, 0x00000000cab00000, 0x00000000cac00000|  0%| F|  |TAMS 0x00000000cab00000, 0x00000000cab00000| Untracked 
| 172|0x00000000cac00000, 0x00000000cac00000, 0x00000000cad00000|  0%| F|  |TAMS 0x00000000cac00000, 0x00000000cac00000| Untracked 
| 173|0x00000000cad00000, 0x00000000cad00000, 0x00000000cae00000|  0%| F|  |TAMS 0x00000000cad00000, 0x00000000cad00000| Untracked 
| 174|0x00000000cae00000, 0x00000000cae00000, 0x00000000caf00000|  0%| F|  |TAMS 0x00000000cae00000, 0x00000000cae00000| Untracked 
| 175|0x00000000caf00000, 0x00000000caf00000, 0x00000000cb000000|  0%| F|  |TAMS 0x00000000caf00000, 0x00000000caf00000| Untracked 
| 176|0x00000000cb000000, 0x00000000cb000000, 0x00000000cb100000|  0%| F|  |TAMS 0x00000000cb000000, 0x00000000cb000000| Untracked 
| 177|0x00000000cb100000, 0x00000000cb100000, 0x00000000cb200000|  0%| F|  |TAMS 0x00000000cb100000, 0x00000000cb100000| Untracked 
| 178|0x00000000cb200000, 0x00000000cb200000, 0x00000000cb300000|  0%| F|  |TAMS 0x00000000cb200000, 0x00000000cb200000| Untracked 
| 179|0x00000000cb300000, 0x00000000cb300000, 0x00000000cb400000|  0%| F|  |TAMS 0x00000000cb300000, 0x00000000cb300000| Untracked 
| 180|0x00000000cb400000, 0x00000000cb400000, 0x00000000cb500000|  0%| F|  |TAMS 0x00000000cb400000, 0x00000000cb400000| Untracked 
| 181|0x00000000cb500000, 0x00000000cb500000, 0x00000000cb600000|  0%| F|  |TAMS 0x00000000cb500000, 0x00000000cb500000| Untracked 
| 182|0x00000000cb600000, 0x00000000cb600000, 0x00000000cb700000|  0%| F|  |TAMS 0x00000000cb600000, 0x00000000cb600000| Untracked 
| 183|0x00000000cb700000, 0x00000000cb700000, 0x00000000cb800000|  0%| F|  |TAMS 0x00000000cb700000, 0x00000000cb700000| Untracked 
| 184|0x00000000cb800000, 0x00000000cb800000, 0x00000000cb900000|  0%| F|  |TAMS 0x00000000cb800000, 0x00000000cb800000| Untracked 
| 185|0x00000000cb900000, 0x00000000cb900000, 0x00000000cba00000|  0%| F|  |TAMS 0x00000000cb900000, 0x00000000cb900000| Untracked 
| 186|0x00000000cba00000, 0x00000000cba00000, 0x00000000cbb00000|  0%| F|  |TAMS 0x00000000cba00000, 0x00000000cba00000| Untracked 
| 187|0x00000000cbb00000, 0x00000000cbb00000, 0x00000000cbc00000|  0%| F|  |TAMS 0x00000000cbb00000, 0x00000000cbb00000| Untracked 
| 188|0x00000000cbc00000, 0x00000000cbc00000, 0x00000000cbd00000|  0%| F|  |TAMS 0x00000000cbc00000, 0x00000000cbc00000| Untracked 
| 189|0x00000000cbd00000, 0x00000000cbd00000, 0x00000000cbe00000|  0%| F|  |TAMS 0x00000000cbd00000, 0x00000000cbd00000| Untracked 
| 190|0x00000000cbe00000, 0x00000000cbe00000, 0x00000000cbf00000|  0%| F|  |TAMS 0x00000000cbe00000, 0x00000000cbe00000| Untracked 
| 191|0x00000000cbf00000, 0x00000000cbf00000, 0x00000000cc000000|  0%| F|  |TAMS 0x00000000cbf00000, 0x00000000cbf00000| Untracked 
| 192|0x00000000cc000000, 0x00000000cc000000, 0x00000000cc100000|  0%| F|  |TAMS 0x00000000cc000000, 0x00000000cc000000| Untracked 
| 193|0x00000000cc100000, 0x00000000cc100000, 0x00000000cc200000|  0%| F|  |TAMS 0x00000000cc100000, 0x00000000cc100000| Untracked 
| 194|0x00000000cc200000, 0x00000000cc200000, 0x00000000cc300000|  0%| F|  |TAMS 0x00000000cc200000, 0x00000000cc200000| Untracked 
| 195|0x00000000cc300000, 0x00000000cc300000, 0x00000000cc400000|  0%| F|  |TAMS 0x00000000cc300000, 0x00000000cc300000| Untracked 
| 196|0x00000000cc400000, 0x00000000cc4b5e38, 0x00000000cc500000| 71%| S|CS|TAMS 0x00000000cc400000, 0x00000000cc400000| Complete 
| 197|0x00000000cc500000, 0x00000000cc600000, 0x00000000cc600000|100%| S|CS|TAMS 0x00000000cc500000, 0x00000000cc500000| Complete 
| 198|0x00000000cc600000, 0x00000000cc700000, 0x00000000cc700000|100%| S|CS|TAMS 0x00000000cc600000, 0x00000000cc600000| Complete 
| 199|0x00000000cc700000, 0x00000000cc800000, 0x00000000cc800000|100%| S|CS|TAMS 0x00000000cc700000, 0x00000000cc700000| Complete 
| 200|0x00000000cc800000, 0x00000000cc900000, 0x00000000cc900000|100%| S|CS|TAMS 0x00000000cc800000, 0x00000000cc800000| Complete 
| 201|0x00000000cc900000, 0x00000000cc900000, 0x00000000cca00000|  0%| F|  |TAMS 0x00000000cc900000, 0x00000000cc900000| Untracked 
| 202|0x00000000cca00000, 0x00000000cca00000, 0x00000000ccb00000|  0%| F|  |TAMS 0x00000000cca00000, 0x00000000cca00000| Untracked 
| 203|0x00000000ccb00000, 0x00000000ccb00000, 0x00000000ccc00000|  0%| F|  |TAMS 0x00000000ccb00000, 0x00000000ccb00000| Untracked 
| 204|0x00000000ccc00000, 0x00000000ccc00000, 0x00000000ccd00000|  0%| F|  |TAMS 0x00000000ccc00000, 0x00000000ccc00000| Untracked 
| 205|0x00000000ccd00000, 0x00000000ccd00000, 0x00000000cce00000|  0%| F|  |TAMS 0x00000000ccd00000, 0x00000000ccd00000| Untracked 
| 206|0x00000000cce00000, 0x00000000cce00000, 0x00000000ccf00000|  0%| F|  |TAMS 0x00000000cce00000, 0x00000000cce00000| Untracked 
| 207|0x00000000ccf00000, 0x00000000ccf00000, 0x00000000cd000000|  0%| F|  |TAMS 0x00000000ccf00000, 0x00000000ccf00000| Untracked 
| 208|0x00000000cd000000, 0x00000000cd000000, 0x00000000cd100000|  0%| F|  |TAMS 0x00000000cd000000, 0x00000000cd000000| Untracked 
| 209|0x00000000cd100000, 0x00000000cd100000, 0x00000000cd200000|  0%| F|  |TAMS 0x00000000cd100000, 0x00000000cd100000| Untracked 
| 210|0x00000000cd200000, 0x00000000cd200000, 0x00000000cd300000|  0%| F|  |TAMS 0x00000000cd200000, 0x00000000cd200000| Untracked 
| 211|0x00000000cd300000, 0x00000000cd300000, 0x00000000cd400000|  0%| F|  |TAMS 0x00000000cd300000, 0x00000000cd300000| Untracked 
| 212|0x00000000cd400000, 0x00000000cd400000, 0x00000000cd500000|  0%| F|  |TAMS 0x00000000cd400000, 0x00000000cd400000| Untracked 
| 213|0x00000000cd500000, 0x00000000cd500000, 0x00000000cd600000|  0%| F|  |TAMS 0x00000000cd500000, 0x00000000cd500000| Untracked 
| 214|0x00000000cd600000, 0x00000000cd600000, 0x00000000cd700000|  0%| F|  |TAMS 0x00000000cd600000, 0x00000000cd600000| Untracked 
| 215|0x00000000cd700000, 0x00000000cd700000, 0x00000000cd800000|  0%| F|  |TAMS 0x00000000cd700000, 0x00000000cd700000| Untracked 
| 216|0x00000000cd800000, 0x00000000cd800000, 0x00000000cd900000|  0%| F|  |TAMS 0x00000000cd800000, 0x00000000cd800000| Untracked 
| 217|0x00000000cd900000, 0x00000000cd900000, 0x00000000cda00000|  0%| F|  |TAMS 0x00000000cd900000, 0x00000000cd900000| Untracked 
| 218|0x00000000cda00000, 0x00000000cda00000, 0x00000000cdb00000|  0%| F|  |TAMS 0x00000000cda00000, 0x00000000cda00000| Untracked 
| 219|0x00000000cdb00000, 0x00000000cdb00000, 0x00000000cdc00000|  0%| F|  |TAMS 0x00000000cdb00000, 0x00000000cdb00000| Untracked 
| 220|0x00000000cdc00000, 0x00000000cdc00000, 0x00000000cdd00000|  0%| F|  |TAMS 0x00000000cdc00000, 0x00000000cdc00000| Untracked 
| 221|0x00000000cdd00000, 0x00000000cdd00000, 0x00000000cde00000|  0%| F|  |TAMS 0x00000000cdd00000, 0x00000000cdd00000| Untracked 
| 222|0x00000000cde00000, 0x00000000cde00000, 0x00000000cdf00000|  0%| F|  |TAMS 0x00000000cde00000, 0x00000000cde00000| Untracked 
| 223|0x00000000cdf00000, 0x00000000cdf00000, 0x00000000ce000000|  0%| F|  |TAMS 0x00000000cdf00000, 0x00000000cdf00000| Untracked 
| 224|0x00000000ce000000, 0x00000000ce000000, 0x00000000ce100000|  0%| F|  |TAMS 0x00000000ce000000, 0x00000000ce000000| Untracked 
| 225|0x00000000ce100000, 0x00000000ce100000, 0x00000000ce200000|  0%| F|  |TAMS 0x00000000ce100000, 0x00000000ce100000| Untracked 
| 226|0x00000000ce200000, 0x00000000ce200000, 0x00000000ce300000|  0%| F|  |TAMS 0x00000000ce200000, 0x00000000ce200000| Untracked 
| 227|0x00000000ce300000, 0x00000000ce300000, 0x00000000ce400000|  0%| F|  |TAMS 0x00000000ce300000, 0x00000000ce300000| Untracked 
| 228|0x00000000ce400000, 0x00000000ce400000, 0x00000000ce500000|  0%| F|  |TAMS 0x00000000ce400000, 0x00000000ce400000| Untracked 
| 229|0x00000000ce500000, 0x00000000ce500000, 0x00000000ce600000|  0%| F|  |TAMS 0x00000000ce500000, 0x00000000ce500000| Untracked 
| 230|0x00000000ce600000, 0x00000000ce600000, 0x00000000ce700000|  0%| F|  |TAMS 0x00000000ce600000, 0x00000000ce600000| Untracked 
| 231|0x00000000ce700000, 0x00000000ce700000, 0x00000000ce800000|  0%| F|  |TAMS 0x00000000ce700000, 0x00000000ce700000| Untracked 
| 232|0x00000000ce800000, 0x00000000ce800000, 0x00000000ce900000|  0%| F|  |TAMS 0x00000000ce800000, 0x00000000ce800000| Untracked 
| 233|0x00000000ce900000, 0x00000000ce900000, 0x00000000cea00000|  0%| F|  |TAMS 0x00000000ce900000, 0x00000000ce900000| Untracked 
| 234|0x00000000cea00000, 0x00000000cea00000, 0x00000000ceb00000|  0%| F|  |TAMS 0x00000000cea00000, 0x00000000cea00000| Untracked 
| 235|0x00000000ceb00000, 0x00000000ceb00000, 0x00000000cec00000|  0%| F|  |TAMS 0x00000000ceb00000, 0x00000000ceb00000| Untracked 
| 236|0x00000000cec00000, 0x00000000cec00000, 0x00000000ced00000|  0%| F|  |TAMS 0x00000000cec00000, 0x00000000cec00000| Untracked 
| 237|0x00000000ced00000, 0x00000000ced00000, 0x00000000cee00000|  0%| F|  |TAMS 0x00000000ced00000, 0x00000000ced00000| Untracked 
| 238|0x00000000cee00000, 0x00000000cee00000, 0x00000000cef00000|  0%| F|  |TAMS 0x00000000cee00000, 0x00000000cee00000| Untracked 
| 239|0x00000000cef00000, 0x00000000cef00000, 0x00000000cf000000|  0%| F|  |TAMS 0x00000000cef00000, 0x00000000cef00000| Untracked 
| 240|0x00000000cf000000, 0x00000000cf000000, 0x00000000cf100000|  0%| F|  |TAMS 0x00000000cf000000, 0x00000000cf000000| Untracked 
| 241|0x00000000cf100000, 0x00000000cf100000, 0x00000000cf200000|  0%| F|  |TAMS 0x00000000cf100000, 0x00000000cf100000| Untracked 
| 242|0x00000000cf200000, 0x00000000cf200000, 0x00000000cf300000|  0%| F|  |TAMS 0x00000000cf200000, 0x00000000cf200000| Untracked 
| 243|0x00000000cf300000, 0x00000000cf300000, 0x00000000cf400000|  0%| F|  |TAMS 0x00000000cf300000, 0x00000000cf300000| Untracked 
| 244|0x00000000cf400000, 0x00000000cf400000, 0x00000000cf500000|  0%| F|  |TAMS 0x00000000cf400000, 0x00000000cf400000| Untracked 
| 245|0x00000000cf500000, 0x00000000cf500000, 0x00000000cf600000|  0%| F|  |TAMS 0x00000000cf500000, 0x00000000cf500000| Untracked 
| 246|0x00000000cf600000, 0x00000000cf600000, 0x00000000cf700000|  0%| F|  |TAMS 0x00000000cf600000, 0x00000000cf600000| Untracked 
| 247|0x00000000cf700000, 0x00000000cf700000, 0x00000000cf800000|  0%| F|  |TAMS 0x00000000cf700000, 0x00000000cf700000| Untracked 
| 248|0x00000000cf800000, 0x00000000cf800000, 0x00000000cf900000|  0%| F|  |TAMS 0x00000000cf800000, 0x00000000cf800000| Untracked 
| 249|0x00000000cf900000, 0x00000000cf900000, 0x00000000cfa00000|  0%| F|  |TAMS 0x00000000cf900000, 0x00000000cf900000| Untracked 
| 250|0x00000000cfa00000, 0x00000000cfa00000, 0x00000000cfb00000|  0%| F|  |TAMS 0x00000000cfa00000, 0x00000000cfa00000| Untracked 
| 251|0x00000000cfb00000, 0x00000000cfb00000, 0x00000000cfc00000|  0%| F|  |TAMS 0x00000000cfb00000, 0x00000000cfb00000| Untracked 
| 252|0x00000000cfc00000, 0x00000000cfc00000, 0x00000000cfd00000|  0%| F|  |TAMS 0x00000000cfc00000, 0x00000000cfc00000| Untracked 
| 253|0x00000000cfd00000, 0x00000000cfd00000, 0x00000000cfe00000|  0%| F|  |TAMS 0x00000000cfd00000, 0x00000000cfd00000| Untracked 
| 254|0x00000000cfe00000, 0x00000000cfe00000, 0x00000000cff00000|  0%| F|  |TAMS 0x00000000cfe00000, 0x00000000cfe00000| Untracked 
| 255|0x00000000cff00000, 0x00000000cff00000, 0x00000000d0000000|  0%| F|  |TAMS 0x00000000cff00000, 0x00000000cff00000| Untracked 
| 256|0x00000000d0000000, 0x00000000d0000000, 0x00000000d0100000|  0%| F|  |TAMS 0x00000000d0000000, 0x00000000d0000000| Untracked 
| 257|0x00000000d0100000, 0x00000000d0100000, 0x00000000d0200000|  0%| F|  |TAMS 0x00000000d0100000, 0x00000000d0100000| Untracked 
| 258|0x00000000d0200000, 0x00000000d0200000, 0x00000000d0300000|  0%| F|  |TAMS 0x00000000d0200000, 0x00000000d0200000| Untracked 
| 259|0x00000000d0300000, 0x00000000d0300000, 0x00000000d0400000|  0%| F|  |TAMS 0x00000000d0300000, 0x00000000d0300000| Untracked 
| 260|0x00000000d0400000, 0x00000000d0400000, 0x00000000d0500000|  0%| F|  |TAMS 0x00000000d0400000, 0x00000000d0400000| Untracked 
| 261|0x00000000d0500000, 0x00000000d0500000, 0x00000000d0600000|  0%| F|  |TAMS 0x00000000d0500000, 0x00000000d0500000| Untracked 
| 262|0x00000000d0600000, 0x00000000d0600000, 0x00000000d0700000|  0%| F|  |TAMS 0x00000000d0600000, 0x00000000d0600000| Untracked 
| 263|0x00000000d0700000, 0x00000000d0700000, 0x00000000d0800000|  0%| F|  |TAMS 0x00000000d0700000, 0x00000000d0700000| Untracked 
| 264|0x00000000d0800000, 0x00000000d0800000, 0x00000000d0900000|  0%| F|  |TAMS 0x00000000d0800000, 0x00000000d0800000| Untracked 
| 265|0x00000000d0900000, 0x00000000d0900000, 0x00000000d0a00000|  0%| F|  |TAMS 0x00000000d0900000, 0x00000000d0900000| Untracked 
| 266|0x00000000d0a00000, 0x00000000d0a00000, 0x00000000d0b00000|  0%| F|  |TAMS 0x00000000d0a00000, 0x00000000d0a00000| Untracked 
| 267|0x00000000d0b00000, 0x00000000d0b00000, 0x00000000d0c00000|  0%| F|  |TAMS 0x00000000d0b00000, 0x00000000d0b00000| Untracked 
| 268|0x00000000d0c00000, 0x00000000d0c00000, 0x00000000d0d00000|  0%| F|  |TAMS 0x00000000d0c00000, 0x00000000d0c00000| Untracked 
| 269|0x00000000d0d00000, 0x00000000d0d00000, 0x00000000d0e00000|  0%| F|  |TAMS 0x00000000d0d00000, 0x00000000d0d00000| Untracked 
| 270|0x00000000d0e00000, 0x00000000d0e00000, 0x00000000d0f00000|  0%| F|  |TAMS 0x00000000d0e00000, 0x00000000d0e00000| Untracked 
| 271|0x00000000d0f00000, 0x00000000d0f00000, 0x00000000d1000000|  0%| F|  |TAMS 0x00000000d0f00000, 0x00000000d0f00000| Untracked 
| 272|0x00000000d1000000, 0x00000000d1000000, 0x00000000d1100000|  0%| F|  |TAMS 0x00000000d1000000, 0x00000000d1000000| Untracked 
| 273|0x00000000d1100000, 0x00000000d1100000, 0x00000000d1200000|  0%| F|  |TAMS 0x00000000d1100000, 0x00000000d1100000| Untracked 
| 274|0x00000000d1200000, 0x00000000d1200000, 0x00000000d1300000|  0%| F|  |TAMS 0x00000000d1200000, 0x00000000d1200000| Untracked 
| 275|0x00000000d1300000, 0x00000000d1300000, 0x00000000d1400000|  0%| F|  |TAMS 0x00000000d1300000, 0x00000000d1300000| Untracked 
| 276|0x00000000d1400000, 0x00000000d1400000, 0x00000000d1500000|  0%| F|  |TAMS 0x00000000d1400000, 0x00000000d1400000| Untracked 
| 277|0x00000000d1500000, 0x00000000d1500000, 0x00000000d1600000|  0%| F|  |TAMS 0x00000000d1500000, 0x00000000d1500000| Untracked 
| 278|0x00000000d1600000, 0x00000000d1600000, 0x00000000d1700000|  0%| F|  |TAMS 0x00000000d1600000, 0x00000000d1600000| Untracked 
| 279|0x00000000d1700000, 0x00000000d1700000, 0x00000000d1800000|  0%| F|  |TAMS 0x00000000d1700000, 0x00000000d1700000| Untracked 
| 280|0x00000000d1800000, 0x00000000d1800000, 0x00000000d1900000|  0%| F|  |TAMS 0x00000000d1800000, 0x00000000d1800000| Untracked 
| 281|0x00000000d1900000, 0x00000000d1900000, 0x00000000d1a00000|  0%| F|  |TAMS 0x00000000d1900000, 0x00000000d1900000| Untracked 
| 282|0x00000000d1a00000, 0x00000000d1a00000, 0x00000000d1b00000|  0%| F|  |TAMS 0x00000000d1a00000, 0x00000000d1a00000| Untracked 
| 283|0x00000000d1b00000, 0x00000000d1b00000, 0x00000000d1c00000|  0%| F|  |TAMS 0x00000000d1b00000, 0x00000000d1b00000| Untracked 
| 284|0x00000000d1c00000, 0x00000000d1c00000, 0x00000000d1d00000|  0%| F|  |TAMS 0x00000000d1c00000, 0x00000000d1c00000| Untracked 
| 285|0x00000000d1d00000, 0x00000000d1d00000, 0x00000000d1e00000|  0%| F|  |TAMS 0x00000000d1d00000, 0x00000000d1d00000| Untracked 
| 286|0x00000000d1e00000, 0x00000000d1e00000, 0x00000000d1f00000|  0%| F|  |TAMS 0x00000000d1e00000, 0x00000000d1e00000| Untracked 
| 287|0x00000000d1f00000, 0x00000000d1f00000, 0x00000000d2000000|  0%| F|  |TAMS 0x00000000d1f00000, 0x00000000d1f00000| Untracked 
| 288|0x00000000d2000000, 0x00000000d2000000, 0x00000000d2100000|  0%| F|  |TAMS 0x00000000d2000000, 0x00000000d2000000| Untracked 
| 289|0x00000000d2100000, 0x00000000d2100000, 0x00000000d2200000|  0%| F|  |TAMS 0x00000000d2100000, 0x00000000d2100000| Untracked 
| 290|0x00000000d2200000, 0x00000000d2200000, 0x00000000d2300000|  0%| F|  |TAMS 0x00000000d2200000, 0x00000000d2200000| Untracked 
| 291|0x00000000d2300000, 0x00000000d2300000, 0x00000000d2400000|  0%| F|  |TAMS 0x00000000d2300000, 0x00000000d2300000| Untracked 
| 292|0x00000000d2400000, 0x00000000d2400000, 0x00000000d2500000|  0%| F|  |TAMS 0x00000000d2400000, 0x00000000d2400000| Untracked 
| 293|0x00000000d2500000, 0x00000000d2500000, 0x00000000d2600000|  0%| F|  |TAMS 0x00000000d2500000, 0x00000000d2500000| Untracked 
| 294|0x00000000d2600000, 0x00000000d2600000, 0x00000000d2700000|  0%| F|  |TAMS 0x00000000d2600000, 0x00000000d2600000| Untracked 
| 295|0x00000000d2700000, 0x00000000d2700000, 0x00000000d2800000|  0%| F|  |TAMS 0x00000000d2700000, 0x00000000d2700000| Untracked 
| 296|0x00000000d2800000, 0x00000000d2800000, 0x00000000d2900000|  0%| F|  |TAMS 0x00000000d2800000, 0x00000000d2800000| Untracked 
| 297|0x00000000d2900000, 0x00000000d2900000, 0x00000000d2a00000|  0%| F|  |TAMS 0x00000000d2900000, 0x00000000d2900000| Untracked 
| 298|0x00000000d2a00000, 0x00000000d2a00000, 0x00000000d2b00000|  0%| F|  |TAMS 0x00000000d2a00000, 0x00000000d2a00000| Untracked 
| 299|0x00000000d2b00000, 0x00000000d2b00000, 0x00000000d2c00000|  0%| F|  |TAMS 0x00000000d2b00000, 0x00000000d2b00000| Untracked 
| 300|0x00000000d2c00000, 0x00000000d2c00000, 0x00000000d2d00000|  0%| F|  |TAMS 0x00000000d2c00000, 0x00000000d2c00000| Untracked 
| 301|0x00000000d2d00000, 0x00000000d2d00000, 0x00000000d2e00000|  0%| F|  |TAMS 0x00000000d2d00000, 0x00000000d2d00000| Untracked 
| 302|0x00000000d2e00000, 0x00000000d2e00000, 0x00000000d2f00000|  0%| F|  |TAMS 0x00000000d2e00000, 0x00000000d2e00000| Untracked 
| 303|0x00000000d2f00000, 0x00000000d2f00000, 0x00000000d3000000|  0%| F|  |TAMS 0x00000000d2f00000, 0x00000000d2f00000| Untracked 
| 304|0x00000000d3000000, 0x00000000d3000000, 0x00000000d3100000|  0%| F|  |TAMS 0x00000000d3000000, 0x00000000d3000000| Untracked 
| 305|0x00000000d3100000, 0x00000000d3100000, 0x00000000d3200000|  0%| F|  |TAMS 0x00000000d3100000, 0x00000000d3100000| Untracked 
| 306|0x00000000d3200000, 0x00000000d3200000, 0x00000000d3300000|  0%| F|  |TAMS 0x00000000d3200000, 0x00000000d3200000| Untracked 
| 307|0x00000000d3300000, 0x00000000d3300000, 0x00000000d3400000|  0%| F|  |TAMS 0x00000000d3300000, 0x00000000d3300000| Untracked 
| 308|0x00000000d3400000, 0x00000000d3400000, 0x00000000d3500000|  0%| F|  |TAMS 0x00000000d3400000, 0x00000000d3400000| Untracked 
| 309|0x00000000d3500000, 0x00000000d3500000, 0x00000000d3600000|  0%| F|  |TAMS 0x00000000d3500000, 0x00000000d3500000| Untracked 
| 310|0x00000000d3600000, 0x00000000d3600000, 0x00000000d3700000|  0%| F|  |TAMS 0x00000000d3600000, 0x00000000d3600000| Untracked 
| 311|0x00000000d3700000, 0x00000000d3700000, 0x00000000d3800000|  0%| F|  |TAMS 0x00000000d3700000, 0x00000000d3700000| Untracked 
| 312|0x00000000d3800000, 0x00000000d3800000, 0x00000000d3900000|  0%| F|  |TAMS 0x00000000d3800000, 0x00000000d3800000| Untracked 
| 313|0x00000000d3900000, 0x00000000d3900000, 0x00000000d3a00000|  0%| F|  |TAMS 0x00000000d3900000, 0x00000000d3900000| Untracked 
| 314|0x00000000d3a00000, 0x00000000d3a00000, 0x00000000d3b00000|  0%| F|  |TAMS 0x00000000d3a00000, 0x00000000d3a00000| Untracked 
| 315|0x00000000d3b00000, 0x00000000d3b00000, 0x00000000d3c00000|  0%| F|  |TAMS 0x00000000d3b00000, 0x00000000d3b00000| Untracked 
| 316|0x00000000d3c00000, 0x00000000d3c00000, 0x00000000d3d00000|  0%| F|  |TAMS 0x00000000d3c00000, 0x00000000d3c00000| Untracked 
| 317|0x00000000d3d00000, 0x00000000d3d00000, 0x00000000d3e00000|  0%| F|  |TAMS 0x00000000d3d00000, 0x00000000d3d00000| Untracked 
| 318|0x00000000d3e00000, 0x00000000d3e00000, 0x00000000d3f00000|  0%| F|  |TAMS 0x00000000d3e00000, 0x00000000d3e00000| Untracked 
| 319|0x00000000d3f00000, 0x00000000d3f00000, 0x00000000d4000000|  0%| F|  |TAMS 0x00000000d3f00000, 0x00000000d3f00000| Untracked 
| 320|0x00000000d4000000, 0x00000000d4000000, 0x00000000d4100000|  0%| F|  |TAMS 0x00000000d4000000, 0x00000000d4000000| Untracked 
| 321|0x00000000d4100000, 0x00000000d4100000, 0x00000000d4200000|  0%| F|  |TAMS 0x00000000d4100000, 0x00000000d4100000| Untracked 
| 322|0x00000000d4200000, 0x00000000d4200000, 0x00000000d4300000|  0%| F|  |TAMS 0x00000000d4200000, 0x00000000d4200000| Untracked 
| 323|0x00000000d4300000, 0x00000000d4300000, 0x00000000d4400000|  0%| F|  |TAMS 0x00000000d4300000, 0x00000000d4300000| Untracked 
| 324|0x00000000d4400000, 0x00000000d4400000, 0x00000000d4500000|  0%| F|  |TAMS 0x00000000d4400000, 0x00000000d4400000| Untracked 
| 325|0x00000000d4500000, 0x00000000d4500000, 0x00000000d4600000|  0%| F|  |TAMS 0x00000000d4500000, 0x00000000d4500000| Untracked 
| 326|0x00000000d4600000, 0x00000000d4600000, 0x00000000d4700000|  0%| F|  |TAMS 0x00000000d4600000, 0x00000000d4600000| Untracked 
| 327|0x00000000d4700000, 0x00000000d4700000, 0x00000000d4800000|  0%| F|  |TAMS 0x00000000d4700000, 0x00000000d4700000| Untracked 
| 328|0x00000000d4800000, 0x00000000d4800000, 0x00000000d4900000|  0%| F|  |TAMS 0x00000000d4800000, 0x00000000d4800000| Untracked 
| 329|0x00000000d4900000, 0x00000000d4900000, 0x00000000d4a00000|  0%| F|  |TAMS 0x00000000d4900000, 0x00000000d4900000| Untracked 
| 330|0x00000000d4a00000, 0x00000000d4a00000, 0x00000000d4b00000|  0%| F|  |TAMS 0x00000000d4a00000, 0x00000000d4a00000| Untracked 
| 331|0x00000000d4b00000, 0x00000000d4b00000, 0x00000000d4c00000|  0%| F|  |TAMS 0x00000000d4b00000, 0x00000000d4b00000| Untracked 
| 332|0x00000000d4c00000, 0x00000000d4c00000, 0x00000000d4d00000|  0%| F|  |TAMS 0x00000000d4c00000, 0x00000000d4c00000| Untracked 
| 333|0x00000000d4d00000, 0x00000000d4d00000, 0x00000000d4e00000|  0%| F|  |TAMS 0x00000000d4d00000, 0x00000000d4d00000| Untracked 
| 334|0x00000000d4e00000, 0x00000000d4e00000, 0x00000000d4f00000|  0%| F|  |TAMS 0x00000000d4e00000, 0x00000000d4e00000| Untracked 
| 335|0x00000000d4f00000, 0x00000000d4f00000, 0x00000000d5000000|  0%| F|  |TAMS 0x00000000d4f00000, 0x00000000d4f00000| Untracked 
| 336|0x00000000d5000000, 0x00000000d5000000, 0x00000000d5100000|  0%| F|  |TAMS 0x00000000d5000000, 0x00000000d5000000| Untracked 
| 337|0x00000000d5100000, 0x00000000d5100000, 0x00000000d5200000|  0%| F|  |TAMS 0x00000000d5100000, 0x00000000d5100000| Untracked 
| 338|0x00000000d5200000, 0x00000000d5200000, 0x00000000d5300000|  0%| F|  |TAMS 0x00000000d5200000, 0x00000000d5200000| Untracked 
| 339|0x00000000d5300000, 0x00000000d5300000, 0x00000000d5400000|  0%| F|  |TAMS 0x00000000d5300000, 0x00000000d5300000| Untracked 
| 340|0x00000000d5400000, 0x00000000d5400000, 0x00000000d5500000|  0%| F|  |TAMS 0x00000000d5400000, 0x00000000d5400000| Untracked 
| 341|0x00000000d5500000, 0x00000000d5500000, 0x00000000d5600000|  0%| F|  |TAMS 0x00000000d5500000, 0x00000000d5500000| Untracked 
| 342|0x00000000d5600000, 0x00000000d5600000, 0x00000000d5700000|  0%| F|  |TAMS 0x00000000d5600000, 0x00000000d5600000| Untracked 
| 343|0x00000000d5700000, 0x00000000d5700000, 0x00000000d5800000|  0%| F|  |TAMS 0x00000000d5700000, 0x00000000d5700000| Untracked 
| 344|0x00000000d5800000, 0x00000000d5800000, 0x00000000d5900000|  0%| F|  |TAMS 0x00000000d5800000, 0x00000000d5800000| Untracked 
| 345|0x00000000d5900000, 0x00000000d5900000, 0x00000000d5a00000|  0%| F|  |TAMS 0x00000000d5900000, 0x00000000d5900000| Untracked 
| 346|0x00000000d5a00000, 0x00000000d5a00000, 0x00000000d5b00000|  0%| F|  |TAMS 0x00000000d5a00000, 0x00000000d5a00000| Untracked 
| 347|0x00000000d5b00000, 0x00000000d5b00000, 0x00000000d5c00000|  0%| F|  |TAMS 0x00000000d5b00000, 0x00000000d5b00000| Untracked 
| 348|0x00000000d5c00000, 0x00000000d5c00000, 0x00000000d5d00000|  0%| F|  |TAMS 0x00000000d5c00000, 0x00000000d5c00000| Untracked 
| 349|0x00000000d5d00000, 0x00000000d5d00000, 0x00000000d5e00000|  0%| F|  |TAMS 0x00000000d5d00000, 0x00000000d5d00000| Untracked 
| 350|0x00000000d5e00000, 0x00000000d5e00000, 0x00000000d5f00000|  0%| F|  |TAMS 0x00000000d5e00000, 0x00000000d5e00000| Untracked 
| 351|0x00000000d5f00000, 0x00000000d5f00000, 0x00000000d6000000|  0%| F|  |TAMS 0x00000000d5f00000, 0x00000000d5f00000| Untracked 
| 352|0x00000000d6000000, 0x00000000d6000000, 0x00000000d6100000|  0%| F|  |TAMS 0x00000000d6000000, 0x00000000d6000000| Untracked 
| 353|0x00000000d6100000, 0x00000000d6100000, 0x00000000d6200000|  0%| F|  |TAMS 0x00000000d6100000, 0x00000000d6100000| Untracked 
| 354|0x00000000d6200000, 0x00000000d6200000, 0x00000000d6300000|  0%| F|  |TAMS 0x00000000d6200000, 0x00000000d6200000| Untracked 
| 355|0x00000000d6300000, 0x00000000d6300000, 0x00000000d6400000|  0%| F|  |TAMS 0x00000000d6300000, 0x00000000d6300000| Untracked 
| 356|0x00000000d6400000, 0x00000000d6400000, 0x00000000d6500000|  0%| F|  |TAMS 0x00000000d6400000, 0x00000000d6400000| Untracked 
| 357|0x00000000d6500000, 0x00000000d6500000, 0x00000000d6600000|  0%| F|  |TAMS 0x00000000d6500000, 0x00000000d6500000| Untracked 
| 358|0x00000000d6600000, 0x00000000d6600000, 0x00000000d6700000|  0%| F|  |TAMS 0x00000000d6600000, 0x00000000d6600000| Untracked 
| 359|0x00000000d6700000, 0x00000000d6700000, 0x00000000d6800000|  0%| F|  |TAMS 0x00000000d6700000, 0x00000000d6700000| Untracked 
| 360|0x00000000d6800000, 0x00000000d6800000, 0x00000000d6900000|  0%| F|  |TAMS 0x00000000d6800000, 0x00000000d6800000| Untracked 
| 361|0x00000000d6900000, 0x00000000d6900000, 0x00000000d6a00000|  0%| F|  |TAMS 0x00000000d6900000, 0x00000000d6900000| Untracked 
| 362|0x00000000d6a00000, 0x00000000d6a00000, 0x00000000d6b00000|  0%| F|  |TAMS 0x00000000d6a00000, 0x00000000d6a00000| Untracked 
| 363|0x00000000d6b00000, 0x00000000d6b00000, 0x00000000d6c00000|  0%| F|  |TAMS 0x00000000d6b00000, 0x00000000d6b00000| Untracked 
| 364|0x00000000d6c00000, 0x00000000d6c00000, 0x00000000d6d00000|  0%| F|  |TAMS 0x00000000d6c00000, 0x00000000d6c00000| Untracked 
| 365|0x00000000d6d00000, 0x00000000d6d00000, 0x00000000d6e00000|  0%| F|  |TAMS 0x00000000d6d00000, 0x00000000d6d00000| Untracked 
| 366|0x00000000d6e00000, 0x00000000d6e00000, 0x00000000d6f00000|  0%| F|  |TAMS 0x00000000d6e00000, 0x00000000d6e00000| Untracked 
| 367|0x00000000d6f00000, 0x00000000d6f00000, 0x00000000d7000000|  0%| F|  |TAMS 0x00000000d6f00000, 0x00000000d6f00000| Untracked 
| 368|0x00000000d7000000, 0x00000000d7000000, 0x00000000d7100000|  0%| F|  |TAMS 0x00000000d7000000, 0x00000000d7000000| Untracked 
| 369|0x00000000d7100000, 0x00000000d7100000, 0x00000000d7200000|  0%| F|  |TAMS 0x00000000d7100000, 0x00000000d7100000| Untracked 
| 370|0x00000000d7200000, 0x00000000d7200000, 0x00000000d7300000|  0%| F|  |TAMS 0x00000000d7200000, 0x00000000d7200000| Untracked 
| 371|0x00000000d7300000, 0x00000000d7300000, 0x00000000d7400000|  0%| F|  |TAMS 0x00000000d7300000, 0x00000000d7300000| Untracked 
| 372|0x00000000d7400000, 0x00000000d7400000, 0x00000000d7500000|  0%| F|  |TAMS 0x00000000d7400000, 0x00000000d7400000| Untracked 
| 373|0x00000000d7500000, 0x00000000d7500000, 0x00000000d7600000|  0%| F|  |TAMS 0x00000000d7500000, 0x00000000d7500000| Untracked 
| 374|0x00000000d7600000, 0x00000000d7600000, 0x00000000d7700000|  0%| F|  |TAMS 0x00000000d7600000, 0x00000000d7600000| Untracked 
| 375|0x00000000d7700000, 0x00000000d7700000, 0x00000000d7800000|  0%| F|  |TAMS 0x00000000d7700000, 0x00000000d7700000| Untracked 
| 376|0x00000000d7800000, 0x00000000d7800000, 0x00000000d7900000|  0%| F|  |TAMS 0x00000000d7800000, 0x00000000d7800000| Untracked 
| 377|0x00000000d7900000, 0x00000000d7900000, 0x00000000d7a00000|  0%| F|  |TAMS 0x00000000d7900000, 0x00000000d7900000| Untracked 
| 378|0x00000000d7a00000, 0x00000000d7a00000, 0x00000000d7b00000|  0%| F|  |TAMS 0x00000000d7a00000, 0x00000000d7a00000| Untracked 
| 379|0x00000000d7b00000, 0x00000000d7b00000, 0x00000000d7c00000|  0%| F|  |TAMS 0x00000000d7b00000, 0x00000000d7b00000| Untracked 
| 380|0x00000000d7c00000, 0x00000000d7c00000, 0x00000000d7d00000|  0%| F|  |TAMS 0x00000000d7c00000, 0x00000000d7c00000| Untracked 
| 381|0x00000000d7d00000, 0x00000000d7d00000, 0x00000000d7e00000|  0%| F|  |TAMS 0x00000000d7d00000, 0x00000000d7d00000| Untracked 
| 382|0x00000000d7e00000, 0x00000000d7e00000, 0x00000000d7f00000|  0%| F|  |TAMS 0x00000000d7e00000, 0x00000000d7e00000| Untracked 
| 383|0x00000000d7f00000, 0x00000000d7f00000, 0x00000000d8000000|  0%| F|  |TAMS 0x00000000d7f00000, 0x00000000d7f00000| Untracked 
| 384|0x00000000d8000000, 0x00000000d8000000, 0x00000000d8100000|  0%| F|  |TAMS 0x00000000d8000000, 0x00000000d8000000| Untracked 
| 385|0x00000000d8100000, 0x00000000d8100000, 0x00000000d8200000|  0%| F|  |TAMS 0x00000000d8100000, 0x00000000d8100000| Untracked 
| 386|0x00000000d8200000, 0x00000000d8200000, 0x00000000d8300000|  0%| F|  |TAMS 0x00000000d8200000, 0x00000000d8200000| Untracked 
| 387|0x00000000d8300000, 0x00000000d8300000, 0x00000000d8400000|  0%| F|  |TAMS 0x00000000d8300000, 0x00000000d8300000| Untracked 
| 388|0x00000000d8400000, 0x00000000d8400000, 0x00000000d8500000|  0%| F|  |TAMS 0x00000000d8400000, 0x00000000d8400000| Untracked 
| 389|0x00000000d8500000, 0x00000000d8500000, 0x00000000d8600000|  0%| F|  |TAMS 0x00000000d8500000, 0x00000000d8500000| Untracked 
| 390|0x00000000d8600000, 0x00000000d8600000, 0x00000000d8700000|  0%| F|  |TAMS 0x00000000d8600000, 0x00000000d8600000| Untracked 
| 391|0x00000000d8700000, 0x00000000d8700000, 0x00000000d8800000|  0%| F|  |TAMS 0x00000000d8700000, 0x00000000d8700000| Untracked 
| 392|0x00000000d8800000, 0x00000000d8800000, 0x00000000d8900000|  0%| F|  |TAMS 0x00000000d8800000, 0x00000000d8800000| Untracked 
| 393|0x00000000d8900000, 0x00000000d8900000, 0x00000000d8a00000|  0%| F|  |TAMS 0x00000000d8900000, 0x00000000d8900000| Untracked 
| 394|0x00000000d8a00000, 0x00000000d8a00000, 0x00000000d8b00000|  0%| F|  |TAMS 0x00000000d8a00000, 0x00000000d8a00000| Untracked 
| 395|0x00000000d8b00000, 0x00000000d8b00000, 0x00000000d8c00000|  0%| F|  |TAMS 0x00000000d8b00000, 0x00000000d8b00000| Untracked 
| 396|0x00000000d8c00000, 0x00000000d8c00000, 0x00000000d8d00000|  0%| F|  |TAMS 0x00000000d8c00000, 0x00000000d8c00000| Untracked 
| 397|0x00000000d8d00000, 0x00000000d8d00000, 0x00000000d8e00000|  0%| F|  |TAMS 0x00000000d8d00000, 0x00000000d8d00000| Untracked 
| 398|0x00000000d8e00000, 0x00000000d8e00000, 0x00000000d8f00000|  0%| F|  |TAMS 0x00000000d8e00000, 0x00000000d8e00000| Untracked 
| 399|0x00000000d8f00000, 0x00000000d8f00000, 0x00000000d9000000|  0%| F|  |TAMS 0x00000000d8f00000, 0x00000000d8f00000| Untracked 
| 400|0x00000000d9000000, 0x00000000d9000000, 0x00000000d9100000|  0%| F|  |TAMS 0x00000000d9000000, 0x00000000d9000000| Untracked 
| 401|0x00000000d9100000, 0x00000000d9100000, 0x00000000d9200000|  0%| F|  |TAMS 0x00000000d9100000, 0x00000000d9100000| Untracked 
| 402|0x00000000d9200000, 0x00000000d9200000, 0x00000000d9300000|  0%| F|  |TAMS 0x00000000d9200000, 0x00000000d9200000| Untracked 
| 403|0x00000000d9300000, 0x00000000d9300000, 0x00000000d9400000|  0%| F|  |TAMS 0x00000000d9300000, 0x00000000d9300000| Untracked 
| 404|0x00000000d9400000, 0x00000000d9400000, 0x00000000d9500000|  0%| F|  |TAMS 0x00000000d9400000, 0x00000000d9400000| Untracked 
| 405|0x00000000d9500000, 0x00000000d9500000, 0x00000000d9600000|  0%| F|  |TAMS 0x00000000d9500000, 0x00000000d9500000| Untracked 
| 406|0x00000000d9600000, 0x00000000d9600000, 0x00000000d9700000|  0%| F|  |TAMS 0x00000000d9600000, 0x00000000d9600000| Untracked 
| 407|0x00000000d9700000, 0x00000000d9700000, 0x00000000d9800000|  0%| F|  |TAMS 0x00000000d9700000, 0x00000000d9700000| Untracked 
| 408|0x00000000d9800000, 0x00000000d9800000, 0x00000000d9900000|  0%| F|  |TAMS 0x00000000d9800000, 0x00000000d9800000| Untracked 
| 409|0x00000000d9900000, 0x00000000d9900000, 0x00000000d9a00000|  0%| F|  |TAMS 0x00000000d9900000, 0x00000000d9900000| Untracked 
| 410|0x00000000d9a00000, 0x00000000d9a00000, 0x00000000d9b00000|  0%| F|  |TAMS 0x00000000d9a00000, 0x00000000d9a00000| Untracked 
| 411|0x00000000d9b00000, 0x00000000d9b00000, 0x00000000d9c00000|  0%| F|  |TAMS 0x00000000d9b00000, 0x00000000d9b00000| Untracked 
| 412|0x00000000d9c00000, 0x00000000d9c00000, 0x00000000d9d00000|  0%| F|  |TAMS 0x00000000d9c00000, 0x00000000d9c00000| Untracked 
| 413|0x00000000d9d00000, 0x00000000d9d00000, 0x00000000d9e00000|  0%| F|  |TAMS 0x00000000d9d00000, 0x00000000d9d00000| Untracked 
| 414|0x00000000d9e00000, 0x00000000d9e00000, 0x00000000d9f00000|  0%| F|  |TAMS 0x00000000d9e00000, 0x00000000d9e00000| Untracked 
| 415|0x00000000d9f00000, 0x00000000d9f00000, 0x00000000da000000|  0%| F|  |TAMS 0x00000000d9f00000, 0x00000000d9f00000| Untracked 
| 416|0x00000000da000000, 0x00000000da000000, 0x00000000da100000|  0%| F|  |TAMS 0x00000000da000000, 0x00000000da000000| Untracked 
| 417|0x00000000da100000, 0x00000000da100000, 0x00000000da200000|  0%| F|  |TAMS 0x00000000da100000, 0x00000000da100000| Untracked 
| 418|0x00000000da200000, 0x00000000da200000, 0x00000000da300000|  0%| F|  |TAMS 0x00000000da200000, 0x00000000da200000| Untracked 
| 419|0x00000000da300000, 0x00000000da300000, 0x00000000da400000|  0%| F|  |TAMS 0x00000000da300000, 0x00000000da300000| Untracked 
| 420|0x00000000da400000, 0x00000000da400000, 0x00000000da500000|  0%| F|  |TAMS 0x00000000da400000, 0x00000000da400000| Untracked 
| 421|0x00000000da500000, 0x00000000da500000, 0x00000000da600000|  0%| F|  |TAMS 0x00000000da500000, 0x00000000da500000| Untracked 
| 422|0x00000000da600000, 0x00000000da600000, 0x00000000da700000|  0%| F|  |TAMS 0x00000000da600000, 0x00000000da600000| Untracked 
| 423|0x00000000da700000, 0x00000000da700000, 0x00000000da800000|  0%| F|  |TAMS 0x00000000da700000, 0x00000000da700000| Untracked 
| 424|0x00000000da800000, 0x00000000da800000, 0x00000000da900000|  0%| F|  |TAMS 0x00000000da800000, 0x00000000da800000| Untracked 
| 425|0x00000000da900000, 0x00000000da900000, 0x00000000daa00000|  0%| F|  |TAMS 0x00000000da900000, 0x00000000da900000| Untracked 
| 426|0x00000000daa00000, 0x00000000daa00000, 0x00000000dab00000|  0%| F|  |TAMS 0x00000000daa00000, 0x00000000daa00000| Untracked 
| 427|0x00000000dab00000, 0x00000000dab00000, 0x00000000dac00000|  0%| F|  |TAMS 0x00000000dab00000, 0x00000000dab00000| Untracked 
| 428|0x00000000dac00000, 0x00000000dac00000, 0x00000000dad00000|  0%| F|  |TAMS 0x00000000dac00000, 0x00000000dac00000| Untracked 
| 429|0x00000000dad00000, 0x00000000dad00000, 0x00000000dae00000|  0%| F|  |TAMS 0x00000000dad00000, 0x00000000dad00000| Untracked 
| 430|0x00000000dae00000, 0x00000000dae00000, 0x00000000daf00000|  0%| F|  |TAMS 0x00000000dae00000, 0x00000000dae00000| Untracked 
| 431|0x00000000daf00000, 0x00000000daf00000, 0x00000000db000000|  0%| F|  |TAMS 0x00000000daf00000, 0x00000000daf00000| Untracked 
| 432|0x00000000db000000, 0x00000000db000000, 0x00000000db100000|  0%| F|  |TAMS 0x00000000db000000, 0x00000000db000000| Untracked 
| 433|0x00000000db100000, 0x00000000db100000, 0x00000000db200000|  0%| F|  |TAMS 0x00000000db100000, 0x00000000db100000| Untracked 
| 434|0x00000000db200000, 0x00000000db200000, 0x00000000db300000|  0%| F|  |TAMS 0x00000000db200000, 0x00000000db200000| Untracked 
| 435|0x00000000db300000, 0x00000000db300000, 0x00000000db400000|  0%| F|  |TAMS 0x00000000db300000, 0x00000000db300000| Untracked 
| 436|0x00000000db400000, 0x00000000db400000, 0x00000000db500000|  0%| F|  |TAMS 0x00000000db400000, 0x00000000db400000| Untracked 
| 437|0x00000000db500000, 0x00000000db500000, 0x00000000db600000|  0%| F|  |TAMS 0x00000000db500000, 0x00000000db500000| Untracked 
| 438|0x00000000db600000, 0x00000000db600000, 0x00000000db700000|  0%| F|  |TAMS 0x00000000db600000, 0x00000000db600000| Untracked 
| 439|0x00000000db700000, 0x00000000db700000, 0x00000000db800000|  0%| F|  |TAMS 0x00000000db700000, 0x00000000db700000| Untracked 
| 440|0x00000000db800000, 0x00000000db800000, 0x00000000db900000|  0%| F|  |TAMS 0x00000000db800000, 0x00000000db800000| Untracked 
| 441|0x00000000db900000, 0x00000000db900000, 0x00000000dba00000|  0%| F|  |TAMS 0x00000000db900000, 0x00000000db900000| Untracked 
| 442|0x00000000dba00000, 0x00000000dba00000, 0x00000000dbb00000|  0%| F|  |TAMS 0x00000000dba00000, 0x00000000dba00000| Untracked 
| 443|0x00000000dbb00000, 0x00000000dbb00000, 0x00000000dbc00000|  0%| F|  |TAMS 0x00000000dbb00000, 0x00000000dbb00000| Untracked 
| 444|0x00000000dbc00000, 0x00000000dbc00000, 0x00000000dbd00000|  0%| F|  |TAMS 0x00000000dbc00000, 0x00000000dbc00000| Untracked 
| 445|0x00000000dbd00000, 0x00000000dbd00000, 0x00000000dbe00000|  0%| F|  |TAMS 0x00000000dbd00000, 0x00000000dbd00000| Untracked 
| 446|0x00000000dbe00000, 0x00000000dbe00000, 0x00000000dbf00000|  0%| F|  |TAMS 0x00000000dbe00000, 0x00000000dbe00000| Untracked 
|1022|0x00000000ffe00000, 0x00000000ffe75000, 0x00000000fff00000| 45%|OA|  |TAMS 0x00000000ffe75000, 0x00000000ffe00000| Untracked 
|1023|0x00000000fff00000, 0x00000000fff78000, 0x0000000100000000| 46%|CA|  |TAMS 0x00000000fff78000, 0x00000000fff00000| Untracked 

Card table byte_map: [0x00007f483d16f000,0x00007f483d36f000] _byte_map_base: 0x00007f483cb6f000

Marking Bits (Prev, Next): (CMBitMap*) 0x00007f4838057c60, (CMBitMap*) 0x00007f4838057ca0
 Prev Bits: [0x00007f4820511000, 0x00007f4821511000)
 Next Bits: [0x00007f481f511000, 0x00007f4820511000)

Polling page: 0x00007f483f332000

Metaspace:

Usage:
  Non-class:    144.68 MB used.
      Class:     21.67 MB used.
       Both:    166.35 MB used.

Virtual space:
  Non-class space:      192.00 MB reserved,     145.12 MB ( 76%) committed,  3 nodes.
      Class space:      416.00 MB reserved,      22.06 MB (  5%) committed,  1 nodes.
             Both:      608.00 MB reserved,     167.19 MB ( 27%) committed. 

Chunk freelists:
   Non-Class:  14.14 MB
       Class:  9.75 MB
        Both:  23.89 MB

MaxMetaspaceSize: 512.00 MB
CompressedClassSpaceSize: 416.00 MB
Initial GC threshold: 21.00 MB
Current GC threshold: 247.62 MB
CDS: on
MetaspaceReclaimPolicy: balanced
 - commit_granule_bytes: 65536.
 - commit_granule_words: 8192.
 - virtual_space_node_default_size: 8388608.
 - enlarge_chunks_in_place: 1.
 - new_chunks_are_fully_committed: 0.
 - uncommit_free_chunks: 1.
 - use_allocation_guard: 0.
 - handle_deallocations: 1.


Internal statistics:

num_allocs_failed_limit: 9.
num_arena_births: 1124.
num_arena_deaths: 0.
num_vsnodes_births: 4.
num_vsnodes_deaths: 0.
num_space_committed: 2673.
num_space_uncommitted: 0.
num_chunks_returned_to_freelist: 9.
num_chunks_taken_from_freelist: 7575.
num_chunk_merges: 9.
num_chunk_splits: 5570.
num_chunks_enlarged: 4297.
num_inconsistent_stats: 0.

CodeHeap 'non-profiled nmethods': size=120036Kb used=7014Kb max_used=7014Kb free=113021Kb
 bounds [0x00007f4828fd8000, 0x00007f48296c8000, 0x00007f4830511000]
CodeHeap 'profiled nmethods': size=120032Kb used=26146Kb max_used=26210Kb free=93885Kb
 bounds [0x00007f4821511000, 0x00007f4822ef1000, 0x00007f4828a49000]
CodeHeap 'non-nmethods': size=5692Kb used=2569Kb max_used=2644Kb free=3122Kb
 bounds [0x00007f4828a49000, 0x00007f4828ce9000, 0x00007f4828fd8000]
 total_blobs=14991 nmethods=13854 adapters=1049
 compilation: enabled
              stopped_count=0, restarted_count=0
 full_count=0

Compilation events (20 events):
Event: 60.206 Thread 0x00007f48380b8b10 nmethod 17819 0x00007f4821559a10 code [0x00007f4821559ca0, 0x00007f482155abd0]
Event: 60.243 Thread 0x00007f48380b75e0 17820       4       sun.net.www.ParseUtil::encodePath (41 bytes)
Event: 60.246 Thread 0x00007f48380b8b10 17822       3       java.lang.invoke.MethodHandles$Lookup::makeHiddenClassDefiner (22 bytes)
Event: 60.246 Thread 0x00007f48380b8b10 nmethod 17822 0x00007f4822cccf90 code [0x00007f4822ccd160, 0x00007f4822ccd340]
Event: 60.246 Thread 0x00007f48380b8b10 17823       3       java.lang.invoke.MethodHandles$Lookup$ClassDefiner::defineClassAsLookup (19 bytes)
Event: 60.246 Thread 0x00007f48380b8b10 nmethod 17823 0x00007f4822cccb10 code [0x00007f4822ccccc0, 0x00007f4822ccceb0]
Event: 60.249 Thread 0x00007f48380b75e0 nmethod 17820 0x00007f482957a390 code [0x00007f482957a520, 0x00007f482957abe8]
Event: 60.249 Thread 0x00007f48380b75e0 17821   !   4       java.net.URLClassLoader::defineClass (224 bytes)
Event: 60.265 Thread 0x00007f48380b8b10 17826       3       java.util.Collections$UnmodifiableMap$UnmodifiableEntrySet$1::next (5 bytes)
Event: 60.265 Thread 0x00007f48380b8b10 nmethod 17826 0x00007f4822ccbf90 code [0x00007f4822ccc1a0, 0x00007f4822ccc8f0]
Event: 60.297 Thread 0x00007f48380b8b10 17828       1       kotlin.Pair::component2 (5 bytes)
Event: 60.297 Thread 0x00007f48380b8b10 nmethod 17828 0x00007f4829579e10 code [0x00007f4829579fa0, 0x00007f482957a070]
Event: 60.325 Thread 0x00007f48380b8b10 17829   !   3       java.lang.invoke.InnerClassLambdaMetafactory::generateInnerClass (618 bytes)
Event: 60.327 Thread 0x00007f48380b8b10 nmethod 17829 0x00007f4822b86110 code [0x00007f4822b86620, 0x00007f4822b88ea0]
Event: 60.328 Thread 0x00007f48380b8b10 17830       3       java.lang.invoke.InnerClassLambdaMetafactory::generateConstructor (154 bytes)
Event: 60.328 Thread 0x00007f48380b8b10 nmethod 17830 0x00007f4822cc3090 code [0x00007f4822cc3360, 0x00007f4822cc42e0]
Event: 60.442 Thread 0x00007f48380b8b10 17833   !   3       java.util.concurrent.ThreadPoolExecutor::getTask (177 bytes)
Event: 60.443 Thread 0x00007f48380b8b10 nmethod 17833 0x00007f4822cc1b10 code [0x00007f4822cc1da0, 0x00007f4822cc2c10]
Event: 60.443 Thread 0x00007f48380b8b10 17832       1       com.sun.management.internal.PlatformMBeanProviderImpl$2::mbeanInterfaceNames (5 bytes)
Event: 60.443 Thread 0x00007f48380b8b10 nmethod 17832 0x00007f4829609910 code [0x00007f4829609aa0, 0x00007f4829609b70]

GC Heap History (20 events):
Event: 42.803 GC heap after
{Heap after GC invocations=67 (full 0):
 garbage-first heap   total 360448K, used 110758K [0x00000000c0000000, 0x0000000100000000)
  region size 1024K, 11 young (11264K), 11 survivors (11264K)
 Metaspace       used 97925K, committed 98560K, reserved 557056K
  class space    used 13454K, committed 13760K, reserved 425984K
}
Event: 42.824 GC heap before
{Heap before GC invocations=67 (full 0):
 garbage-first heap   total 360448K, used 115878K [0x00000000c0000000, 0x0000000100000000)
  region size 1024K, 17 young (17408K), 11 survivors (11264K)
 Metaspace       used 97925K, committed 98560K, reserved 557056K
  class space    used 13454K, committed 13760K, reserved 425984K
}
Event: 42.841 GC heap after
{Heap after GC invocations=68 (full 0):
 garbage-first heap   total 413696K, used 111206K [0x00000000c0000000, 0x0000000100000000)
  region size 1024K, 1 young (1024K), 1 survivors (1024K)
 Metaspace       used 97925K, committed 98560K, reserved 557056K
  class space    used 13454K, committed 13760K, reserved 425984K
}
Event: 44.528 GC heap before
{Heap before GC invocations=68 (full 0):
 garbage-first heap   total 413696K, used 351846K [0x00000000c0000000, 0x0000000100000000)
  region size 1024K, 235 young (240640K), 1 survivors (1024K)
 Metaspace       used 98233K, committed 98880K, reserved 557056K
  class space    used 13460K, committed 13760K, reserved 425984K
}
Event: 44.536 GC heap after
{Heap after GC invocations=69 (full 0):
 garbage-first heap   total 413696K, used 114540K [0x00000000c0000000, 0x0000000100000000)
  region size 1024K, 4 young (4096K), 4 survivors (4096K)
 Metaspace       used 98233K, committed 98880K, reserved 557056K
  class space    used 13460K, committed 13760K, reserved 425984K
}
Event: 45.632 GC heap before
{Heap before GC invocations=69 (full 0):
 garbage-first heap   total 413696K, used 163692K [0x00000000c0000000, 0x0000000100000000)
  region size 1024K, 54 young (55296K), 4 survivors (4096K)
 Metaspace       used 101620K, committed 102272K, reserved 557056K
  class space    used 13832K, committed 14144K, reserved 425984K
}
Event: 45.695 GC heap after
{Heap after GC invocations=70 (full 0):
 garbage-first heap   total 413696K, used 116903K [0x00000000c0000000, 0x0000000100000000)
  region size 1024K, 7 young (7168K), 7 survivors (7168K)
 Metaspace       used 101620K, committed 102272K, reserved 557056K
  class space    used 13832K, committed 14144K, reserved 425984K
}
Event: 51.509 GC heap before
{Heap before GC invocations=71 (full 0):
 garbage-first heap   total 413696K, used 359591K [0x00000000c0000000, 0x0000000100000000)
  region size 1024K, 237 young (242688K), 7 survivors (7168K)
 Metaspace       used 140922K, committed 141696K, reserved 557056K
  class space    used 18753K, committed 19136K, reserved 425984K
}
Event: 51.607 GC heap after
{Heap after GC invocations=72 (full 0):
 garbage-first heap   total 413696K, used 133642K [0x00000000c0000000, 0x0000000100000000)
  region size 1024K, 21 young (21504K), 21 survivors (21504K)
 Metaspace       used 140922K, committed 141696K, reserved 557056K
  class space    used 18753K, committed 19136K, reserved 425984K
}
Event: 51.625 GC heap before
{Heap before GC invocations=72 (full 0):
 garbage-first heap   total 413696K, used 133642K [0x00000000c0000000, 0x0000000100000000)
  region size 1024K, 22 young (22528K), 21 survivors (21504K)
 Metaspace       used 141059K, committed 141888K, reserved 557056K
  class space    used 18776K, committed 19200K, reserved 425984K
}
Event: 51.699 GC heap after
{Heap after GC invocations=73 (full 0):
 garbage-first heap   total 413696K, used 131881K [0x00000000c0000000, 0x0000000100000000)
  region size 1024K, 1 young (1024K), 1 survivors (1024K)
 Metaspace       used 141059K, committed 141888K, reserved 557056K
  class space    used 18776K, committed 19200K, reserved 425984K
}
Event: 54.008 GC heap before
{Heap before GC invocations=73 (full 0):
 garbage-first heap   total 413696K, used 343849K [0x00000000c0000000, 0x0000000100000000)
  region size 1024K, 207 young (211968K), 1 survivors (1024K)
 Metaspace       used 151265K, committed 152128K, reserved 622592K
  class space    used 19873K, committed 20288K, reserved 425984K
}
Event: 54.021 GC heap after
{Heap after GC invocations=74 (full 0):
 garbage-first heap   total 413696K, used 132718K [0x00000000c0000000, 0x0000000100000000)
  region size 1024K, 4 young (4096K), 4 survivors (4096K)
 Metaspace       used 151265K, committed 152128K, reserved 622592K
  class space    used 19873K, committed 20288K, reserved 425984K
}
Event: 54.338 GC heap before
{Heap before GC invocations=74 (full 0):
 garbage-first heap   total 413696K, used 182894K [0x00000000c0000000, 0x0000000100000000)
  region size 1024K, 54 young (55296K), 4 survivors (4096K)
 Metaspace       used 151297K, committed 152128K, reserved 622592K
  class space    used 19873K, committed 20288K, reserved 425984K
}
Event: 54.395 GC heap after
{Heap after GC invocations=75 (full 0):
 garbage-first heap   total 413696K, used 131539K [0x00000000c0000000, 0x0000000100000000)
  region size 1024K, 3 young (3072K), 3 survivors (3072K)
 Metaspace       used 151297K, committed 152128K, reserved 622592K
  class space    used 19873K, committed 20288K, reserved 425984K
}
Event: 55.501 GC heap before
{Heap before GC invocations=76 (full 0):
 garbage-first heap   total 459776K, used 345555K [0x00000000c0000000, 0x0000000100000000)
  region size 1024K, 213 young (218112K), 3 survivors (3072K)
 Metaspace       used 151298K, committed 152128K, reserved 622592K
  class space    used 19873K, committed 20288K, reserved 425984K
}
Event: 55.519 GC heap after
{Heap after GC invocations=77 (full 0):
 garbage-first heap   total 459776K, used 133792K [0x00000000c0000000, 0x0000000100000000)
  region size 1024K, 6 young (6144K), 6 survivors (6144K)
 Metaspace       used 151298K, committed 152128K, reserved 622592K
  class space    used 19873K, committed 20288K, reserved 425984K
}
Event: 55.541 GC heap before
{Heap before GC invocations=77 (full 0):
 garbage-first heap   total 459776K, used 150176K [0x00000000c0000000, 0x0000000100000000)
  region size 1024K, 22 young (22528K), 6 survivors (6144K)
 Metaspace       used 151298K, committed 152128K, reserved 622592K
  class space    used 19873K, committed 20288K, reserved 425984K
}
Event: 55.608 GC heap after
{Heap after GC invocations=78 (full 0):
 garbage-first heap   total 459776K, used 133484K [0x00000000c0000000, 0x0000000100000000)
  region size 1024K, 1 young (1024K), 1 survivors (1024K)
 Metaspace       used 151298K, committed 152128K, reserved 622592K
  class space    used 19873K, committed 20288K, reserved 425984K
}
Event: 60.702 GC heap before
{Heap before GC invocations=78 (full 0):
 garbage-first heap   total 459776K, used 397676K [0x00000000c0000000, 0x0000000100000000)
  region size 1024K, 246 young (251904K), 1 survivors (1024K)
 Metaspace       used 170347K, committed 171200K, reserved 622592K
  class space    used 22194K, committed 22592K, reserved 425984K
}

Dll operation events (14 events):
Event: 0.005 Loaded shared library /usr/lib/jvm/java-17-openjdk-amd64/lib/libjava.so
Event: 0.032 Loaded shared library /usr/lib/jvm/java-17-openjdk-amd64/lib/libjsvml.so
Event: 0.126 Loaded shared library /usr/lib/jvm/java-17-openjdk-amd64/lib/libzip.so
Event: 0.127 Loaded shared library /usr/lib/jvm/java-17-openjdk-amd64/lib/libinstrument.so
Event: 0.130 Loaded shared library /usr/lib/jvm/java-17-openjdk-amd64/lib/libnio.so
Event: 0.131 Loaded shared library /usr/lib/jvm/java-17-openjdk-amd64/lib/libzip.so
Event: 0.338 Loaded shared library /usr/lib/jvm/java-17-openjdk-amd64/lib/libjimage.so
Event: 0.604 Loaded shared library /usr/lib/jvm/java-17-openjdk-amd64/lib/libverify.so
Event: 0.826 Loaded shared library /usr/lib/jvm/java-17-openjdk-amd64/lib/libnet.so
Event: 0.827 Loaded shared library /root/.gradle/native/c067742578af261105cb4f569cf0c3c89f3d7b1fecec35dd04571415982c5e48/linux-amd64/libnative-platform.so
Event: 0.835 Loaded shared library /root/.gradle/native/100fb08df4bc3b14c8652ba06237920a3bd2aa13389f12d3474272988ae205f9/linux-amd64/libnative-platform-file-events.so
Event: 2.406 Loaded shared library /usr/lib/jvm/java-17-openjdk-amd64/lib/libmanagement.so
Event: 2.407 Loaded shared library /usr/lib/jvm/java-17-openjdk-amd64/lib/libmanagement_ext.so
Event: 2.605 Loaded shared library /usr/lib/jvm/java-17-openjdk-amd64/lib/libextnet.so

Deoptimization events (20 events):
Event: 58.545 Thread 0x0000557753a187b0 DEOPT PACKING pc=0x00007f48293da444 sp=0x00007f47be8f5090
Event: 58.545 Thread 0x0000557753a187b0 DEOPT UNPACKING pc=0x00007f4828aa2b19 sp=0x00007f47be8f5048 mode 2
Event: 58.601 Thread 0x0000557753a187b0 Uncommon trap: trap_request=0xffffffde fr.pc=0x00007f48293da444 relative=0x0000000000000124
Event: 58.601 Thread 0x0000557753a187b0 Uncommon trap: reason=class_check action=maybe_recompile pc=0x00007f48293da444 method=java.util.Spliterators$IteratorSpliterator.tryAdvance(Ljava/util/function/Consumer;)Z @ 68 c2
Event: 58.601 Thread 0x0000557753a187b0 DEOPT PACKING pc=0x00007f48293da444 sp=0x00007f47be8f5210
Event: 58.601 Thread 0x0000557753a187b0 DEOPT UNPACKING pc=0x00007f4828aa2b19 sp=0x00007f47be8f51c8 mode 2
Event: 58.607 Thread 0x0000557753a187b0 Uncommon trap: trap_request=0xffffffd6 fr.pc=0x00007f48291a4c2c relative=0x000000000000086c
Event: 58.607 Thread 0x0000557753a187b0 Uncommon trap: reason=array_check action=maybe_recompile pc=0x00007f48291a4c2c method=java.util.TimSort.binarySort([Ljava/lang/Object;IIILjava/util/Comparator;)V @ 193 c2
Event: 58.607 Thread 0x0000557753a187b0 DEOPT PACKING pc=0x00007f48291a4c2c sp=0x00007f47be8f5620
Event: 58.607 Thread 0x0000557753a187b0 DEOPT UNPACKING pc=0x00007f4828aa2b19 sp=0x00007f47be8f55c8 mode 2
Event: 58.616 Thread 0x0000557753a187b0 DEOPT PACKING pc=0x00007f4822e92e28 sp=0x00007f47be8f5640
Event: 58.616 Thread 0x0000557753a187b0 DEOPT UNPACKING pc=0x00007f4828aa364f sp=0x00007f47be8f4ba8 mode 0
Event: 58.737 Thread 0x000055775369c6a0 Uncommon trap: trap_request=0xffffffc6 fr.pc=0x00007f4828fe5dd8 relative=0x0000000000000138
Event: 58.737 Thread 0x000055775369c6a0 Uncommon trap: reason=bimorphic_or_optimized_type_check action=maybe_recompile pc=0x00007f4828fe5dd8 method=com.google.common.collect.RegularImmutableMap.checkNoConflictInKeyBucket(Ljava/lang/Object;Ljava/lang/Object;Lcom/google/common/collect/ImmutableMa
Event: 58.737 Thread 0x000055775369c6a0 DEOPT PACKING pc=0x00007f4828fe5dd8 sp=0x00007f47c38f5690
Event: 58.737 Thread 0x000055775369c6a0 DEOPT UNPACKING pc=0x00007f4828aa2b19 sp=0x00007f47c38f5658 mode 2
Event: 58.836 Thread 0x00007f47d03eaf40 Uncommon trap: trap_request=0xffffff45 fr.pc=0x00007f48295336a0 relative=0x00000000000003c0
Event: 58.836 Thread 0x00007f47d03eaf40 Uncommon trap: reason=unstable_if action=reinterpret pc=0x00007f48295336a0 method=java.lang.ThreadLocal.get()Ljava/lang/Object; @ 11 c2
Event: 58.836 Thread 0x00007f47d03eaf40 DEOPT PACKING pc=0x00007f48295336a0 sp=0x00007f47be4f2140
Event: 58.836 Thread 0x00007f47d03eaf40 DEOPT UNPACKING pc=0x00007f4828aa2b19 sp=0x00007f47be4f2090 mode 2

Classes loaded (20 events):
Event: 52.041 Loading class java/util/ResourceBundle$3
Event: 52.042 Loading class java/util/ResourceBundle$3 done
Event: 52.047 Loading class java/util/ResourceBundle$BundleReference
Event: 52.093 Loading class java/util/ResourceBundle$BundleReference done
Event: 52.514 Loading class java/util/EnumMap$Values
Event: 52.514 Loading class java/util/EnumMap$Values done
Event: 52.514 Loading class java/util/EnumMap$ValueIterator
Event: 52.514 Loading class java/util/EnumMap$ValueIterator done
Event: 52.515 Loading class java/util/Comparators$NullComparator
Event: 52.515 Loading class java/util/Comparators$NullComparator done
Event: 52.540 Loading class org/xml/sax/DocumentHandler
Event: 52.541 Loading class org/xml/sax/DocumentHandler done
Event: 52.911 Loading class jdk/internal/reflect/UnsafeQualifiedStaticIntegerFieldAccessorImpl
Event: 52.912 Loading class jdk/internal/reflect/UnsafeQualifiedStaticIntegerFieldAccessorImpl done
Event: 57.030 Loading class java/util/HashMap$UnsafeHolder
Event: 57.030 Loading class java/util/HashMap$UnsafeHolder done
Event: 57.596 Loading class java/text/BreakIterator
Event: 57.596 Loading class java/text/BreakIterator done
Event: 57.606 Loading class jdk/internal/jimage/ImageReader$LinkNode
Event: 57.606 Loading class jdk/internal/jimage/ImageReader$LinkNode done

Classes unloaded (0 events):
No events

Classes redefined (0 events):
No events

Internal exceptions (20 events):
Event: 46.740 Thread 0x0000557753a2b620 Exception <a 'java/lang/NoSuchMethodError'{0x00000000d773e7a0}: 'int java.lang.invoke.DelegatingMethodHandle$Holder.reinvoke_L(java.lang.Object, java.lang.Object, java.lang.Object, long, java.lang.Object, java.lang.Object)'> (0x00000000d773e7a0) 
thrown [./src/hotspot/share/interpreter/linkResolver.cpp, line 758]
Event: 46.740 Thread 0x0000557753a2b620 Exception <a 'java/lang/NoSuchMethodError'{0x00000000d774d180}: 'int java.lang.invoke.DelegatingMethodHandle$Holder.reinvoke_L(java.lang.Object, java.lang.Object, java.lang.Object, long, int, int)'> (0x00000000d774d180) 
thrown [./src/hotspot/share/interpreter/linkResolver.cpp, line 758]
Event: 46.741 Thread 0x0000557753a2b620 Exception <a 'java/lang/NoSuchMethodError'{0x00000000d775b908}: 'int java.lang.invoke.DelegatingMethodHandle$Holder.reinvoke_L(java.lang.Object, java.lang.Object, java.lang.Object, long, long, long)'> (0x00000000d775b908) 
thrown [./src/hotspot/share/interpreter/linkResolver.cpp, line 758]
Event: 46.742 Thread 0x0000557753a2b620 Exception <a 'java/lang/NoSuchMethodError'{0x00000000d7769d78}: 'int java.lang.invoke.DelegatingMethodHandle$Holder.reinvoke_L(java.lang.Object, java.lang.Object, java.lang.Object, long, int)'> (0x00000000d7769d78) 
thrown [./src/hotspot/share/interpreter/linkResolver.cpp, line 758]
Event: 49.033 Thread 0x0000557753a2b620 Exception <a 'java/lang/NoSuchMethodError'{0x00000000d050f820}: 'java.lang.Object java.lang.invoke.Invokers$Holder.invokeExact_MT(java.lang.Object, java.lang.Object, long, java.lang.Object)'> (0x00000000d050f820) 
thrown [./src/hotspot/share/interpreter/linkResolver.cpp, line 758]
Event: 52.006 Thread 0x0000557753a2b620 Exception <a 'java/lang/NoSuchMethodError'{0x00000000d80ae8b0}: 'java.lang.Object java.lang.invoke.DirectMethodHandle$Holder.invokeStatic(java.lang.Object, int, java.lang.Object)'> (0x00000000d80ae8b0) 
thrown [./src/hotspot/share/interpreter/linkResolver.cpp, line 758]
Event: 52.837 Thread 0x000055775369c6a0 Exception <a 'sun/nio/fs/UnixException'{0x00000000d6daaf90}> (0x00000000d6daaf90) 
thrown [./src/hotspot/share/prims/jni.cpp, line 516]
Event: 52.838 Thread 0x000055775369c6a0 Exception <a 'sun/nio/fs/UnixException'{0x00000000d6dac870}> (0x00000000d6dac870) 
thrown [./src/hotspot/share/prims/jni.cpp, line 516]
Event: 52.839 Thread 0x000055775369c6a0 Exception <a 'sun/nio/fs/UnixException'{0x00000000d6dadfe8}> (0x00000000d6dadfe8) 
thrown [./src/hotspot/share/prims/jni.cpp, line 516]
Event: 52.997 Thread 0x000055775369c6a0 Exception <a 'java/lang/NoSuchMethodError'{0x00000000d5e5ab30}: static Lorg/jetbrains/kotlin/gradle/internal/kapt/incremental/ClasspathEntryData;.<clinit>()V> (0x00000000d5e5ab30) 
thrown [./src/hotspot/share/prims/jni.cpp, line 1112]
Event: 57.012 Thread 0x000055775369c6a0 Exception <a 'java/lang/NoSuchMethodError'{0x00000000d2c87d90}: static Lorg/jetbrains/kotlin/gradle/internal/KaptOptionsForWorker;.<clinit>()V> (0x00000000d2c87d90) 
thrown [./src/hotspot/share/prims/jni.cpp, line 1112]
Event: 57.020 Thread 0x000055775369c6a0 Exception <a 'java/lang/NoSuchMethodError'{0x00000000d2b1a090}: static [Ljava/lang/Object;.<clinit>()V> (0x00000000d2b1a090) 
thrown [./src/hotspot/share/prims/jni.cpp, line 1112]
Event: 57.496 Thread 0x0000557753a187b0 Implicit null exception at 0x00007f48293503ec to 0x00007f4829352910
Event: 58.027 Thread 0x0000557753a187b0 Exception <a 'java/lang/NoSuchMethodError'{0x00000000d0db7ea0}: 'java.lang.Object java.lang.invoke.DirectMethodHandle$Holder.invokeStatic(java.lang.Object, java.lang.Object, int, int)'> (0x00000000d0db7ea0) 
thrown [./src/hotspot/share/interpreter/linkResolver.cpp, line 758]
Event: 58.029 Thread 0x0000557753a187b0 Exception <a 'java/lang/NoSuchMethodError'{0x00000000d0dc7c68}: 'java.lang.Object java.lang.invoke.DirectMethodHandle$Holder.invokeVirtual(java.lang.Object, java.lang.Object, java.lang.Object, int, int)'> (0x00000000d0dc7c68) 
thrown [./src/hotspot/share/interpreter/linkResolver.cpp, line 758]
Event: 58.607 Thread 0x0000557753a187b0 Exception <a 'java/lang/NoSuchMethodError'{0x00000000d0213018}: static Lorg/jetbrains/kotlin/kapt3/base/incremental/JavaClassCache;.<clinit>()V> (0x00000000d0213018) 
thrown [./src/hotspot/share/prims/jni.cpp, line 1112]
Event: 58.609 Thread 0x0000557753a187b0 Exception <a 'java/lang/NoSuchMethodError'{0x00000000d022d6f8}: static Lorg/jetbrains/kotlin/kapt3/base/incremental/SourceFileStructure;.<clinit>()V> (0x00000000d022d6f8) 
thrown [./src/hotspot/share/prims/jni.cpp, line 1112]
Event: 58.611 Thread 0x0000557753a187b0 Exception <a 'java/lang/NoSuchMethodError'{0x00000000d023c1b0}: static Lorg/jetbrains/kotlin/kapt3/base/incremental/IncrementalAptCache;.<clinit>()V> (0x00000000d023c1b0) 
thrown [./src/hotspot/share/prims/jni.cpp, line 1112]
Event: 58.629 Thread 0x000055775369c6a0 Exception <a 'sun/nio/fs/UnixException'{0x00000000d029ac80}> (0x00000000d029ac80) 
thrown [./src/hotspot/share/prims/jni.cpp, line 516]
Event: 58.836 Thread 0x00007f47d03eaf40 Implicit null exception at 0x00007f4829533311 to 0x00007f482953368c

VM Operations (20 events):
Event: 55.519 Executing VM operation: G1CollectForAllocation done
Event: 55.541 Executing VM operation: G1CollectForAllocation
Event: 55.608 Executing VM operation: G1CollectForAllocation done
Event: 56.609 Executing VM operation: Cleanup
Event: 56.609 Executing VM operation: Cleanup done
Event: 56.616 Executing VM operation: HandshakeAllThreads
Event: 56.617 Executing VM operation: HandshakeAllThreads done
Event: 57.395 Executing VM operation: HandshakeAllThreads
Event: 57.396 Executing VM operation: HandshakeAllThreads done
Event: 57.608 Executing VM operation: HandshakeAllThreads
Event: 57.609 Executing VM operation: HandshakeAllThreads done
Event: 58.208 Executing VM operation: ICBufferFull
Event: 58.208 Executing VM operation: ICBufferFull done
Event: 58.715 Executing VM operation: HandshakeAllThreads
Event: 58.715 Executing VM operation: HandshakeAllThreads done
Event: 59.715 Executing VM operation: Cleanup
Event: 59.716 Executing VM operation: Cleanup done
Event: 60.144 Executing VM operation: HandshakeAllThreads
Event: 60.144 Executing VM operation: HandshakeAllThreads done
Event: 60.701 Executing VM operation: G1CollectForAllocation

Memory protections (20 events):
Event: 30.239 Protecting memory [0x00007f47c36f8000,0x00007f47c36fc000] with protection modes 0
Event: 31.012 Protecting memory [0x00007f47c35f7000,0x00007f47c35fb000] with protection modes 0
Event: 32.299 Protecting memory [0x00007f47c34f6000,0x00007f47c34fa000] with protection modes 0
Event: 32.643 Protecting memory [0x00007f47c33f5000,0x00007f47c33f9000] with protection modes 0
Event: 32.729 Protecting memory [0x00007f47c32f4000,0x00007f47c32f8000] with protection modes 0
Event: 32.835 Protecting memory [0x00007f47c31f3000,0x00007f47c31f7000] with protection modes 0
Event: 33.026 Protecting memory [0x00007f47c30f2000,0x00007f47c30f6000] with protection modes 0
Event: 33.070 Protecting memory [0x00007f47bef00000,0x00007f47bef04000] with protection modes 0
Event: 33.303 Protecting memory [0x00007f47bedff000,0x00007f47bee03000] with protection modes 0
Event: 33.925 Protecting memory [0x00007f47becfe000,0x00007f47bed02000] with protection modes 0
Event: 34.039 Protecting memory [0x00007f47bebfd000,0x00007f47bec01000] with protection modes 0
Event: 34.197 Protecting memory [0x00007f47beafc000,0x00007f47beb00000] with protection modes 0
Event: 40.724 Protecting memory [0x00007f47be9fb000,0x00007f47be9ff000] with protection modes 0
Event: 43.713 Protecting memory [0x00007f47be8fa000,0x00007f47be8fe000] with protection modes 0
Event: 45.519 Protecting memory [0x00007f47be7f9000,0x00007f47be7fd000] with protection modes 0
Event: 45.541 Protecting memory [0x00007f47be6f8000,0x00007f47be6fc000] with protection modes 0
Event: 52.904 Protecting memory [0x00007f47be6f8000,0x00007f47be6fc000] with protection modes 0
Event: 57.025 Protecting memory [0x00007f47be5f7000,0x00007f47be5fb000] with protection modes 0
Event: 58.708 Protecting memory [0x00007f47be4f6000,0x00007f47be4fa000] with protection modes 0
Event: 58.835 Protecting memory [0x00007f47be3f5000,0x00007f47be3f9000] with protection modes 0

Nmethod flushes (20 events):
Event: 53.423 Thread 0x00007f48380b9f80 flushing  nmethod 0x00007f4822d5bc90
Event: 53.423 Thread 0x00007f48380b9f80 flushing  nmethod 0x00007f4822d5c310
Event: 53.423 Thread 0x00007f48380b9f80 flushing  nmethod 0x00007f4822d5db90
Event: 53.423 Thread 0x00007f48380b9f80 flushing  nmethod 0x00007f4822d7ec10
Event: 53.423 Thread 0x00007f48380b9f80 flushing  nmethod 0x00007f4822d80e90
Event: 53.423 Thread 0x00007f48380b9f80 flushing  nmethod 0x00007f4822d8dc10
Event: 53.423 Thread 0x00007f48380b9f80 flushing  nmethod 0x00007f4822d92990
Event: 53.423 Thread 0x00007f48380b9f80 flushing  nmethod 0x00007f4822d97610
Event: 53.423 Thread 0x00007f48380b9f80 flushing  nmethod 0x00007f4822d98490
Event: 53.423 Thread 0x00007f48380b9f80 flushing  nmethod 0x00007f4822d98e10
Event: 53.423 Thread 0x00007f48380b9f80 flushing  nmethod 0x00007f4822d9f510
Event: 53.423 Thread 0x00007f48380b9f80 flushing  nmethod 0x00007f4822db3190
Event: 53.423 Thread 0x00007f48380b9f80 flushing  nmethod 0x00007f4822dbae10
Event: 53.423 Thread 0x00007f48380b9f80 flushing  nmethod 0x00007f4822de4510
Event: 53.423 Thread 0x00007f48380b9f80 flushing  nmethod 0x00007f4822e02490
Event: 53.425 Thread 0x00007f48380b9f80 flushing  nmethod 0x00007f4822e7ab10
Event: 53.425 Thread 0x00007f48380b9f80 flushing  nmethod 0x00007f4822e7ae90
Event: 53.425 Thread 0x00007f48380b9f80 flushing  nmethod 0x00007f4822e82810
Event: 53.425 Thread 0x00007f48380b9f80 flushing  nmethod 0x00007f4822e83010
Event: 53.425 Thread 0x00007f48380b9f80 flushing  nmethod 0x00007f4822e83410

Events (20 events):
Event: 31.010 Thread 0x00007f480a44cbf0 Thread added: 0x0000557753712e40
Event: 32.298 Thread 0x000055775369c6a0 Thread added: 0x00007f47c834f670
Event: 32.643 Thread 0x000055775369c6a0 Thread added: 0x00007f47c82d4c30
Event: 32.727 Thread 0x00007f480a44cbf0 Thread added: 0x0000557753732ca0
Event: 32.835 Thread 0x00007f480a44cbf0 Thread added: 0x000055775372e860
Event: 33.026 Thread 0x000055775369c6a0 Thread added: 0x00007f47c837c820
Event: 33.066 Thread 0x000055775369c6a0 Thread added: 0x00007f47c8380180
Event: 33.303 Thread 0x000055775369c6a0 Thread added: 0x00007f47c8381430
Event: 33.922 Thread 0x00007f480a44cbf0 Thread added: 0x000055775374c110
Event: 34.032 Thread 0x00007f480a44cbf0 Thread added: 0x0000557753751f30
Event: 34.142 Thread 0x00007f480a44cbf0 Thread added: 0x0000557753754300
Event: 40.721 Thread 0x00007f480a44cbf0 Thread added: 0x00005577538d1b90
Event: 43.712 Thread 0x00007f480a44cbf0 Thread added: 0x00005577538c9660
Event: 45.518 Thread 0x00007f480a44cbf0 Thread added: 0x0000557753a187b0
Event: 45.541 Thread 0x0000557753a187b0 Thread added: 0x0000557753a2b620
Event: 52.733 Thread 0x0000557753a2b620 Thread exited: 0x0000557753a2b620
Event: 52.899 Thread 0x000055775369c6a0 Thread added: 0x00007f47c9320cd0
Event: 57.023 Thread 0x000055775369c6a0 Thread added: 0x00007f47c92ecca0
Event: 58.706 Thread 0x000055775369c6a0 Thread added: 0x00007f47c92fea50
Event: 58.834 Thread 0x00007f47c92ecca0 Thread added: 0x00007f47d03eaf40


Dynamic libraries:
c0000000-dbf00000 rw-p 00000000 00:00 0 
ea500000-ffe00000 ---p 00000000 00:00 0 
ffe00000-ffe75000 rw-p 00c7a000 00:25 13853                              /usr/lib/jvm/java-17-openjdk-amd64/lib/server/classes.jsa
ffe75000-fff00000 rw-p 00000000 00:00 0 
fff00000-fff78000 rw-p 00c02000 00:25 13853                              /usr/lib/jvm/java-17-openjdk-amd64/lib/server/classes.jsa
fff78000-100000000 rw-p 00000000 00:00 0 
55775353c000-55775353d000 r--p 00000000 00:25 13495                      /usr/lib/jvm/java-17-openjdk-amd64/bin/java
55775353d000-55775353e000 r-xp 00001000 00:25 13495                      /usr/lib/jvm/java-17-openjdk-amd64/bin/java
55775353e000-55775353f000 r--p 00002000 00:25 13495                      /usr/lib/jvm/java-17-openjdk-amd64/bin/java
55775353f000-557753540000 r--p 00002000 00:25 13495                      /usr/lib/jvm/java-17-openjdk-amd64/bin/java
557753540000-557753541000 rw-p 00003000 00:25 13495                      /usr/lib/jvm/java-17-openjdk-amd64/bin/java
557753665000-557753d4c000 rw-p 00000000 00:00 0                          [heap]
7f47ba000000-7f47ba100000 rw-p 00000000 00:00 0 
7f47ba100000-7f47ba140000 rw-p 00000000 00:00 0 
7f47ba140000-7f47ba200000 ---p 00000000 00:00 0 
7f47ba200000-7f47bb1e0000 rw-p 00000000 00:00 0 
7f47bb1e0000-7f47be000000 ---p 00000000 00:00 0 
7f47be166000-7f47be3f4000 rw-p 00000000 00:00 0 
7f47be3f4000-7f47be3f5000 ---p 00000000 00:00 0 
7f47be3f5000-7f47be3f9000 ---p 00000000 00:00 0 
7f47be3f9000-7f47be4f5000 rw-p 00000000 00:00 0 
7f47be4f5000-7f47be4f6000 ---p 00000000 00:00 0 
7f47be4f6000-7f47be4fa000 ---p 00000000 00:00 0 
7f47be4fa000-7f47be5f6000 rw-p 00000000 00:00 0 
7f47be5f6000-7f47be5f7000 ---p 00000000 00:00 0 
7f47be5f7000-7f47be5fb000 ---p 00000000 00:00 0 
7f47be5fb000-7f47be6f7000 rw-p 00000000 00:00 0 
7f47be6f7000-7f47be6f8000 ---p 00000000 00:00 0 
7f47be6f8000-7f47be6fc000 ---p 00000000 00:00 0 
7f47be6fc000-7f47be7f8000 rw-p 00000000 00:00 0 
7f47be7f8000-7f47be7f9000 ---p 00000000 00:00 0 
7f47be7f9000-7f47be7fd000 ---p 00000000 00:00 0 
7f47be7fd000-7f47be8f9000 rw-p 00000000 00:00 0 
7f47be8f9000-7f47be8fa000 ---p 00000000 00:00 0 
7f47be8fa000-7f47be8fe000 ---p 00000000 00:00 0 
7f47be8fe000-7f47be9fa000 rw-p 00000000 00:00 0 
7f47be9fa000-7f47be9fb000 ---p 00000000 00:00 0 
7f47be9fb000-7f47be9ff000 ---p 00000000 00:00 0 
7f47be9ff000-7f47beafb000 rw-p 00000000 00:00 0 
7f47beafb000-7f47beafc000 ---p 00000000 00:00 0 
7f47beafc000-7f47beb00000 ---p 00000000 00:00 0 
7f47beb00000-7f47bebfc000 rw-p 00000000 00:00 0 
7f47bebfc000-7f47bebfd000 ---p 00000000 00:00 0 
7f47bebfd000-7f47bec01000 ---p 00000000 00:00 0 
7f47bec01000-7f47becfd000 rw-p 00000000 00:00 0 
7f47becfd000-7f47becfe000 ---p 00000000 00:00 0 
7f47becfe000-7f47bed02000 ---p 00000000 00:00 0 
7f47bed02000-7f47bedfe000 rw-p 00000000 00:00 0 
7f47bedfe000-7f47bedff000 ---p 00000000 00:00 0 
7f47bedff000-7f47bee03000 ---p 00000000 00:00 0 
7f47bee03000-7f47beeff000 rw-p 00000000 00:00 0 
7f47beeff000-7f47bef00000 ---p 00000000 00:00 0 
7f47bef00000-7f47bef04000 ---p 00000000 00:00 0 
7f47bef04000-7f47bf700000 rw-p 00000000 00:00 0 
7f47bf700000-7f47bf800000 rw-p 00000000 00:00 0 
7f47bf800000-7f47bfe80000 rw-p 00000000 00:00 0 
7f47bfe80000-7f47bff00000 rw-p 00000000 00:00 0 
7f47bff00000-7f47c0100000 rw-p 00000000 00:00 0 
7f47c0100000-7f47c0300000 rw-p 00000000 00:00 0 
7f47c0300000-7f47c0400000 rw-p 00000000 00:00 0 
7f47c0400000-7f47c3000000 rw-p 00000000 00:00 0 
7f47c30f1000-7f47c30f2000 ---p 00000000 00:00 0 
7f47c30f2000-7f47c30f6000 ---p 00000000 00:00 0 
7f47c30f6000-7f47c31f2000 rw-p 00000000 00:00 0 
7f47c31f2000-7f47c31f3000 ---p 00000000 00:00 0 
7f47c31f3000-7f47c31f7000 ---p 00000000 00:00 0 
7f47c31f7000-7f47c32f3000 rw-p 00000000 00:00 0 
7f47c32f3000-7f47c32f4000 ---p 00000000 00:00 0 
7f47c32f4000-7f47c32f8000 ---p 00000000 00:00 0 
7f47c32f8000-7f47c33f4000 rw-p 00000000 00:00 0 
7f47c33f4000-7f47c33f5000 ---p 00000000 00:00 0 
7f47c33f5000-7f47c33f9000 ---p 00000000 00:00 0 
7f47c33f9000-7f47c34f5000 rw-p 00000000 00:00 0 
7f47c34f5000-7f47c34f6000 ---p 00000000 00:00 0 
7f47c34f6000-7f47c34fa000 ---p 00000000 00:00 0 
7f47c34fa000-7f47c35f6000 rw-p 00000000 00:00 0 
7f47c35f6000-7f47c35f7000 ---p 00000000 00:00 0 
7f47c35f7000-7f47c35fb000 ---p 00000000 00:00 0 
7f47c35fb000-7f47c36f7000 rw-p 00000000 00:00 0 
7f47c36f7000-7f47c36f8000 ---p 00000000 00:00 0 
7f47c36f8000-7f47c36fc000 ---p 00000000 00:00 0 
7f47c36fc000-7f47c37f8000 rw-p 00000000 00:00 0 
7f47c37f8000-7f47c37f9000 ---p 00000000 00:00 0 
7f47c37f9000-7f47c37fd000 ---p 00000000 00:00 0 
7f47c37fd000-7f47c38f9000 rw-p 00000000 00:00 0 
7f47c38f9000-7f47c38fa000 ---p 00000000 00:00 0 
7f47c38fa000-7f47c38fe000 ---p 00000000 00:00 0 
7f47c38fe000-7f47c39fa000 rw-p 00000000 00:00 0 
7f47c39fa000-7f47c39fb000 ---p 00000000 00:00 0 
7f47c39fb000-7f47c39ff000 ---p 00000000 00:00 0 
7f47c39ff000-7f47c3afb000 rw-p 00000000 00:00 0 
7f47c3afb000-7f47c3afc000 ---p 00000000 00:00 0 
7f47c3afc000-7f47c3b00000 ---p 00000000 00:00 0 
7f47c3b00000-7f47c3bfc000 rw-p 00000000 00:00 0 
7f47c3bfc000-7f47c3bfd000 ---p 00000000 00:00 0 
7f47c3bfd000-7f47c3c01000 ---p 00000000 00:00 0 
7f47c3c01000-7f47c3cfd000 rw-p 00000000 00:00 0 
7f47c3cfd000-7f47c3cfe000 ---p 00000000 00:00 0 
7f47c3cfe000-7f47c3d02000 ---p 00000000 00:00 0 
7f47c3d02000-7f47c3dfe000 rw-p 00000000 00:00 0 
7f47c3dfe000-7f47c3dff000 ---p 00000000 00:00 0 
7f47c3dff000-7f47c3e03000 ---p 00000000 00:00 0 
7f47c3e03000-7f47c3eff000 rw-p 00000000 00:00 0 
7f47c3eff000-7f47c3f00000 ---p 00000000 00:00 0 
7f47c3f00000-7f47c3f04000 ---p 00000000 00:00 0 
7f47c3f04000-7f47c4000000 rw-p 00000000 00:00 0 
7f47c4000000-7f47c4b5e000 rw-p 00000000 00:00 0 
7f47c4b5e000-7f47c8000000 ---p 00000000 00:00 0 
7f47c8000000-7f47c939d000 rw-p 00000000 00:00 0 
7f47c939d000-7f47cc000000 ---p 00000000 00:00 0 
7f47cc000000-7f47cc021000 rw-p 00000000 00:00 0 
7f47cc021000-7f47d0000000 ---p 00000000 00:00 0 
7f47d0000000-7f47d1e73000 rw-p 00000000 00:00 0 
7f47d1e73000-7f47d4000000 ---p 00000000 00:00 0 
7f47d4000000-7f47d4055000 rw-p 00000000 00:00 0 
7f47d4055000-7f47d8000000 ---p 00000000 00:00 0 
7f47d8000000-7f47d81bc000 rw-p 00000000 00:00 0 
7f47d81bc000-7f47dc000000 ---p 00000000 00:00 0 
7f47dc000000-7f47dc021000 rw-p 00000000 00:00 0 
7f47dc021000-7f47e0000000 ---p 00000000 00:00 0 
7f47e0000000-7f47e0021000 rw-p 00000000 00:00 0 
7f47e0021000-7f47e4000000 ---p 00000000 00:00 0 
7f47e4000000-7f47e42a9000 rw-p 00000000 00:00 0 
7f47e42a9000-7f47e8000000 ---p 00000000 00:00 0 
7f47e80f1000-7f47e80f2000 ---p 00000000 00:00 0 
7f47e80f2000-7f47e80f6000 ---p 00000000 00:00 0 
7f47e80f6000-7f47e81f2000 rw-p 00000000 00:00 0 
7f47e81f2000-7f47e81f3000 ---p 00000000 00:00 0 
7f47e81f3000-7f47e81f7000 ---p 00000000 00:00 0 
7f47e81f7000-7f47e82f3000 rw-p 00000000 00:00 0 
7f47e82f3000-7f47e82f4000 ---p 00000000 00:00 0 
7f47e82f4000-7f47e82f8000 ---p 00000000 00:00 0 
7f47e82f8000-7f47e83f4000 rw-p 00000000 00:00 0 
7f47e83f4000-7f47e83f5000 ---p 00000000 00:00 0 
7f47e83f5000-7f47e83f9000 ---p 00000000 00:00 0 
7f47e83f9000-7f47e84f5000 rw-p 00000000 00:00 0 
7f47e84f5000-7f47e84f6000 ---p 00000000 00:00 0 
7f47e84f6000-7f47e84fa000 ---p 00000000 00:00 0 
7f47e84fa000-7f47e85f6000 rw-p 00000000 00:00 0 
7f47e85f6000-7f47e85f7000 ---p 00000000 00:00 0 
7f47e85f7000-7f47e85fb000 ---p 00000000 00:00 0 
7f47e85fb000-7f47e86f7000 rw-p 00000000 00:00 0 
7f47e86f7000-7f47e86f8000 ---p 00000000 00:00 0 
7f47e86f8000-7f47e86fc000 ---p 00000000 00:00 0 
7f47e86fc000-7f47e87f8000 rw-p 00000000 00:00 0 
7f47e87f8000-7f47e87f9000 ---p 00000000 00:00 0 
7f47e87f9000-7f47e87fd000 ---p 00000000 00:00 0 
7f47e87fd000-7f47e88f9000 rw-p 00000000 00:00 0 
7f47e88f9000-7f47e88fa000 ---p 00000000 00:00 0 
7f47e88fa000-7f47e88fe000 ---p 00000000 00:00 0 
7f47e88fe000-7f47e89fa000 rw-p 00000000 00:00 0 
7f47e89fa000-7f47e89fb000 ---p 00000000 00:00 0 
7f47e89fb000-7f47e89ff000 ---p 00000000 00:00 0 
7f47e89ff000-7f47e8afb000 rw-p 00000000 00:00 0 
7f47e8afb000-7f47e8afc000 ---p 00000000 00:00 0 
7f47e8afc000-7f47e8b00000 ---p 00000000 00:00 0 
7f47e8b00000-7f47e8bfc000 rw-p 00000000 00:00 0 
7f47e8bfc000-7f47e8bfd000 ---p 00000000 00:00 0 
7f47e8bfd000-7f47e8c01000 ---p 00000000 00:00 0 
7f47e8c01000-7f47e8cfd000 rw-p 00000000 00:00 0 
7f47e8cfd000-7f47e8cfe000 ---p 00000000 00:00 0 
7f47e8cfe000-7f47e8d02000 ---p 00000000 00:00 0 
7f47e8d02000-7f47e8dfe000 rw-p 00000000 00:00 0 
7f47e8dfe000-7f47e8dff000 ---p 00000000 00:00 0 
7f47e8dff000-7f47e8e03000 ---p 00000000 00:00 0 
7f47e8e03000-7f47e8eff000 rw-p 00000000 00:00 0 
7f47e8eff000-7f47e8f00000 ---p 00000000 00:00 0 
7f47e8f00000-7f47e8f04000 ---p 00000000 00:00 0 
7f47e8f04000-7f47e9400000 rw-p 00000000 00:00 0 
7f47e9400000-7f47e97e0000 rw-p 00000000 00:00 0 
7f47e97e0000-7f47e9800000 rw-p 00000000 00:00 0 
7f47e9800000-7f47e9900000 rw-p 00000000 00:00 0 
7f47e9900000-7f47e9a00000 rw-p 00000000 00:00 0 
7f47e9a00000-7f47ea500000 rw-p 00000000 00:00 0 
7f47ea500000-7f47ea600000 rw-p 00000000 00:00 0 
7f47ea600000-7f47ea900000 rw-p 00000000 00:00 0 
7f47ea900000-7f47eaa00000 rw-p 00000000 00:00 0 
7f47eaa00000-7f47eab00000 rw-p 00000000 00:00 0 
7f47eab00000-7f47eac00000 rw-p 00000000 00:00 0 
7f47eac00000-7f47ebbc0000 rw-p 00000000 00:00 0 
7f47ebbc0000-7f47ebc00000 rw-p 00000000 00:00 0 
7f47ebc00000-7f47ebf80000 rw-p 00000000 00:00 0 
7f47ebf80000-7f47ec000000 rw-p 00000000 00:00 0 
7f47ec000000-7f47ec340000 rw-p 00000000 00:00 0 
7f47ec340000-7f47ec380000 rw-p 00000000 00:00 0 
7f47ec380000-7f47ec500000 rw-p 00000000 00:00 0 
7f47ec500000-7f47ec600000 rw-p 00000000 00:00 0 
7f47ec600000-7f47ed000000 rw-p 00000000 00:00 0 
7f47ed000000-7f47ed455000 rw-p 00001000 00:25 13853                      /usr/lib/jvm/java-17-openjdk-amd64/lib/server/classes.jsa
7f47ed455000-7f47edbca000 rw-p 00456000 00:25 13853                      /usr/lib/jvm/java-17-openjdk-amd64/lib/server/classes.jsa
7f47edbca000-7f47ee000000 ---p 00000000 00:00 0 
7f47ee000000-7f47ee040000 rw-p 00000000 00:00 0 
7f47ee040000-7f47ee080000 rw-p 00000000 00:00 0 
7f47ee080000-7f47ee140000 rw-p 00000000 00:00 0 
7f47ee140000-7f47ee180000 rw-p 00000000 00:00 0 
7f47ee180000-7f47ee440000 rw-p 00000000 00:00 0 
7f47ee440000-7f47ee640000 rw-p 00000000 00:00 0 
7f47ee640000-7f47ee680000 rw-p 00000000 00:00 0 
7f47ee680000-7f47ee880000 rw-p 00000000 00:00 0 
7f47ee880000-7f47eec40000 rw-p 00000000 00:00 0 
7f47eec40000-7f47eec80000 rw-p 00000000 00:00 0 
7f47eec80000-7f47eed40000 rw-p 00000000 00:00 0 
7f47eed40000-7f47eeec0000 rw-p 00000000 00:00 0 
7f47eeec0000-7f47eeed0000 rw-p 00000000 00:00 0 
7f47eeed0000-7f47eef00000 ---p 00000000 00:00 0 
7f47eef00000-7f47ef640000 rw-p 00000000 00:00 0 
7f47ef640000-7f4808000000 ---p 00000000 00:00 0 
7f4808000000-7f480a453000 rw-p 00000000 00:00 0 
7f480a453000-7f480c000000 ---p 00000000 00:00 0 
7f480c000000-7f480c024000 rw-p 00000000 00:00 0 
7f480c024000-7f4810000000 ---p 00000000 00:00 0 
7f4810000000-7f48100f3000 rw-p 00000000 00:00 0 
7f48100f3000-7f4814000000 ---p 00000000 00:00 0 
7f4814000000-7f4814064000 rw-p 00000000 00:00 0 
7f4814064000-7f4818000000 ---p 00000000 00:00 0 
7f4818000000-7f4818098000 rw-p 00000000 00:00 0 
7f4818098000-7f481c000000 ---p 00000000 00:00 0 
7f481c0fb000-7f481c0fc000 ---p 00000000 00:00 0 
7f481c0fc000-7f481c100000 ---p 00000000 00:00 0 
7f481c100000-7f481c1fc000 rw-p 00000000 00:00 0 
7f481c1fc000-7f481c1fd000 ---p 00000000 00:00 0 
7f481c1fd000-7f481c201000 ---p 00000000 00:00 0 
7f481c201000-7f481c2fd000 rw-p 00000000 00:00 0 
7f481c2fd000-7f481c2fe000 ---p 00000000 00:00 0 
7f481c2fe000-7f481c302000 ---p 00000000 00:00 0 
7f481c302000-7f481c3fe000 rw-p 00000000 00:00 0 
7f481c3fe000-7f481c3ff000 ---p 00000000 00:00 0 
7f481c3ff000-7f481c403000 ---p 00000000 00:00 0 
7f481c403000-7f481c4ff000 rw-p 00000000 00:00 0 
7f481c4ff000-7f481c500000 ---p 00000000 00:00 0 
7f481c500000-7f481c504000 ---p 00000000 00:00 0 
7f481c504000-7f481c600000 rw-p 00000000 00:00 0 
7f481c600000-7f481c653000 r-xp 00000000 fe:00 393840                     /root/.gradle/native/100fb08df4bc3b14c8652ba06237920a3bd2aa13389f12d3474272988ae205f9/linux-amd64/libnative-platform-file-events.so
7f481c653000-7f481c852000 ---p 00053000 fe:00 393840                     /root/.gradle/native/100fb08df4bc3b14c8652ba06237920a3bd2aa13389f12d3474272988ae205f9/linux-amd64/libnative-platform-file-events.so
7f481c852000-7f481c853000 r--p 00052000 fe:00 393840                     /root/.gradle/native/100fb08df4bc3b14c8652ba06237920a3bd2aa13389f12d3474272988ae205f9/linux-amd64/libnative-platform-file-events.so
7f481c853000-7f481c855000 rw-p 00053000 fe:00 393840                     /root/.gradle/native/100fb08df4bc3b14c8652ba06237920a3bd2aa13389f12d3474272988ae205f9/linux-amd64/libnative-platform-file-events.so
7f481c8ff000-7f481c900000 ---p 00000000 00:00 0 
7f481c900000-7f481c904000 ---p 00000000 00:00 0 
7f481c904000-7f481ca00000 rw-p 00000000 00:00 0 
7f481ca00000-7f481ca05000 r-xp 00000000 fe:00 393821                     /root/.gradle/native/c067742578af261105cb4f569cf0c3c89f3d7b1fecec35dd04571415982c5e48/linux-amd64/libnative-platform.so
7f481ca05000-7f481cc05000 ---p 00005000 fe:00 393821                     /root/.gradle/native/c067742578af261105cb4f569cf0c3c89f3d7b1fecec35dd04571415982c5e48/linux-amd64/libnative-platform.so
7f481cc05000-7f481cc06000 r--p 00005000 fe:00 393821                     /root/.gradle/native/c067742578af261105cb4f569cf0c3c89f3d7b1fecec35dd04571415982c5e48/linux-amd64/libnative-platform.so
7f481cc06000-7f481cc07000 rw-p 00006000 fe:00 393821                     /root/.gradle/native/c067742578af261105cb4f569cf0c3c89f3d7b1fecec35dd04571415982c5e48/linux-amd64/libnative-platform.so
7f481cc08000-7f481cc09000 ---p 00000000 00:00 0 
7f481cc09000-7f481cd09000 rw-p 00000000 00:00 0 
7f481cd09000-7f481cd0a000 ---p 00000000 00:00 0 
7f481cd0a000-7f481ce0a000 rw-p 00000000 00:00 0 
7f481ce0a000-7f481ce0b000 ---p 00000000 00:00 0 
7f481ce0b000-7f481cf0b000 rw-p 00000000 00:00 0 
7f481cf0b000-7f481cf0c000 ---p 00000000 00:00 0 
7f481cf0c000-7f481cf10000 ---p 00000000 00:00 0 
7f481cf10000-7f481d00c000 rw-p 00000000 00:00 0 
7f481d00c000-7f481d00d000 ---p 00000000 00:00 0 
7f481d00d000-7f481d011000 ---p 00000000 00:00 0 
7f481d011000-7f481d10d000 rw-p 00000000 00:00 0 
7f481d10d000-7f481d10e000 ---p 00000000 00:00 0 
7f481d10e000-7f481d112000 ---p 00000000 00:00 0 
7f481d112000-7f481d20e000 rw-p 00000000 00:00 0 
7f481d20e000-7f481d20f000 ---p 00000000 00:00 0 
7f481d20f000-7f481d213000 ---p 00000000 00:00 0 
7f481d213000-7f481d30f000 rw-p 00000000 00:00 0 
7f481d30f000-7f481d310000 ---p 00000000 00:00 0 
7f481d310000-7f481d314000 ---p 00000000 00:00 0 
7f481d314000-7f481d410000 rw-p 00000000 00:00 0 
7f481d410000-7f481d411000 ---p 00000000 00:00 0 
7f481d411000-7f481d415000 ---p 00000000 00:00 0 
7f481d415000-7f481fc0d000 rw-p 00000000 00:00 0 
7f481fc0d000-7f4820509000 ---p 00000000 00:00 0 
7f4820509000-7f4820c0d000 rw-p 00000000 00:00 0 
7f4820c0d000-7f4821509000 ---p 00000000 00:00 0 
7f4821509000-7f4821511000 rw-p 00000000 00:00 0 
7f4821511000-7f4822ef1000 rwxp 00000000 00:00 0 
7f4822ef1000-7f4828a49000 ---p 00000000 00:00 0 
7f4828a49000-7f4828ce9000 rwxp 00000000 00:00 0 
7f4828ce9000-7f4828fd8000 ---p 00000000 00:00 0 
7f4828fd8000-7f48296c8000 rwxp 00000000 00:00 0 
7f48296c8000-7f4830511000 ---p 00000000 00:00 0 
7f4830511000-7f4838000000 r--s 00000000 00:25 13844                      /usr/lib/jvm/java-17-openjdk-amd64/lib/modules
7f4838000000-7f48393ec000 rw-p 00000000 00:00 0 
7f48393ec000-7f483c000000 ---p 00000000 00:00 0 
7f483c08a000-7f483c08b000 r--p 00000000 00:25 13813                      /usr/lib/jvm/java-17-openjdk-amd64/lib/libextnet.so
7f483c08b000-7f483c08c000 r-xp 00001000 00:25 13813                      /usr/lib/jvm/java-17-openjdk-amd64/lib/libextnet.so
7f483c08c000-7f483c08d000 r--p 00002000 00:25 13813                      /usr/lib/jvm/java-17-openjdk-amd64/lib/libextnet.so
7f483c08d000-7f483c08e000 r--p 00002000 00:25 13813                      /usr/lib/jvm/java-17-openjdk-amd64/lib/libextnet.so
7f483c08e000-7f483c08f000 rw-p 00003000 00:25 13813                      /usr/lib/jvm/java-17-openjdk-amd64/lib/libextnet.so
7f483c08f000-7f483c091000 r--p 00000000 00:25 13832                      /usr/lib/jvm/java-17-openjdk-amd64/lib/libmanagement_ext.so
7f483c091000-7f483c094000 r-xp 00002000 00:25 13832                      /usr/lib/jvm/java-17-openjdk-amd64/lib/libmanagement_ext.so
7f483c094000-7f483c095000 r--p 00005000 00:25 13832                      /usr/lib/jvm/java-17-openjdk-amd64/lib/libmanagement_ext.so
7f483c095000-7f483c096000 r--p 00006000 00:25 13832                      /usr/lib/jvm/java-17-openjdk-amd64/lib/libmanagement_ext.so
7f483c096000-7f483c097000 rw-p 00007000 00:25 13832                      /usr/lib/jvm/java-17-openjdk-amd64/lib/libmanagement_ext.so
7f483c097000-7f483c098000 r--p 00000000 00:25 18162                      /usr/lib/x86_64-linux-gnu/libpthread.so.0
7f483c098000-7f483c099000 r-xp 00001000 00:25 18162                      /usr/lib/x86_64-linux-gnu/libpthread.so.0
7f483c099000-7f483c09a000 r--p 00002000 00:25 18162                      /usr/lib/x86_64-linux-gnu/libpthread.so.0
7f483c09a000-7f483c09b000 r--p 00002000 00:25 18162                      /usr/lib/x86_64-linux-gnu/libpthread.so.0
7f483c09b000-7f483c09c000 rw-p 00003000 00:25 18162                      /usr/lib/x86_64-linux-gnu/libpthread.so.0
7f483c09c000-7f483c0a0000 r--p 00000000 00:25 13842                      /usr/lib/jvm/java-17-openjdk-amd64/lib/libverify.so
7f483c0a0000-7f483c0a7000 r-xp 00004000 00:25 13842                      /usr/lib/jvm/java-17-openjdk-amd64/lib/libverify.so
7f483c0a7000-7f483c0a9000 r--p 0000b000 00:25 13842                      /usr/lib/jvm/java-17-openjdk-amd64/lib/libverify.so
7f483c0a9000-7f483c0ab000 r--p 0000c000 00:25 13842                      /usr/lib/jvm/java-17-openjdk-amd64/lib/libverify.so
7f483c0ab000-7f483c0ac000 rw-p 0000e000 00:25 13842                      /usr/lib/jvm/java-17-openjdk-amd64/lib/libverify.so
7f483c0ac000-7f483c0b0000 r--p 00000000 00:25 13834                      /usr/lib/jvm/java-17-openjdk-amd64/lib/libnet.so
7f483c0b0000-7f483c0be000 r-xp 00004000 00:25 13834                      /usr/lib/jvm/java-17-openjdk-amd64/lib/libnet.so
7f483c0be000-7f483c0c2000 r--p 00012000 00:25 13834                      /usr/lib/jvm/java-17-openjdk-amd64/lib/libnet.so
7f483c0c2000-7f483c0c3000 r--p 00015000 00:25 13834                      /usr/lib/jvm/java-17-openjdk-amd64/lib/libnet.so
7f483c0c3000-7f483c0c4000 rw-p 00016000 00:25 13834                      /usr/lib/jvm/java-17-openjdk-amd64/lib/libnet.so
7f483c0c4000-7f483c0c5000 ---p 00000000 00:00 0 
7f483c0c5000-7f483c0c9000 ---p 00000000 00:00 0 
7f483c0c9000-7f483c1c5000 rw-p 00000000 00:00 0 
7f483c1c5000-7f483c1c6000 ---p 00000000 00:00 0 
7f483c1c6000-7f483c1ca000 ---p 00000000 00:00 0 
7f483c1ca000-7f483c2c6000 rw-p 00000000 00:00 0 
7f483c2c6000-7f483c31d000 r--p 00000000 00:25 13893                      /usr/lib/locale/C.utf8/LC_CTYPE
7f483c31d000-7f483c31e000 ---p 00000000 00:00 0 
7f483c31e000-7f483c322000 ---p 00000000 00:00 0 
7f483c322000-7f483c41e000 rw-p 00000000 00:00 0 
7f483c41e000-7f483c41f000 ---p 00000000 00:00 0 
7f483c41f000-7f483c423000 ---p 00000000 00:00 0 
7f483c423000-7f483c51f000 rw-p 00000000 00:00 0 
7f483c51f000-7f483c520000 ---p 00000000 00:00 0 
7f483c520000-7f483c620000 rw-p 00000000 00:00 0 
7f483c620000-7f483c625000 r--p 00000000 00:25 13828                      /usr/lib/jvm/java-17-openjdk-amd64/lib/libjsvml.so
7f483c625000-7f483c666000 r-xp 00005000 00:25 13828                      /usr/lib/jvm/java-17-openjdk-amd64/lib/libjsvml.so
7f483c666000-7f483c6ef000 r--p 00046000 00:25 13828                      /usr/lib/jvm/java-17-openjdk-amd64/lib/libjsvml.so
7f483c6ef000-7f483c6f0000 r--p 000ce000 00:25 13828                      /usr/lib/jvm/java-17-openjdk-amd64/lib/libjsvml.so
7f483c6f0000-7f483c6f1000 rw-p 000cf000 00:25 13828                      /usr/lib/jvm/java-17-openjdk-amd64/lib/libjsvml.so
7f483c6f1000-7f483c80e000 rw-p 00000000 00:00 0 
7f483c811000-7f483c813000 r--p 00000000 00:25 13830                      /usr/lib/jvm/java-17-openjdk-amd64/lib/libmanagement.so
7f483c813000-7f483c814000 r-xp 00002000 00:25 13830                      /usr/lib/jvm/java-17-openjdk-amd64/lib/libmanagement.so
7f483c814000-7f483c815000 r--p 00003000 00:25 13830                      /usr/lib/jvm/java-17-openjdk-amd64/lib/libmanagement.so
7f483c815000-7f483c816000 r--p 00003000 00:25 13830                      /usr/lib/jvm/java-17-openjdk-amd64/lib/libmanagement.so
7f483c816000-7f483c817000 rw-p 00004000 00:25 13830                      /usr/lib/jvm/java-17-openjdk-amd64/lib/libmanagement.so
7f483c817000-7f483c81e000 r--p 00000000 00:25 13835                      /usr/lib/jvm/java-17-openjdk-amd64/lib/libnio.so
7f483c81e000-7f483c827000 r-xp 00007000 00:25 13835                      /usr/lib/jvm/java-17-openjdk-amd64/lib/libnio.so
7f483c827000-7f483c82b000 r--p 00010000 00:25 13835                      /usr/lib/jvm/java-17-openjdk-amd64/lib/libnio.so
7f483c82b000-7f483c82c000 r--p 00014000 00:25 13835                      /usr/lib/jvm/java-17-openjdk-amd64/lib/libnio.so
7f483c82c000-7f483c82d000 rw-p 00015000 00:25 13835                      /usr/lib/jvm/java-17-openjdk-amd64/lib/libnio.so
7f483c82d000-7f483c82f000 r--p 00000000 00:25 13843                      /usr/lib/jvm/java-17-openjdk-amd64/lib/libzip.so
7f483c82f000-7f483c833000 r-xp 00002000 00:25 13843                      /usr/lib/jvm/java-17-openjdk-amd64/lib/libzip.so
7f483c833000-7f483c835000 r--p 00006000 00:25 13843                      /usr/lib/jvm/java-17-openjdk-amd64/lib/libzip.so
7f483c835000-7f483c836000 r--p 00007000 00:25 13843                      /usr/lib/jvm/java-17-openjdk-amd64/lib/libzip.so
7f483c836000-7f483c837000 rw-p 00008000 00:25 13843                      /usr/lib/jvm/java-17-openjdk-amd64/lib/libzip.so
7f483c837000-7f483c838000 r--p 00000000 00:25 13899                      /usr/lib/locale/C.utf8/LC_NUMERIC
7f483c838000-7f483c839000 r--p 00000000 00:25 13902                      /usr/lib/locale/C.utf8/LC_TIME
7f483c839000-7f483c83a000 r--p 00000000 00:25 13892                      /usr/lib/locale/C.utf8/LC_COLLATE
7f483c83a000-7f483c83b000 r--p 00000000 00:25 13897                      /usr/lib/locale/C.utf8/LC_MONETARY
7f483c83b000-7f483c83c000 r--p 00000000 00:25 13896                      /usr/lib/locale/C.utf8/LC_MESSAGES/SYS_LC_MESSAGES
7f483c83c000-7f483c83d000 r--p 00000000 00:25 13900                      /usr/lib/locale/C.utf8/LC_PAPER
7f483c83d000-7f483c83e000 r--p 00000000 00:25 13898                      /usr/lib/locale/C.utf8/LC_NAME
7f483c83e000-7f483c845000 r--s 00000000 00:25 17585                      /usr/lib/x86_64-linux-gnu/gconv/gconv-modules.cache
7f483c845000-7f483c846000 ---p 00000000 00:00 0 
7f483c846000-7f483c946000 rw-p 00000000 00:00 0 
7f483c946000-7f483c947000 ---p 00000000 00:00 0 
7f483c947000-7f483cc49000 rw-p 00000000 00:00 0 
7f483cc49000-7f483cc4a000 ---p 00000000 00:00 0 
7f483cc4a000-7f483cd4a000 rw-p 00000000 00:00 0 
7f483cd4a000-7f483cd4b000 ---p 00000000 00:00 0 
7f483cd4b000-7f483ce4b000 rw-p 00000000 00:00 0 
7f483ce4b000-7f483ce4c000 ---p 00000000 00:00 0 
7f483ce4c000-7f483d04f000 rw-p 00000000 00:00 0 
7f483d04f000-7f483d16e000 ---p 00000000 00:00 0 
7f483d16e000-7f483d24f000 rw-p 00000000 00:00 0 
7f483d24f000-7f483d36e000 ---p 00000000 00:00 0 
7f483d36e000-7f483d44f000 rw-p 00000000 00:00 0 
7f483d44f000-7f483d56e000 ---p 00000000 00:00 0 
7f483d56e000-7f483d77f000 rw-p 00000000 00:00 0 
7f483d77f000-7f483d85c000 ---p 00000000 00:00 0 
7f483d85c000-7f483d890000 rw-p 00000000 00:00 0 
7f483d890000-7f483d947000 ---p 00000000 00:00 0 
7f483d947000-7f483d94d000 rw-p 00000000 00:00 0 
7f483d94d000-7f483d953000 ---p 00000000 00:00 0 
7f483d953000-7f483d95b000 rw-s 00000000 fe:00 412262                     /tmp/hsperfdata_root/3957
7f483d95b000-7f483d967000 r--p 00000000 00:25 13820                      /usr/lib/jvm/java-17-openjdk-amd64/lib/libjava.so
7f483d967000-7f483d978000 r-xp 0000c000 00:25 13820                      /usr/lib/jvm/java-17-openjdk-amd64/lib/libjava.so
7f483d978000-7f483d97e000 r--p 0001d000 00:25 13820                      /usr/lib/jvm/java-17-openjdk-amd64/lib/libjava.so
7f483d97e000-7f483d97f000 r--p 00022000 00:25 13820                      /usr/lib/jvm/java-17-openjdk-amd64/lib/libjava.so
7f483d97f000-7f483d980000 rw-p 00023000 00:25 13820                      /usr/lib/jvm/java-17-openjdk-amd64/lib/libjava.so
7f483d980000-7f483d981000 rw-p 00000000 00:00 0 
7f483d981000-7f483d982000 r--p 00000000 00:25 13815                      /usr/lib/jvm/java-17-openjdk-amd64/lib/libinstrument.so
7f483d982000-7f483d988000 r-xp 00001000 00:25 13815                      /usr/lib/jvm/java-17-openjdk-amd64/lib/libinstrument.so
7f483d988000-7f483d98b000 r--p 00007000 00:25 13815                      /usr/lib/jvm/java-17-openjdk-amd64/lib/libinstrument.so
7f483d98b000-7f483d98c000 r--p 00009000 00:25 13815                      /usr/lib/jvm/java-17-openjdk-amd64/lib/libinstrument.so
7f483d98c000-7f483d98d000 rw-p 0000a000 00:25 13815                      /usr/lib/jvm/java-17-openjdk-amd64/lib/libinstrument.so
7f483d98d000-7f483d98f000 r--p 00000000 00:25 13824                      /usr/lib/jvm/java-17-openjdk-amd64/lib/libjimage.so
7f483d98f000-7f483d992000 r-xp 00002000 00:25 13824                      /usr/lib/jvm/java-17-openjdk-amd64/lib/libjimage.so
7f483d992000-7f483d993000 r--p 00005000 00:25 13824                      /usr/lib/jvm/java-17-openjdk-amd64/lib/libjimage.so
7f483d993000-7f483d994000 r--p 00006000 00:25 13824                      /usr/lib/jvm/java-17-openjdk-amd64/lib/libjimage.so
7f483d994000-7f483d995000 rw-p 00007000 00:25 13824                      /usr/lib/jvm/java-17-openjdk-amd64/lib/libjimage.so
7f483d995000-7f483d999000 ---p 00000000 00:00 0 
7f483d999000-7f483da95000 rw-p 00000000 00:00 0 
7f483da95000-7f483da98000 r--p 00000000 00:25 17971                      /usr/lib/x86_64-linux-gnu/libgcc_s.so.1
7f483da98000-7f483daaf000 r-xp 00003000 00:25 17971                      /usr/lib/x86_64-linux-gnu/libgcc_s.so.1
7f483daaf000-7f483dab3000 r--p 0001a000 00:25 17971                      /usr/lib/x86_64-linux-gnu/libgcc_s.so.1
7f483dab3000-7f483dab4000 r--p 0001d000 00:25 17971                      /usr/lib/x86_64-linux-gnu/libgcc_s.so.1
7f483dab4000-7f483dab5000 rw-p 0001e000 00:25 17971                      /usr/lib/x86_64-linux-gnu/libgcc_s.so.1
7f483dab5000-7f483dac5000 r--p 00000000 00:25 18072                      /usr/lib/x86_64-linux-gnu/libm.so.6
7f483dac5000-7f483db39000 r-xp 00010000 00:25 18072                      /usr/lib/x86_64-linux-gnu/libm.so.6
7f483db39000-7f483db93000 r--p 00084000 00:25 18072                      /usr/lib/x86_64-linux-gnu/libm.so.6
7f483db93000-7f483db94000 r--p 000dd000 00:25 18072                      /usr/lib/x86_64-linux-gnu/libm.so.6
7f483db94000-7f483db95000 rw-p 000de000 00:25 18072                      /usr/lib/x86_64-linux-gnu/libm.so.6
7f483db95000-7f483dc2e000 r--p 00000000 00:25 18239                      /usr/lib/x86_64-linux-gnu/libstdc++.so.6.0.30
7f483dc2e000-7f483dd2f000 r-xp 00099000 00:25 18239                      /usr/lib/x86_64-linux-gnu/libstdc++.so.6.0.30
7f483dd2f000-7f483dd9e000 r--p 0019a000 00:25 18239                      /usr/lib/x86_64-linux-gnu/libstdc++.so.6.0.30
7f483dd9e000-7f483dda9000 r--p 00209000 00:25 18239                      /usr/lib/x86_64-linux-gnu/libstdc++.so.6.0.30
7f483dda9000-7f483ddac000 rw-p 00214000 00:25 18239                      /usr/lib/x86_64-linux-gnu/libstdc++.so.6.0.30
7f483ddac000-7f483ddaf000 rw-p 00000000 00:00 0 
7f483ddaf000-7f483e000000 r--p 00000000 00:25 13856                      /usr/lib/jvm/java-17-openjdk-amd64/lib/server/libjvm.so
7f483e000000-7f483ed52000 r-xp 00251000 00:25 13856                      /usr/lib/jvm/java-17-openjdk-amd64/lib/server/libjvm.so
7f483ed52000-7f483efd4000 r--p 00fa3000 00:25 13856                      /usr/lib/jvm/java-17-openjdk-amd64/lib/server/libjvm.so
7f483efd4000-7f483f08c000 r--p 01225000 00:25 13856                      /usr/lib/jvm/java-17-openjdk-amd64/lib/server/libjvm.so
7f483f08c000-7f483f0c1000 rw-p 012dd000 00:25 13856                      /usr/lib/jvm/java-17-openjdk-amd64/lib/server/libjvm.so
7f483f0c1000-7f483f11d000 rw-p 00000000 00:00 0 
7f483f11d000-7f483f143000 r--p 00000000 00:25 17860                      /usr/lib/x86_64-linux-gnu/libc.so.6
7f483f143000-7f483f299000 r-xp 00026000 00:25 17860                      /usr/lib/x86_64-linux-gnu/libc.so.6
7f483f299000-7f483f2ec000 r--p 0017c000 00:25 17860                      /usr/lib/x86_64-linux-gnu/libc.so.6
7f483f2ec000-7f483f2f0000 r--p 001cf000 00:25 17860                      /usr/lib/x86_64-linux-gnu/libc.so.6
7f483f2f0000-7f483f2f2000 rw-p 001d3000 00:25 17860                      /usr/lib/x86_64-linux-gnu/libc.so.6
7f483f2f2000-7f483f2ff000 rw-p 00000000 00:00 0 
7f483f2ff000-7f483f301000 r--p 00000000 00:25 13825                      /usr/lib/jvm/java-17-openjdk-amd64/lib/libjli.so
7f483f301000-7f483f30a000 r-xp 00002000 00:25 13825                      /usr/lib/jvm/java-17-openjdk-amd64/lib/libjli.so
7f483f30a000-7f483f30d000 r--p 0000b000 00:25 13825                      /usr/lib/jvm/java-17-openjdk-amd64/lib/libjli.so
7f483f30d000-7f483f30e000 r--p 0000d000 00:25 13825                      /usr/lib/jvm/java-17-openjdk-amd64/lib/libjli.so
7f483f30e000-7f483f30f000 rw-p 0000e000 00:25 13825                      /usr/lib/jvm/java-17-openjdk-amd64/lib/libjli.so
7f483f30f000-7f483f312000 r--p 00000000 00:25 1006                       /usr/lib/x86_64-linux-gnu/libz.so.1.2.13
7f483f312000-7f483f325000 r-xp 00003000 00:25 1006                       /usr/lib/x86_64-linux-gnu/libz.so.1.2.13
7f483f325000-7f483f32c000 r--p 00016000 00:25 1006                       /usr/lib/x86_64-linux-gnu/libz.so.1.2.13
7f483f32c000-7f483f32d000 r--p 0001c000 00:25 1006                       /usr/lib/x86_64-linux-gnu/libz.so.1.2.13
7f483f32d000-7f483f32e000 rw-p 0001d000 00:25 1006                       /usr/lib/x86_64-linux-gnu/libz.so.1.2.13
7f483f32e000-7f483f32f000 r--p 00000000 00:25 13891                      /usr/lib/locale/C.utf8/LC_ADDRESS
7f483f32f000-7f483f330000 r--p 00000000 00:25 13901                      /usr/lib/locale/C.utf8/LC_TELEPHONE
7f483f330000-7f483f331000 r--p 00000000 00:25 13895                      /usr/lib/locale/C.utf8/LC_MEASUREMENT
7f483f331000-7f483f332000 r--p 00000000 00:25 13894                      /usr/lib/locale/C.utf8/LC_IDENTIFICATION
7f483f332000-7f483f333000 ---p 00000000 00:00 0 
7f483f333000-7f483f334000 r--p 00000000 00:00 0 
7f483f334000-7f483f335000 ---p 00000000 00:00 0 
7f483f335000-7f483f337000 rw-p 00000000 00:00 0 
7f483f337000-7f483f338000 r--p 00000000 00:25 17646                      /usr/lib/x86_64-linux-gnu/ld-linux-x86-64.so.2
7f483f338000-7f483f35e000 r-xp 00001000 00:25 17646                      /usr/lib/x86_64-linux-gnu/ld-linux-x86-64.so.2
7f483f35e000-7f483f368000 r--p 00027000 00:25 17646                      /usr/lib/x86_64-linux-gnu/ld-linux-x86-64.so.2
7f483f368000-7f483f36a000 r--p 00031000 00:25 17646                      /usr/lib/x86_64-linux-gnu/ld-linux-x86-64.so.2
7f483f36a000-7f483f36c000 rw-p 00033000 00:25 17646                      /usr/lib/x86_64-linux-gnu/ld-linux-x86-64.so.2
7ffec7899000-7ffec78ba000 rw-p 00000000 00:00 0                          [stack]
7ffec78fe000-7ffec7901000 r--p 00000000 00:00 0                          [vvar]
7ffec7901000-7ffec7903000 r-xp 00000000 00:00 0                          [vdso]
ffffffffff600000-ffffffffff601000 r-xp 00000000 00:00 0                  [vsyscall]


VM Arguments:
jvm_args: --add-opens=java.base/java.lang=ALL-UNNAMED --add-opens=java.base/java.lang.invoke=ALL-UNNAMED --add-opens=java.base/java.util=ALL-UNNAMED --add-opens=java.prefs/java.util.prefs=ALL-UNNAMED --add-exports=jdk.compiler/com.sun.tools.javac.api=ALL-UNNAMED --add-exports=jdk.compiler/com.sun.tools.javac.util=ALL-UNNAMED --add-opens=java.base/java.util=ALL-UNNAMED --add-opens=java.prefs/java.util.prefs=ALL-UNNAMED --add-opens=java.base/java.nio.charset=ALL-UNNAMED --add-opens=java.base/java.net=ALL-UNNAMED --add-opens=java.base/java.util.concurrent.atomic=ALL-UNNAMED --add-opens=java.xml/javax.xml.namespace=ALL-UNNAMED -XX:MaxMetaspaceSize=512m -Xmx1024m -Dfile.encoding=UTF-8 -Duser.country -Duser.language=en -Duser.variant -javaagent:/tmp/gradle-8.11.1/lib/agents/gradle-instrumentation-agent-8.11.1.jar 
java_command: org.gradle.launcher.daemon.bootstrap.GradleDaemon 8.11.1
java_class_path (initial): /tmp/gradle-8.11.1/lib/gradle-daemon-main-8.11.1.jar
Launcher Type: SUN_STANDARD

[Global flags]
     intx CICompilerCount                          = 2                                         {product} {ergonomic}
   size_t CompressedClassSpaceSize                 = 436207616                                 {product} {ergonomic}
     uint ConcGCThreads                            = 1                                         {product} {ergonomic}
     uint G1ConcRefinementThreads                  = 2                                         {product} {ergonomic}
   size_t G1HeapRegionSize                         = 1048576                                   {product} {ergonomic}
    uintx GCDrainStackTargetSize                   = 64                                        {product} {ergonomic}
   size_t InitialHeapSize                          = 33554432                                  {product} {ergonomic}
   size_t MarkStackSize                            = 4194304                                   {product} {ergonomic}
   size_t MaxHeapSize                              = 1073741824                                {product} {command line}
   size_t MaxMetaspaceSize                         = 536870912                                 {product} {command line}
   size_t MaxNewSize                               = 643825664                                 {product} {ergonomic}
   size_t MinHeapDeltaBytes                        = 1048576                                   {product} {ergonomic}
   size_t MinHeapSize                              = 8388608                                   {product} {ergonomic}
    uintx NonNMethodCodeHeapSize                   = 5826188                                {pd product} {ergonomic}
    uintx NonProfiledCodeHeapSize                  = 122916026                              {pd product} {ergonomic}
    uintx ProfiledCodeHeapSize                     = 122916026                              {pd product} {ergonomic}
    uintx ReservedCodeCacheSize                    = 251658240                              {pd product} {ergonomic}
     bool SegmentedCodeCache                       = true                                      {product} {ergonomic}
   size_t SoftMaxHeapSize                          = 1073741824                             {manageable} {ergonomic}
     bool UseCompressedClassPointers               = true                           {product lp64_product} {ergonomic}
     bool UseCompressedOops                        = true                           {product lp64_product} {ergonomic}
     bool UseG1GC                                  = true                                      {product} {ergonomic}

Logging:
Log output configuration:
 #0: stdout all=warning uptime,level,tags
 #1: stderr all=off uptime,level,tags

Environment Variables:
PATH=/usr/local/sbin:/usr/local/bin:/usr/sbin:/usr/bin:/sbin:/bin
SHELL=/bin/bash
LANG=C.UTF-8
LC_ALL=C.UTF-8
TERM=tmux-256color

Active Locale:
LC_ALL=C.UTF-8
LC_COLLATE=C.UTF-8
LC_CTYPE=C.UTF-8
LC_MESSAGES=C.UTF-8
LC_MONETARY=C.UTF-8
LC_NUMERIC=C.UTF-8
LC_TIME=C.UTF-8

Signal Handlers:
   SIGSEGV: crash_handler in libjvm.so, mask=11100100010111111101111111111110, flags=SA_RESTART|SA_SIGINFO, unblocked
    SIGBUS: crash_handler in libjvm.so, mask=11100100010111111101111111111110, flags=SA_RESTART|SA_SIGINFO, unblocked
    SIGFPE: crash_handler in libjvm.so, mask=11100100010111111101111111111110, flags=SA_RESTART|SA_SIGINFO, unblocked
   SIGPIPE: javaSignalHandler in libjvm.so, mask=11100100010111111101111111111110, flags=SA_RESTART|SA_SIGINFO, unblocked
   SIGXFSZ: javaSignalHandler in libjvm.so, mask=11100100010111111101111111111110, flags=SA_RESTART|SA_SIGINFO, unblocked
    SIGILL: crash_handler in libjvm.so, mask=11100100010111111101111111111110, flags=SA_RESTART|SA_SIGINFO, unblocked
   SIGUSR2: SR_handler in libjvm.so, mask=00100000000000000000000000000000, flags=SA_RESTART|SA_SIGINFO, unblocked
    SIGHUP: UserHandler in libjvm.so, mask=11100100010111111101111111111110, flags=SA_RESTART|SA_SIGINFO, unblocked
    SIGINT: UserHandler in libjvm.so, mask=11100100010111111101111111111110, flags=SA_RESTART|SA_SIGINFO, unblocked
   SIGTERM: UserHandler in libjvm.so, mask=11100100010111111101111111111110, flags=SA_RESTART|SA_SIGINFO, unblocked
   SIGQUIT: UserHandler in libjvm.so, mask=11100100010111111101111111111110, flags=SA_RESTART|SA_SIGINFO, unblocked
   SIGTRAP: crash_handler in libjvm.so, mask=11100100010111111101111111111110, flags=SA_RESTART|SA_SIGINFO, unblocked


Periodic native trim disabled


---------------  S Y S T E M  ---------------

OS:
PRETTY_NAME="Debian GNU/Linux 12 (bookworm)"
NAME="Debian GNU/Linux"
VERSION_ID="12"
VERSION="12 (bookworm)"
VERSION_CODENAME=bookworm
ID=debian
HOME_URL="https://www.debian.org/"
SUPPORT_URL="https://www.debian.org/support"
BUG_REPORT_URL="https://bugs.debian.org/"
uname: Linux 4.19.91-c8dfc93.al7.x86_64 #1 SMP Tue Sep 26 10:25:51 UTC 2023 x86_64
OS uptime: 0 days 0:20 hours
libc: glibc 2.36 NPTL 2.36 
rlimit (soft/hard): STACK 8192k/infinity , CORE 0k/0k , NPROC 100000/100000 , NOFILE 100000/100000 , AS infinity/infinity , CPU infinity/infinity , DATA infinity/infinity , FSIZE infinity/infinity , MEMLOCK 64k/64k
load average: 2.89 2.96 1.70

/proc/meminfo:
MemTotal:        2152516 kB
MemFree:           30892 kB
MemAvailable:      18280 kB
Buffers:            1556 kB
Cached:            19948 kB
SwapCached:            0 kB
Active:          2023964 kB
Inactive:          12068 kB
Active(anon):    2014792 kB
Inactive(anon):       16 kB
Active(file):       9172 kB
Inactive(file):    12052 kB
Unevictable:           0 kB
Mlocked:               0 kB
SwapTotal:             0 kB
SwapFree:              0 kB
Dirty:                84 kB
Writeback:             0 kB
AnonPages:       2014728 kB
Mapped:            13624 kB
Shmem:                36 kB
Slab:              34376 kB
SReclaimable:      20916 kB
SUnreclaim:        13460 kB
KernelStack:        3856 kB
PageTables:         6152 kB
NFS_Unstable:          0 kB
Bounce:                0 kB
WritebackTmp:          0 kB
CommitLimit:     1076256 kB
Committed_AS:    2265752 kB
VmallocTotal:   34359738367 kB
VmallocUsed:           0 kB
VmallocChunk:          0 kB
Percpu:              384 kB
AnonHugePages:    403456 kB
ShmemHugePages:        0 kB
ShmemPmdMapped:        0 kB
HugePages_Total:       0
HugePages_Free:        0
HugePages_Rsvd:        0
HugePages_Surp:        0
Hugepagesize:       2048 kB
Hugetlb:               0 kB
DirectMap4k:        8192 kB
DirectMap2M:     2523136 kB
DirectMap1G:           0 kB

/sys/kernel/mm/transparent_hugepage/enabled: [always] madvise never
/sys/kernel/mm/transparent_hugepage/hpage_pmd_size: 2097152
/sys/kernel/mm/transparent_hugepage/defrag (defrag/compaction efforts parameter): always defer defer+madvise madvise [never]

Process Memory:
Virtual Size: 2997260K (peak: 3240392K)
Resident Set Size: 829140K (peak: 829140K) (anon: 819388K, file: 9752K, shmem: 0K)
Swapped out: 0K
C-Heap outstanding allocations: 124345K, retained: 18470K
glibc malloc tunables: (default)

/proc/sys/kernel/threads-max (system-wide limit on the number of threads): 1129
/proc/sys/vm/max_map_count (maximum number of memory map areas a process may have): 65530
/proc/sys/vm/swappiness (control to define how aggressively the kernel swaps out anonymous memory): 60
/proc/sys/kernel/pid_max (system-wide limit on number of process identifiers): 32768

container (cgroup) information:
container_type: cgroupv1
cpu_cpuset_cpus: 0-1
cpu_memory_nodes: 0
active_processor_count: 2
cpu_quota: no quota
cpu_period: 100000
cpu_shares: 12288
memory_limit_in_bytes: 2097152 k
memory_and_swap_limit_in_bytes: unlimited
memory_soft_limit_in_bytes: unlimited
memory_usage_in_bytes: 2060572 k
memory_max_usage_in_bytes: 2064528 k
rss_usage_in_bytes: 2007972 k
cache_usage_in_bytes: 20440 k
kernel_memory_limit_in_bytes: unlimited
kernel_memory_usage_in_bytes: 31776 k
kernel_memory_max_usage_in_bytes: 87728 k
maximum number of tasks: unlimited
current number of tasks: 167

KVM virtualization detected
Steal ticks since vm start: 5192
Steal ticks percentage since vm start:  0.412

CPU: total 2 (initial active 2) (2 cores per cpu, 1 threads per core) family 6 model 85 stepping 7 microcode 0x1, cx8, cmov, fxsr, mmx, 3dnowpref, sse, sse2, sse3, ssse3, sse4.1, sse4.2, popcnt, lzcnt, tsc, tscinvbit, avx, avx2, aes, erms, clmul, bmi1, bmi2, adx, avx512f, avx512dq, avx512cd, avx512bw, avx512vl, fma, vzeroupper, avx512_vnni, clflush, clflushopt, clwb, hv
CPU Model and flags from /proc/cpuinfo:
model name	: Intel(R) Xeon(R) Processor @ 2.50GHz
flags		: fpu vme de pse tsc msr pae mce cx8 apic sep mtrr pge mca cmov pat pse36 clflush mmx fxsr sse sse2 ss ht syscall nx pdpe1gb rdtscp lm constant_tsc rep_good nopl xtopology nonstop_tsc cpuid tsc_known_freq pni pclmulqdq ssse3 fma cx16 pcid sse4_1 sse4_2 x2apic movbe popcnt tsc_deadline_timer aes xsave avx f16c rdrand hypervisor lahf_lm abm 3dnowprefetch cpuid_fault invpcid_single ssbd ibrs ibpb stibp ibrs_enhanced fsgsbase tsc_adjust bmi1 avx2 smep bmi2 erms invpcid mpx avx512f avx512dq rdseed adx smap clflushopt clwb avx512cd avx512bw avx512vl xsaveopt xsavec xgetbv1 xsaves umip avx512_vnni md_clear arch_capabilities

Online cpus: 0-1
Offline cpus: 
BIOS frequency limitation: <Not Available>
Frequency switch latency (ns): <Not Available>
Available cpu frequencies: <Not Available>
Current governor: <Not Available>
Core performance/turbo boost: <Not Available>

Memory: 4k page, physical 2097152k(36452k free), swap 0k(0k free)
Page Sizes: 4k

vm_info: OpenJDK 64-Bit Server VM (17.0.20+8-1-deb12u1-Debian) for linux-amd64 JRE (17.0.20+8-1-deb12u1-Debian), built on Jul 28 2026 07:08:51 by "buildd" with gcc 12.2.0

END.
