#
# There is insufficient memory for the Java Runtime Environment to continue.
# Native memory allocation (mmap) failed to map 309329920 bytes. Error detail: committing reserved memory.
# Possible reasons:
#   The system is out of physical RAM or swap space
#   This process is running with CompressedOops enabled, and the Java Heap may be blocking the growth of the native heap
# Possible solutions:
#   Reduce memory load on the system
#   Increase physical memory or swap space
#   Check if swap backing store is full
#   Decrease Java heap size (-Xmx/-Xms)
#   Decrease number of Java threads
#   Decrease Java thread stack sizes (-Xss)
#   Set larger code cache with -XX:ReservedCodeCacheSize=
#   JVM is running with Unscaled Compressed Oops mode in which the Java heap is
#     placed in the first 4GB address space. The Java Heap base address is the
#     maximum limit for the native heap growth. Please use -XX:HeapBaseMinAddress
#     to set the Java Heap base and to place the Java Heap above 4GB virtual address.
# This output file may be truncated or incomplete.
#
#  Out of Memory Error (os_linux.cpp:2834), pid=3491, tid=3502
#
# JRE version: OpenJDK Runtime Environment (17.0.20+8) (build 17.0.20+8-1-deb12u1-Debian)
# Java VM: OpenJDK 64-Bit Server VM (17.0.20+8-1-deb12u1-Debian, mixed mode, sharing, tiered, compressed oops, compressed class ptrs, g1 gc, linux-amd64)
# No core dump will be written. Core dumps have been disabled. To enable core dumping, try "ulimit -c unlimited" before starting Java again
#

---------------  S U M M A R Y ------------

Command Line: --add-opens=java.base/java.lang=ALL-UNNAMED --add-opens=java.base/java.lang.invoke=ALL-UNNAMED --add-opens=java.base/java.util=ALL-UNNAMED --add-opens=java.prefs/java.util.prefs=ALL-UNNAMED --add-exports=jdk.compiler/com.sun.tools.javac.api=ALL-UNNAMED --add-exports=jdk.compiler/com.sun.tools.javac.util=ALL-UNNAMED --add-opens=java.base/java.util=ALL-UNNAMED --add-opens=java.prefs/java.util.prefs=ALL-UNNAMED --add-opens=java.base/java.nio.charset=ALL-UNNAMED --add-opens=java.base/java.net=ALL-UNNAMED --add-opens=java.base/java.util.concurrent.atomic=ALL-UNNAMED --add-opens=java.xml/javax.xml.namespace=ALL-UNNAMED -Xmx2g -Dfile.encoding=UTF-8 -Duser.country -Duser.language=en -Duser.variant -javaagent:/tmp/gradle-8.11.1/lib/agents/gradle-instrumentation-agent-8.11.1.jar org.gradle.launcher.daemon.bootstrap.GradleDaemon 8.11.1

Host: Intel(R) Xeon(R) Processor @ 2.50GHz, 2 cores, 2G, Debian GNU/Linux 12 (bookworm)
Time: Tue Sep 29 05:27:02 2026 UTC elapsed time: 22.788834 seconds (0d 0h 0m 22s)

---------------  T H R E A D  ---------------

Current thread (0x00007f2a200d3640):  VMThread "VM Thread" [stack: 0x00007f2a24af5000,0x00007f2a24bf5000] [id=3502]

Stack: [0x00007f2a24af5000,0x00007f2a24bf5000],  sp=0x00007f2a24bf2d70,  free space=1015k
Native frames: (J=compiled Java code, j=interpreted, Vv=VM code, C=native code)
V  [libjvm.so+0xf21211]  VMError::report_and_die(int, char const*, char const*, __va_list_tag*, Thread*, unsigned char*, void*, void*, char const*, int, unsigned long)+0x171
V  [libjvm.so+0xf21d7d]  VMError::report_and_die(Thread*, char const*, int, unsigned long, VMErrorType, char const*, __va_list_tag*)+0x2d
V  [libjvm.so+0x60378c]  report_vm_out_of_memory(char const*, int, unsigned long, VMErrorType, char const*, ...)+0xdc
V  [libjvm.so+0xc2a14b]  os::pd_commit_memory_or_exit(char*, unsigned long, unsigned long, bool, char const*)+0xeb
V  [libjvm.so+0xc23ffb]  os::commit_memory_or_exit(char*, unsigned long, unsigned long, bool, char const*)+0x1b
V  [libjvm.so+0x733436]  G1PageBasedVirtualSpace::commit(unsigned long, unsigned long)+0x66
V  [libjvm.so+0x7473e0]  G1RegionsLargerThanCommitSizeMapper::commit_regions(unsigned int, unsigned long, WorkGang*)+0x110
V  [libjvm.so+0x7dadc8]  HeapRegionManager::commit_regions(unsigned int, unsigned long, WorkGang*)+0x88
V  [libjvm.so+0x7dcc0b]  HeapRegionManager::expand(unsigned int, unsigned int, WorkGang*)+0x2b
V  [libjvm.so+0x7dce27]  HeapRegionManager::expand_by(unsigned int, WorkGang*)+0x77
V  [libjvm.so+0x6ebed8]  G1CollectedHeap::expand(unsigned long, WorkGang*, double*)+0xe8
V  [libjvm.so+0x6efb29]  G1CollectedHeap::do_collection_pause_at_safepoint_helper(double)+0x8a9
V  [libjvm.so+0x6efb8f]  G1CollectedHeap::do_collection_pause_at_safepoint(double)+0x2f
V  [libjvm.so+0x76bb4d]  VM_G1TryInitiateConcMark::doit()+0x9d
V  [libjvm.so+0xf26715]  VM_Operation::evaluate()+0xe5
V  [libjvm.so+0xf28005]  VMThread::evaluate_operation(VM_Operation*)+0x105
V  [libjvm.so+0xf2857f]  VMThread::inner_execute(VM_Operation*)+0x28f
V  [libjvm.so+0xf2878f]  VMThread::run()+0xbf
V  [libjvm.so+0xea40a5]  Thread::call_run()+0xa5
V  [libjvm.so+0xc2c8f3]  thread_native_entry(Thread*)+0xe3

VM_Operation (0x00007f2a046ecf30): G1TryInitiateConcMark, mode: safepoint, requested by thread 0x00007f299800d080


---------------  P R O C E S S  ---------------

Threads class SMR info:
_java_thread_list=0x00007f29f19bb300, length=37, elements={
0x00007f2a2001ab00, 0x00007f2a200d7740, 0x00007f2a200d8b20, 0x00007f2a200df800,
0x00007f2a200e0bb0, 0x00007f2a200e1fc0, 0x00007f2a200e3970, 0x00007f2a200e4ea0,
0x00007f2a200e6310, 0x00007f2a200f1990, 0x00007f2a201dfe80, 0x00007f2a2134d1b0,
0x00007f2a213b6780, 0x00007f2a213ee230, 0x00007f2990016f20, 0x00007f29980044c0,
0x00007f2998007470, 0x00007f299800d080, 0x00007f29f0006650, 0x00007f29f000e990,
0x00007f29f0010630, 0x00007f29f01a3c00, 0x00007f29f01ab2d0, 0x00007f29f01b7b90,
0x00007f29f07331b0, 0x00007f29f0802cf0, 0x00007f29f08077c0, 0x00007f29f0964a40,
0x00007f29f09d2f40, 0x00007f29f0a17910, 0x00007f29f0c42ec0, 0x00007f29f0c4fe40,
0x00007f29f10737f0, 0x00007f29f108ab10, 0x00007f29f10a1270, 0x00007f29f1853050,
0x00007f29f19b9ef0
}

Java Threads: ( => current thread )
  0x00007f2a2001ab00 JavaThread "main" [_thread_blocked, id=3493, stack(0x00007f2a2658c000,0x00007f2a2668c000)]
  0x00007f2a200d7740 JavaThread "Reference Handler" daemon [_thread_blocked, id=3503, stack(0x00007f2a249f4000,0x00007f2a24af4000)]
  0x00007f2a200d8b20 JavaThread "Finalizer" daemon [_thread_blocked, id=3504, stack(0x00007f2a248f3000,0x00007f2a249f3000)]
  0x00007f2a200df800 JavaThread "Signal Dispatcher" daemon [_thread_blocked, id=3505, stack(0x00007f2a2479b000,0x00007f2a2489b000)]
  0x00007f2a200e0bb0 JavaThread "Service Thread" daemon [_thread_blocked, id=3506, stack(0x00007f2a2469a000,0x00007f2a2479a000)]
  0x00007f2a200e1fc0 JavaThread "Monitor Deflation Thread" daemon [_thread_blocked, id=3507, stack(0x00007f2a24599000,0x00007f2a24699000)]
  0x00007f2a200e3970 JavaThread "C2 CompilerThread0" daemon [_thread_blocked, id=3508, stack(0x00007f2a24498000,0x00007f2a24598000)]
  0x00007f2a200e4ea0 JavaThread "C1 CompilerThread0" daemon [_thread_blocked, id=3509, stack(0x00007f2a24397000,0x00007f2a24497000)]
  0x00007f2a200e6310 JavaThread "Sweeper thread" daemon [_thread_blocked, id=3510, stack(0x00007f2a24296000,0x00007f2a24396000)]
  0x00007f2a200f1990 JavaThread "Common-Cleaner" daemon [_thread_blocked, id=3511, stack(0x00007f2a24195000,0x00007f2a24295000)]
  0x00007f2a201dfe80 JavaThread "Notification Thread" daemon [_thread_blocked, id=3512, stack(0x00007f2a2407c000,0x00007f2a2417c000)]
  0x00007f2a2134d1b0 JavaThread "Daemon health stats" [_thread_blocked, id=3520, stack(0x00007f2a04f00000,0x00007f2a05000000)]
  0x00007f2a213b6780 JavaThread "Incoming local TCP Connector on port 40243" [_thread_in_native, id=3521, stack(0x00007f2a04b00000,0x00007f2a04c00000)]
  0x00007f2a213ee230 JavaThread "Daemon periodic checks" [_thread_blocked, id=3523, stack(0x00007f2a049ff000,0x00007f2a04aff000)]
  0x00007f2990016f20 JavaThread "Daemon" [_thread_blocked, id=3524, stack(0x00007f2a048fe000,0x00007f2a049fe000)]
  0x00007f29980044c0 JavaThread "Handler for socket connection from /127.0.0.1:40243 to /127.0.0.1:45116" [_thread_in_native, id=3525, stack(0x00007f2a047fd000,0x00007f2a048fd000)]
  0x00007f2998007470 JavaThread "Cancel handler" [_thread_blocked, id=3526, stack(0x00007f2a046fc000,0x00007f2a047fc000)]
  0x00007f299800d080 JavaThread "Daemon worker" [_thread_blocked, id=3527, stack(0x00007f2a045fb000,0x00007f2a046fb000)]
  0x00007f29f0006650 JavaThread "Asynchronous log dispatcher for DefaultDaemonConnection: socket connection from /127.0.0.1:40243 to /127.0.0.1:45116" [_thread_blocked, id=3529, stack(0x00007f2a044fa000,0x00007f2a045fa000)]
  0x00007f29f000e990 JavaThread "Stdin handler" [_thread_blocked, id=3530, stack(0x00007f2a043f9000,0x00007f2a044f9000)]
  0x00007f29f0010630 JavaThread "Daemon client event forwarder" [_thread_blocked, id=3531, stack(0x00007f2a042f8000,0x00007f2a043f8000)]
  0x00007f29f01a3c00 JavaThread "Cache worker for journal cache (/root/.gradle/caches/journal-1)" [_thread_blocked, id=3533, stack(0x00007f2a041f7000,0x00007f2a042f7000)]
  0x00007f29f01ab2d0 JavaThread "File lock request listener" [_thread_in_native, id=3534, stack(0x00007f2a040f6000,0x00007f2a041f6000)]
  0x00007f29f01b7b90 JavaThread "Cache worker for file hash cache (/root/.gradle/caches/8.11.1/fileHashes)" [_thread_blocked, id=3535, stack(0x00007f29f5f00000,0x00007f29f6000000)]
  0x00007f29f07331b0 JavaThread "Cache worker for file content cache (/root/.gradle/caches/8.11.1/fileContent)" [_thread_blocked, id=3538, stack(0x00007f29f5dff000,0x00007f29f5eff000)]
  0x00007f29f0802cf0 JavaThread "Cache worker for file hash cache (/workspace/repro/.gradle/8.11.1/fileHashes)" [_thread_blocked, id=3540, stack(0x00007f29f5cfe000,0x00007f29f5dfe000)]
  0x00007f29f08077c0 JavaThread "Cache worker for Build Output Cleanup Cache (/workspace/repro/.gradle/buildOutputCleanup)" [_thread_blocked, id=3541, stack(0x00007f29f5bfd000,0x00007f29f5cfd000)]
  0x00007f29f0964a40 JavaThread "Cache worker for checksums cache (/workspace/repro/.gradle/8.11.1/checksums)" [_thread_blocked, id=3544, stack(0x00007f29f5afc000,0x00007f29f5bfc000)]
  0x00007f29f09d2f40 JavaThread "Cache worker for cache directory md-rule (/root/.gradle/caches/8.11.1/md-rule)" [_thread_blocked, id=3546, stack(0x00007f29f59fb000,0x00007f29f5afb000)]
  0x00007f29f0a17910 JavaThread "Cache worker for cache directory md-supplier (/root/.gradle/caches/8.11.1/md-supplier)" [_thread_blocked, id=3547, stack(0x00007f29f58fa000,0x00007f29f59fa000)]
  0x00007f29f0c42ec0 JavaThread "jar transforms" [_thread_blocked, id=3551, stack(0x00007f29f57f9000,0x00007f29f58f9000)]
  0x00007f29f0c4fe40 JavaThread "jar transforms Thread 2" [_thread_blocked, id=3552, stack(0x00007f29f56f8000,0x00007f29f57f8000)]
  0x00007f29f10737f0 JavaThread "Unconstrained build operations" [_thread_blocked, id=3564, stack(0x00007f29f55f7000,0x00007f29f56f7000)]
  0x00007f29f108ab10 JavaThread "Unconstrained build operations Thread 2" [_thread_blocked, id=3565, stack(0x00007f29f54f6000,0x00007f29f55f6000)]
  0x00007f29f10a1270 JavaThread "Unconstrained build operations Thread 3" [_thread_blocked, id=3568, stack(0x00007f29f53f5000,0x00007f29f54f5000)]
  0x00007f29f1853050 JavaThread "Problems report writer" [_thread_blocked, id=3581, stack(0x00007f29f52f4000,0x00007f29f53f4000)]
  0x00007f29f19b9ef0 JavaThread "Memory manager" [_thread_blocked, id=3584, stack(0x00007f29f51f3000,0x00007f29f52f3000)]

Other Threads:
=>0x00007f2a200d3640 VMThread "VM Thread" [stack: 0x00007f2a24af5000,0x00007f2a24bf5000] [id=3502]
  0x00007f2a2001cec0 WatcherThread [stack: 0x00007f2a05411000,0x00007f2a05511000] [id=3513]
  0x00007f2a20075a40 GCTaskThread "GC Thread#0" [stack: 0x00007f2a25421000,0x00007f2a25521000] [id=3497]
  0x00007f29a0004990 GCTaskThread "GC Thread#1" [stack: 0x00007f2a05310000,0x00007f2a05410000] [id=3514]
  0x00007f2a20087020 ConcurrentGCThread "G1 Main Marker" [stack: 0x00007f2a25320000,0x00007f2a25420000] [id=3498]
  0x00007f2a20087f90 ConcurrentGCThread "G1 Conc#0" [stack: 0x00007f2a2521f000,0x00007f2a2531f000] [id=3499]
  0x00007f2a200a6bc0 ConcurrentGCThread "G1 Refine#0" [stack: 0x00007f2a24f1c000,0x00007f2a2501c000] [id=3500]
  0x00007f29f0000ea0 ConcurrentGCThread "G1 Refine#1" [stack: 0x00007f2a0520f000,0x00007f2a0530f000] [id=3517]
  0x00007f2a200a7ac0 ConcurrentGCThread "G1 Service" [stack: 0x00007f2a24e1b000,0x00007f2a24f1b000] [id=3501]

Threads with active compile tasks:
C2 CompilerThread0  22800 9238       4       java.util.ImmutableCollections$MapN::get (35 bytes)

VM state: at safepoint (normal execution)

VM Mutex/Monitor currently owned by a thread:  ([mutex/lock_event])
[0x00007f2a200178f0] Threads_lock - owner thread: 0x00007f2a200d3640
[0x00007f2a200180a0] Heap_lock - owner thread: 0x00007f299800d080

Heap address: 0x0000000080000000, size: 2048 MB, Compressed Oops mode: 32-bit

CDS archive(s) mapped at: [0x00007f29a7000000-0x00007f29a7bca000-0x00007f29a7bca000), size 12361728, SharedBaseAddress: 0x00007f29a7000000, ArchiveRelocationMode: 1.
Compressed class space mapped at: 0x00007f29a8000000-0x00007f29e8000000, reserved size: 1073741824
Narrow klass base: 0x00007f29a7000000, Narrow klass shift: 0, Narrow klass range: 0x100000000

GC Precious Log:
 CPUs: 2 total, 2 available
 Memory: 2048M
 Large Page Support: Disabled
 NUMA Support: Disabled
 Compressed Oops: Enabled (32-bit)
 Heap Region Size: 1M
 Heap Min Capacity: 8M
 Heap Initial Capacity: 32M
 Heap Max Capacity: 2G
 Pre-touch: Disabled
 Parallel Workers: 2
 Concurrent Workers: 1
 Concurrent Refinement Workers: 2
 Periodic GC: Disabled

Heap:
 garbage-first heap   total 225280K, used 102902K [0x0000000080000000, 0x0000000100000000)
  region size 1024K, 3 young (3072K), 3 survivors (3072K)
 Metaspace       used 61932K, committed 62464K, reserved 1114112K
  class space    used 8495K, committed 8768K, reserved 1048576K

Heap Regions: E=young(eden), S=young(survivor), O=old, HS=humongous(starts), HC=humongous(continues), CS=collection set, F=free, OA=open archive, CA=closed archive, TAMS=top-at-mark-start (previous, next)
|   0|0x0000000080000000, 0x0000000080100000, 0x0000000080100000|100%|HS|  |TAMS 0x0000000080100000, 0x0000000080100000| Complete 
|   1|0x0000000080100000, 0x0000000080200000, 0x0000000080200000|100%|HC|  |TAMS 0x0000000080200000, 0x0000000080200000| Complete 
|   2|0x0000000080200000, 0x0000000080300000, 0x0000000080300000|100%|HC|  |TAMS 0x0000000080300000, 0x0000000080300000| Complete 
|   3|0x0000000080300000, 0x0000000080400000, 0x0000000080400000|100%| O|  |TAMS 0x0000000080400000, 0x0000000080400000| Untracked 
|   4|0x0000000080400000, 0x0000000080500000, 0x0000000080500000|100%| O|  |TAMS 0x0000000080500000, 0x0000000080500000| Untracked 
|   5|0x0000000080500000, 0x0000000080600000, 0x0000000080600000|100%| O|  |TAMS 0x0000000080600000, 0x0000000080600000| Untracked 
|   6|0x0000000080600000, 0x0000000080700000, 0x0000000080700000|100%| O|  |TAMS 0x0000000080700000, 0x0000000080700000| Untracked 
|   7|0x0000000080700000, 0x0000000080800000, 0x0000000080800000|100%| O|  |TAMS 0x0000000080800000, 0x0000000080800000| Untracked 
|   8|0x0000000080800000, 0x0000000080900000, 0x0000000080900000|100%| O|  |TAMS 0x0000000080900000, 0x0000000080900000| Untracked 
|   9|0x0000000080900000, 0x0000000080a00000, 0x0000000080a00000|100%| O|  |TAMS 0x0000000080a00000, 0x0000000080a00000| Untracked 
|  10|0x0000000080a00000, 0x0000000080b00000, 0x0000000080b00000|100%|HS|  |TAMS 0x0000000080b00000, 0x0000000080b00000| Complete 
|  11|0x0000000080b00000, 0x0000000080c00000, 0x0000000080c00000|100%| O|  |TAMS 0x0000000080c00000, 0x0000000080c00000| Untracked 
|  12|0x0000000080c00000, 0x0000000080d00000, 0x0000000080d00000|100%| O|  |TAMS 0x0000000080d00000, 0x0000000080d00000| Untracked 
|  13|0x0000000080d00000, 0x0000000080e00000, 0x0000000080e00000|100%| O|  |TAMS 0x0000000080e00000, 0x0000000080e00000| Untracked 
|  14|0x0000000080e00000, 0x0000000080f00000, 0x0000000080f00000|100%| O|  |TAMS 0x0000000080f00000, 0x0000000080f00000| Untracked 
|  15|0x0000000080f00000, 0x0000000081000000, 0x0000000081000000|100%| O|  |TAMS 0x0000000081000000, 0x0000000081000000| Untracked 
|  16|0x0000000081000000, 0x0000000081100000, 0x0000000081100000|100%| O|  |TAMS 0x0000000081100000, 0x0000000081100000| Untracked 
|  17|0x0000000081100000, 0x0000000081200000, 0x0000000081200000|100%| O|  |TAMS 0x0000000081200000, 0x0000000081200000| Untracked 
|  18|0x0000000081200000, 0x0000000081300000, 0x0000000081300000|100%| O|  |TAMS 0x0000000081300000, 0x0000000081300000| Untracked 
|  19|0x0000000081300000, 0x0000000081400000, 0x0000000081400000|100%| O|  |TAMS 0x0000000081400000, 0x0000000081400000| Untracked 
|  20|0x0000000081400000, 0x0000000081500000, 0x0000000081500000|100%| O|  |TAMS 0x0000000081500000, 0x0000000081500000| Untracked 
|  21|0x0000000081500000, 0x0000000081600000, 0x0000000081600000|100%| O|  |TAMS 0x0000000081600000, 0x0000000081600000| Untracked 
|  22|0x0000000081600000, 0x0000000081700000, 0x0000000081700000|100%| O|  |TAMS 0x0000000081700000, 0x0000000081700000| Untracked 
|  23|0x0000000081700000, 0x0000000081800000, 0x0000000081800000|100%| O|  |TAMS 0x0000000081800000, 0x0000000081800000| Untracked 
|  24|0x0000000081800000, 0x0000000081900000, 0x0000000081900000|100%| O|  |TAMS 0x0000000081900000, 0x0000000081900000| Untracked 
|  25|0x0000000081900000, 0x0000000081a00000, 0x0000000081a00000|100%| O|  |TAMS 0x0000000081a00000, 0x0000000081a00000| Untracked 
|  26|0x0000000081a00000, 0x0000000081b00000, 0x0000000081b00000|100%| O|  |TAMS 0x0000000081b00000, 0x0000000081b00000| Untracked 
|  27|0x0000000081b00000, 0x0000000081c00000, 0x0000000081c00000|100%| O|  |TAMS 0x0000000081c00000, 0x0000000081c00000| Untracked 
|  28|0x0000000081c00000, 0x0000000081d00000, 0x0000000081d00000|100%| O|  |TAMS 0x0000000081d00000, 0x0000000081d00000| Untracked 
|  29|0x0000000081d00000, 0x0000000081e00000, 0x0000000081e00000|100%| O|  |TAMS 0x0000000081e00000, 0x0000000081e00000| Untracked 
|  30|0x0000000081e00000, 0x0000000081f00000, 0x0000000081f00000|100%| O|  |TAMS 0x0000000081f00000, 0x0000000081f00000| Untracked 
|  31|0x0000000081f00000, 0x0000000082000000, 0x0000000082000000|100%| O|  |TAMS 0x0000000082000000, 0x0000000082000000| Untracked 
|  32|0x0000000082000000, 0x0000000082100000, 0x0000000082100000|100%| O|  |TAMS 0x0000000082100000, 0x0000000082100000| Untracked 
|  33|0x0000000082100000, 0x0000000082200000, 0x0000000082200000|100%| O|  |TAMS 0x0000000082200000, 0x0000000082200000| Untracked 
|  34|0x0000000082200000, 0x0000000082300000, 0x0000000082300000|100%| O|  |TAMS 0x0000000082300000, 0x0000000082300000| Untracked 
|  35|0x0000000082300000, 0x0000000082400000, 0x0000000082400000|100%| O|  |TAMS 0x0000000082400000, 0x0000000082400000| Untracked 
|  36|0x0000000082400000, 0x0000000082500000, 0x0000000082500000|100%| O|  |TAMS 0x0000000082500000, 0x0000000082500000| Untracked 
|  37|0x0000000082500000, 0x0000000082600000, 0x0000000082600000|100%| O|  |TAMS 0x0000000082600000, 0x0000000082600000| Untracked 
|  38|0x0000000082600000, 0x0000000082700000, 0x0000000082700000|100%| O|  |TAMS 0x0000000082700000, 0x0000000082700000| Untracked 
|  39|0x0000000082700000, 0x0000000082800000, 0x0000000082800000|100%| O|  |TAMS 0x0000000082800000, 0x0000000082800000| Untracked 
|  40|0x0000000082800000, 0x0000000082900000, 0x0000000082900000|100%| O|  |TAMS 0x0000000082900000, 0x0000000082900000| Untracked 
|  41|0x0000000082900000, 0x0000000082a00000, 0x0000000082a00000|100%| O|  |TAMS 0x0000000082a00000, 0x0000000082a00000| Untracked 
|  42|0x0000000082a00000, 0x0000000082a00000, 0x0000000082b00000|  0%| F|  |TAMS 0x0000000082a00000, 0x0000000082a00000| Untracked 
|  43|0x0000000082b00000, 0x0000000082c00000, 0x0000000082c00000|100%| O|  |TAMS 0x0000000082c00000, 0x0000000082c00000| Untracked 
|  44|0x0000000082c00000, 0x0000000082c00000, 0x0000000082d00000|  0%| F|  |TAMS 0x0000000082c00000, 0x0000000082c00000| Untracked 
|  45|0x0000000082d00000, 0x0000000082e00000, 0x0000000082e00000|100%| O|  |TAMS 0x0000000082e00000, 0x0000000082e00000| Untracked 
|  46|0x0000000082e00000, 0x0000000082f00000, 0x0000000082f00000|100%| O|  |TAMS 0x0000000082f00000, 0x0000000082f00000| Untracked 
|  47|0x0000000082f00000, 0x0000000083000000, 0x0000000083000000|100%| O|  |TAMS 0x0000000083000000, 0x0000000083000000| Untracked 
|  48|0x0000000083000000, 0x0000000083100000, 0x0000000083100000|100%| O|  |TAMS 0x0000000083100000, 0x0000000083100000| Untracked 
|  49|0x0000000083100000, 0x0000000083200000, 0x0000000083200000|100%| O|  |TAMS 0x0000000083200000, 0x0000000083200000| Untracked 
|  50|0x0000000083200000, 0x0000000083300000, 0x0000000083300000|100%| O|  |TAMS 0x0000000083300000, 0x0000000083300000| Untracked 
|  51|0x0000000083300000, 0x0000000083400000, 0x0000000083400000|100%| O|  |TAMS 0x0000000083400000, 0x0000000083400000| Untracked 
|  52|0x0000000083400000, 0x0000000083500000, 0x0000000083500000|100%| O|  |TAMS 0x0000000083500000, 0x0000000083500000| Untracked 
|  53|0x0000000083500000, 0x0000000083500000, 0x0000000083600000|  0%| F|  |TAMS 0x0000000083500000, 0x0000000083500000| Untracked 
|  54|0x0000000083600000, 0x0000000083700000, 0x0000000083700000|100%| O|  |TAMS 0x0000000083600000, 0x0000000083700000| Untracked 
|  55|0x0000000083700000, 0x0000000083800000, 0x0000000083800000|100%| O|  |TAMS 0x0000000083800000, 0x0000000083800000| Untracked 
|  56|0x0000000083800000, 0x0000000083800000, 0x0000000083900000|  0%| F|  |TAMS 0x0000000083800000, 0x0000000083800000| Untracked 
|  57|0x0000000083900000, 0x0000000083900000, 0x0000000083a00000|  0%| F|  |TAMS 0x0000000083900000, 0x0000000083900000| Untracked 
|  58|0x0000000083a00000, 0x0000000083a00000, 0x0000000083b00000|  0%| F|  |TAMS 0x0000000083a00000, 0x0000000083a00000| Untracked 
|  59|0x0000000083b00000, 0x0000000083c00000, 0x0000000083c00000|100%| O|  |TAMS 0x0000000083c00000, 0x0000000083c00000| Untracked 
|  60|0x0000000083c00000, 0x0000000083c00000, 0x0000000083d00000|  0%| F|  |TAMS 0x0000000083c00000, 0x0000000083c00000| Untracked 
|  61|0x0000000083d00000, 0x0000000083e00000, 0x0000000083e00000|100%| O|  |TAMS 0x0000000083e00000, 0x0000000083e00000| Untracked 
|  62|0x0000000083e00000, 0x0000000083f00000, 0x0000000083f00000|100%| O|  |TAMS 0x0000000083f00000, 0x0000000083f00000| Untracked 
|  63|0x0000000083f00000, 0x0000000084000000, 0x0000000084000000|100%| O|  |TAMS 0x0000000084000000, 0x0000000084000000| Untracked 
|  64|0x0000000084000000, 0x0000000084100000, 0x0000000084100000|100%| O|  |TAMS 0x0000000084100000, 0x0000000084100000| Untracked 
|  65|0x0000000084100000, 0x0000000084200000, 0x0000000084200000|100%| O|  |TAMS 0x0000000084200000, 0x0000000084200000| Untracked 
|  66|0x0000000084200000, 0x0000000084300000, 0x0000000084300000|100%| O|  |TAMS 0x0000000084300000, 0x0000000084300000| Untracked 
|  67|0x0000000084300000, 0x0000000084400000, 0x0000000084400000|100%| O|  |TAMS 0x0000000084300000, 0x0000000084400000| Untracked 
|  68|0x0000000084400000, 0x0000000084500000, 0x0000000084500000|100%| O|  |TAMS 0x0000000084400000, 0x0000000084500000| Untracked 
|  69|0x0000000084500000, 0x0000000084600000, 0x0000000084600000|100%| O|  |TAMS 0x0000000084500000, 0x0000000084600000| Untracked 
|  70|0x0000000084600000, 0x0000000084700000, 0x0000000084700000|100%| O|  |TAMS 0x0000000084700000, 0x0000000084700000| Untracked 
|  71|0x0000000084700000, 0x0000000084800000, 0x0000000084800000|100%| O|  |TAMS 0x0000000084800000, 0x0000000084800000| Untracked 
|  72|0x0000000084800000, 0x0000000084900000, 0x0000000084900000|100%| O|  |TAMS 0x0000000084900000, 0x0000000084900000| Untracked 
|  73|0x0000000084900000, 0x0000000084a00000, 0x0000000084a00000|100%| O|  |TAMS 0x0000000084a00000, 0x0000000084a00000| Untracked 
|  74|0x0000000084a00000, 0x0000000084b00000, 0x0000000084b00000|100%| O|  |TAMS 0x0000000084b00000, 0x0000000084b00000| Untracked 
|  75|0x0000000084b00000, 0x0000000084b00000, 0x0000000084c00000|  0%| F|  |TAMS 0x0000000084b00000, 0x0000000084b00000| Untracked 
|  76|0x0000000084c00000, 0x0000000084d00000, 0x0000000084d00000|100%| O|  |TAMS 0x0000000084d00000, 0x0000000084d00000| Untracked 
|  77|0x0000000084d00000, 0x0000000084e00000, 0x0000000084e00000|100%| O|  |TAMS 0x0000000084e00000, 0x0000000084e00000| Untracked 
|  78|0x0000000084e00000, 0x0000000084f00000, 0x0000000084f00000|100%| O|  |TAMS 0x0000000084e00000, 0x0000000084f00000| Untracked 
|  79|0x0000000084f00000, 0x0000000084f00000, 0x0000000085000000|  0%| F|  |TAMS 0x0000000084f00000, 0x0000000084f00000| Untracked 
|  80|0x0000000085000000, 0x0000000085100000, 0x0000000085100000|100%| O|  |TAMS 0x0000000085100000, 0x0000000085100000| Untracked 
|  81|0x0000000085100000, 0x0000000085200000, 0x0000000085200000|100%| O|  |TAMS 0x0000000085200000, 0x0000000085200000| Untracked 
|  82|0x0000000085200000, 0x0000000085300000, 0x0000000085300000|100%| O|  |TAMS 0x0000000085300000, 0x0000000085300000| Untracked 
|  83|0x0000000085300000, 0x0000000085400000, 0x0000000085400000|100%| O|  |TAMS 0x0000000085400000, 0x0000000085400000| Untracked 
|  84|0x0000000085400000, 0x0000000085500000, 0x0000000085500000|100%| O|  |TAMS 0x0000000085500000, 0x0000000085500000| Untracked 
|  85|0x0000000085500000, 0x0000000085600000, 0x0000000085600000|100%| O|  |TAMS 0x0000000085600000, 0x0000000085600000| Untracked 
|  86|0x0000000085600000, 0x0000000085700000, 0x0000000085700000|100%| O|  |TAMS 0x0000000085700000, 0x0000000085700000| Untracked 
|  87|0x0000000085700000, 0x0000000085700000, 0x0000000085800000|  0%| F|  |TAMS 0x0000000085700000, 0x0000000085700000| Untracked 
|  88|0x0000000085800000, 0x0000000085900000, 0x0000000085900000|100%|HS|  |TAMS 0x0000000085900000, 0x0000000085900000| Complete 
|  89|0x0000000085900000, 0x0000000085a00000, 0x0000000085a00000|100%|HS|  |TAMS 0x0000000085a00000, 0x0000000085a00000| Complete 
|  90|0x0000000085a00000, 0x0000000085b00000, 0x0000000085b00000|100%|HC|  |TAMS 0x0000000085b00000, 0x0000000085b00000| Complete 
|  91|0x0000000085b00000, 0x0000000085c00000, 0x0000000085c00000|100%|HS|  |TAMS 0x0000000085c00000, 0x0000000085c00000| Complete 
|  92|0x0000000085c00000, 0x0000000085d00000, 0x0000000085d00000|100%|HS|  |TAMS 0x0000000085d00000, 0x0000000085d00000| Complete 
|  93|0x0000000085d00000, 0x0000000085e00000, 0x0000000085e00000|100%|HS|  |TAMS 0x0000000085e00000, 0x0000000085e00000| Complete 
|  94|0x0000000085e00000, 0x0000000085f00000, 0x0000000085f00000|100%|HC|  |TAMS 0x0000000085f00000, 0x0000000085f00000| Complete 
|  95|0x0000000085f00000, 0x0000000086000000, 0x0000000086000000|100%|HC|  |TAMS 0x0000000086000000, 0x0000000086000000| Complete 
|  96|0x0000000086000000, 0x0000000086100000, 0x0000000086100000|100%|HC|  |TAMS 0x0000000086100000, 0x0000000086100000| Complete 
|  97|0x0000000086100000, 0x0000000086200000, 0x0000000086200000|100%|HS|  |TAMS 0x0000000086100000, 0x0000000086200000| Complete 
|  98|0x0000000086200000, 0x0000000086300000, 0x0000000086300000|100%| O|  |TAMS 0x0000000086200000, 0x0000000086300000| Untracked 
|  99|0x0000000086300000, 0x0000000086400000, 0x0000000086400000|100%| O|  |TAMS 0x0000000086300000, 0x0000000086400000| Untracked 
| 100|0x0000000086400000, 0x0000000086500000, 0x0000000086500000|100%| O|  |TAMS 0x0000000086400000, 0x0000000086500000| Untracked 
| 101|0x0000000086500000, 0x0000000086600000, 0x0000000086600000|100%| O|  |TAMS 0x0000000086500000, 0x0000000086600000| Untracked 
| 102|0x0000000086600000, 0x0000000086700000, 0x0000000086700000|100%| O|  |TAMS 0x0000000086600000, 0x0000000086700000| Untracked 
| 103|0x0000000086700000, 0x0000000086800000, 0x0000000086800000|100%| O|  |TAMS 0x0000000086700000, 0x0000000086800000| Untracked 
| 104|0x0000000086800000, 0x0000000086900000, 0x0000000086900000|100%| O|  |TAMS 0x0000000086800000, 0x0000000086900000| Untracked 
| 105|0x0000000086900000, 0x0000000086a00000, 0x0000000086a00000|100%| O|  |TAMS 0x0000000086900000, 0x0000000086a00000| Untracked 
| 106|0x0000000086a00000, 0x0000000086b00000, 0x0000000086b00000|100%| O|  |TAMS 0x0000000086a00000, 0x0000000086b00000| Untracked 
| 107|0x0000000086b00000, 0x0000000086b0e600, 0x0000000086c00000|  5%| O|  |TAMS 0x0000000086b00000, 0x0000000086b0e600| Untracked 
| 108|0x0000000086c00000, 0x0000000086c00000, 0x0000000086d00000|  0%| F|  |TAMS 0x0000000086c00000, 0x0000000086c00000| Untracked 
| 109|0x0000000086d00000, 0x0000000086d00000, 0x0000000086e00000|  0%| F|  |TAMS 0x0000000086d00000, 0x0000000086d00000| Untracked 
| 110|0x0000000086e00000, 0x0000000086e00000, 0x0000000086f00000|  0%| F|  |TAMS 0x0000000086e00000, 0x0000000086e00000| Untracked 
| 111|0x0000000086f00000, 0x0000000086f00000, 0x0000000087000000|  0%| F|  |TAMS 0x0000000086f00000, 0x0000000086f00000| Untracked 
| 112|0x0000000087000000, 0x0000000087000000, 0x0000000087100000|  0%| F|  |TAMS 0x0000000087000000, 0x0000000087000000| Untracked 
| 113|0x0000000087100000, 0x0000000087100000, 0x0000000087200000|  0%| F|  |TAMS 0x0000000087100000, 0x0000000087100000| Untracked 
| 114|0x0000000087200000, 0x0000000087200000, 0x0000000087300000|  0%| F|  |TAMS 0x0000000087200000, 0x0000000087200000| Untracked 
| 115|0x0000000087300000, 0x0000000087300000, 0x0000000087400000|  0%| F|  |TAMS 0x0000000087300000, 0x0000000087300000| Untracked 
| 116|0x0000000087400000, 0x0000000087400000, 0x0000000087500000|  0%| F|  |TAMS 0x0000000087400000, 0x0000000087400000| Untracked 
| 117|0x0000000087500000, 0x0000000087500000, 0x0000000087600000|  0%| F|  |TAMS 0x0000000087500000, 0x0000000087500000| Untracked 
| 118|0x0000000087600000, 0x0000000087600000, 0x0000000087700000|  0%| F|  |TAMS 0x0000000087600000, 0x0000000087600000| Untracked 
| 119|0x0000000087700000, 0x0000000087700000, 0x0000000087800000|  0%| F|  |TAMS 0x0000000087700000, 0x0000000087700000| Untracked 
| 120|0x0000000087800000, 0x0000000087800000, 0x0000000087900000|  0%| F|  |TAMS 0x0000000087800000, 0x0000000087800000| Untracked 
| 121|0x0000000087900000, 0x0000000087900000, 0x0000000087a00000|  0%| F|  |TAMS 0x0000000087900000, 0x0000000087900000| Untracked 
| 122|0x0000000087a00000, 0x0000000087a00000, 0x0000000087b00000|  0%| F|  |TAMS 0x0000000087a00000, 0x0000000087a00000| Untracked 
| 123|0x0000000087b00000, 0x0000000087b00000, 0x0000000087c00000|  0%| F|  |TAMS 0x0000000087b00000, 0x0000000087b00000| Untracked 
| 124|0x0000000087c00000, 0x0000000087c00000, 0x0000000087d00000|  0%| F|  |TAMS 0x0000000087c00000, 0x0000000087c00000| Untracked 
| 125|0x0000000087d00000, 0x0000000087d00000, 0x0000000087e00000|  0%| F|  |TAMS 0x0000000087d00000, 0x0000000087d00000| Untracked 
| 126|0x0000000087e00000, 0x0000000087e00000, 0x0000000087f00000|  0%| F|  |TAMS 0x0000000087e00000, 0x0000000087e00000| Untracked 
| 127|0x0000000087f00000, 0x0000000087f00000, 0x0000000088000000|  0%| F|  |TAMS 0x0000000087f00000, 0x0000000087f00000| Untracked 
| 128|0x0000000088000000, 0x0000000088000000, 0x0000000088100000|  0%| F|  |TAMS 0x0000000088000000, 0x0000000088000000| Untracked 
| 129|0x0000000088100000, 0x0000000088100000, 0x0000000088200000|  0%| F|  |TAMS 0x0000000088100000, 0x0000000088100000| Untracked 
| 130|0x0000000088200000, 0x0000000088200000, 0x0000000088300000|  0%| F|  |TAMS 0x0000000088200000, 0x0000000088200000| Untracked 
| 131|0x0000000088300000, 0x0000000088300000, 0x0000000088400000|  0%| F|  |TAMS 0x0000000088300000, 0x0000000088300000| Untracked 
| 132|0x0000000088400000, 0x0000000088400000, 0x0000000088500000|  0%| F|  |TAMS 0x0000000088400000, 0x0000000088400000| Untracked 
| 133|0x0000000088500000, 0x0000000088500000, 0x0000000088600000|  0%| F|  |TAMS 0x0000000088500000, 0x0000000088500000| Untracked 
| 134|0x0000000088600000, 0x0000000088600000, 0x0000000088700000|  0%| F|  |TAMS 0x0000000088600000, 0x0000000088600000| Untracked 
| 135|0x0000000088700000, 0x0000000088700000, 0x0000000088800000|  0%| F|  |TAMS 0x0000000088700000, 0x0000000088700000| Untracked 
| 136|0x0000000088800000, 0x0000000088800000, 0x0000000088900000|  0%| F|  |TAMS 0x0000000088800000, 0x0000000088800000| Untracked 
| 137|0x0000000088900000, 0x0000000088900000, 0x0000000088a00000|  0%| F|  |TAMS 0x0000000088900000, 0x0000000088900000| Untracked 
| 138|0x0000000088a00000, 0x0000000088a00000, 0x0000000088b00000|  0%| F|  |TAMS 0x0000000088a00000, 0x0000000088a00000| Untracked 
| 139|0x0000000088b00000, 0x0000000088b00000, 0x0000000088c00000|  0%| F|  |TAMS 0x0000000088b00000, 0x0000000088b00000| Untracked 
| 140|0x0000000088c00000, 0x0000000088c00000, 0x0000000088d00000|  0%| F|  |TAMS 0x0000000088c00000, 0x0000000088c00000| Untracked 
| 141|0x0000000088d00000, 0x0000000088d00000, 0x0000000088e00000|  0%| F|  |TAMS 0x0000000088d00000, 0x0000000088d00000| Untracked 
| 142|0x0000000088e00000, 0x0000000088e00000, 0x0000000088f00000|  0%| F|  |TAMS 0x0000000088e00000, 0x0000000088e00000| Untracked 
| 143|0x0000000088f00000, 0x0000000088f00000, 0x0000000089000000|  0%| F|  |TAMS 0x0000000088f00000, 0x0000000088f00000| Untracked 
| 144|0x0000000089000000, 0x0000000089000000, 0x0000000089100000|  0%| F|  |TAMS 0x0000000089000000, 0x0000000089000000| Untracked 
| 145|0x0000000089100000, 0x0000000089100000, 0x0000000089200000|  0%| F|  |TAMS 0x0000000089100000, 0x0000000089100000| Untracked 
| 146|0x0000000089200000, 0x0000000089200000, 0x0000000089300000|  0%| F|  |TAMS 0x0000000089200000, 0x0000000089200000| Untracked 
| 147|0x0000000089300000, 0x0000000089300000, 0x0000000089400000|  0%| F|  |TAMS 0x0000000089300000, 0x0000000089300000| Untracked 
| 148|0x0000000089400000, 0x0000000089400000, 0x0000000089500000|  0%| F|  |TAMS 0x0000000089400000, 0x0000000089400000| Untracked 
| 149|0x0000000089500000, 0x0000000089500000, 0x0000000089600000|  0%| F|  |TAMS 0x0000000089500000, 0x0000000089500000| Untracked 
| 150|0x0000000089600000, 0x0000000089600000, 0x0000000089700000|  0%| F|  |TAMS 0x0000000089600000, 0x0000000089600000| Untracked 
| 151|0x0000000089700000, 0x0000000089700000, 0x0000000089800000|  0%| F|  |TAMS 0x0000000089700000, 0x0000000089700000| Untracked 
| 152|0x0000000089800000, 0x0000000089800000, 0x0000000089900000|  0%| F|  |TAMS 0x0000000089800000, 0x0000000089800000| Untracked 
| 153|0x0000000089900000, 0x0000000089900000, 0x0000000089a00000|  0%| F|  |TAMS 0x0000000089900000, 0x0000000089900000| Untracked 
| 154|0x0000000089a00000, 0x0000000089a00000, 0x0000000089b00000|  0%| F|  |TAMS 0x0000000089a00000, 0x0000000089a00000| Untracked 
| 155|0x0000000089b00000, 0x0000000089b00000, 0x0000000089c00000|  0%| F|  |TAMS 0x0000000089b00000, 0x0000000089b00000| Untracked 
| 156|0x0000000089c00000, 0x0000000089c00000, 0x0000000089d00000|  0%| F|  |TAMS 0x0000000089c00000, 0x0000000089c00000| Untracked 
| 157|0x0000000089d00000, 0x0000000089d00000, 0x0000000089e00000|  0%| F|  |TAMS 0x0000000089d00000, 0x0000000089d00000| Untracked 
| 158|0x0000000089e00000, 0x0000000089e00000, 0x0000000089f00000|  0%| F|  |TAMS 0x0000000089e00000, 0x0000000089e00000| Untracked 
| 159|0x0000000089f00000, 0x0000000089f00000, 0x000000008a000000|  0%| F|  |TAMS 0x0000000089f00000, 0x0000000089f00000| Untracked 
| 160|0x000000008a000000, 0x000000008a000000, 0x000000008a100000|  0%| F|  |TAMS 0x000000008a000000, 0x000000008a000000| Untracked 
| 161|0x000000008a100000, 0x000000008a100000, 0x000000008a200000|  0%| F|  |TAMS 0x000000008a100000, 0x000000008a100000| Untracked 
| 162|0x000000008a200000, 0x000000008a200000, 0x000000008a300000|  0%| F|  |TAMS 0x000000008a200000, 0x000000008a200000| Untracked 
| 163|0x000000008a300000, 0x000000008a300000, 0x000000008a400000|  0%| F|  |TAMS 0x000000008a300000, 0x000000008a300000| Untracked 
| 164|0x000000008a400000, 0x000000008a400000, 0x000000008a500000|  0%| F|  |TAMS 0x000000008a400000, 0x000000008a400000| Untracked 
| 165|0x000000008a500000, 0x000000008a500000, 0x000000008a600000|  0%| F|  |TAMS 0x000000008a500000, 0x000000008a500000| Untracked 
| 166|0x000000008a600000, 0x000000008a600000, 0x000000008a700000|  0%| F|  |TAMS 0x000000008a600000, 0x000000008a600000| Untracked 
| 167|0x000000008a700000, 0x000000008a700000, 0x000000008a800000|  0%| F|  |TAMS 0x000000008a700000, 0x000000008a700000| Untracked 
| 168|0x000000008a800000, 0x000000008a800000, 0x000000008a900000|  0%| F|  |TAMS 0x000000008a800000, 0x000000008a800000| Untracked 
| 169|0x000000008a900000, 0x000000008a900000, 0x000000008aa00000|  0%| F|  |TAMS 0x000000008a900000, 0x000000008a900000| Untracked 
| 170|0x000000008aa00000, 0x000000008aa00000, 0x000000008ab00000|  0%| F|  |TAMS 0x000000008aa00000, 0x000000008aa00000| Untracked 
| 171|0x000000008ab00000, 0x000000008ab00000, 0x000000008ac00000|  0%| F|  |TAMS 0x000000008ab00000, 0x000000008ab00000| Untracked 
| 172|0x000000008ac00000, 0x000000008ac00000, 0x000000008ad00000|  0%| F|  |TAMS 0x000000008ac00000, 0x000000008ac00000| Untracked 
| 173|0x000000008ad00000, 0x000000008ad82410, 0x000000008ae00000| 50%| S|CS|TAMS 0x000000008ad00000, 0x000000008ad00000| Complete 
| 174|0x000000008ae00000, 0x000000008af00000, 0x000000008af00000|100%| S|CS|TAMS 0x000000008ae00000, 0x000000008ae00000| Complete 
| 175|0x000000008af00000, 0x000000008b000000, 0x000000008b000000|100%| S|CS|TAMS 0x000000008af00000, 0x000000008af00000| Complete 
| 176|0x000000008b000000, 0x000000008b000000, 0x000000008b100000|  0%| F|  |TAMS 0x000000008b000000, 0x000000008b000000| Untracked 
| 177|0x000000008b100000, 0x000000008b100000, 0x000000008b200000|  0%| F|  |TAMS 0x000000008b100000, 0x000000008b100000| Untracked 
| 178|0x000000008b200000, 0x000000008b200000, 0x000000008b300000|  0%| F|  |TAMS 0x000000008b200000, 0x000000008b200000| Untracked 
| 179|0x000000008b300000, 0x000000008b300000, 0x000000008b400000|  0%| F|  |TAMS 0x000000008b300000, 0x000000008b300000| Untracked 
| 180|0x000000008b400000, 0x000000008b400000, 0x000000008b500000|  0%| F|  |TAMS 0x000000008b400000, 0x000000008b400000| Untracked 
| 181|0x000000008b500000, 0x000000008b500000, 0x000000008b600000|  0%| F|  |TAMS 0x000000008b500000, 0x000000008b500000| Untracked 
| 182|0x000000008b600000, 0x000000008b600000, 0x000000008b700000|  0%| F|  |TAMS 0x000000008b600000, 0x000000008b600000| Untracked 
| 183|0x000000008b700000, 0x000000008b700000, 0x000000008b800000|  0%| F|  |TAMS 0x000000008b700000, 0x000000008b700000| Untracked 
| 184|0x000000008b800000, 0x000000008b800000, 0x000000008b900000|  0%| F|  |TAMS 0x000000008b800000, 0x000000008b800000| Untracked 
| 185|0x000000008b900000, 0x000000008b900000, 0x000000008ba00000|  0%| F|  |TAMS 0x000000008b900000, 0x000000008b900000| Untracked 
| 186|0x000000008ba00000, 0x000000008ba00000, 0x000000008bb00000|  0%| F|  |TAMS 0x000000008ba00000, 0x000000008ba00000| Untracked 
| 187|0x000000008bb00000, 0x000000008bb00000, 0x000000008bc00000|  0%| F|  |TAMS 0x000000008bb00000, 0x000000008bb00000| Untracked 
| 188|0x000000008bc00000, 0x000000008bc00000, 0x000000008bd00000|  0%| F|  |TAMS 0x000000008bc00000, 0x000000008bc00000| Untracked 
| 189|0x000000008bd00000, 0x000000008bd00000, 0x000000008be00000|  0%| F|  |TAMS 0x000000008bd00000, 0x000000008bd00000| Untracked 
| 190|0x000000008be00000, 0x000000008be00000, 0x000000008bf00000|  0%| F|  |TAMS 0x000000008be00000, 0x000000008be00000| Untracked 
| 191|0x000000008bf00000, 0x000000008bf00000, 0x000000008c000000|  0%| F|  |TAMS 0x000000008bf00000, 0x000000008bf00000| Untracked 
| 192|0x000000008c000000, 0x000000008c000000, 0x000000008c100000|  0%| F|  |TAMS 0x000000008c000000, 0x000000008c000000| Untracked 
| 193|0x000000008c100000, 0x000000008c100000, 0x000000008c200000|  0%| F|  |TAMS 0x000000008c100000, 0x000000008c100000| Untracked 
| 194|0x000000008c200000, 0x000000008c200000, 0x000000008c300000|  0%| F|  |TAMS 0x000000008c200000, 0x000000008c200000| Untracked 
| 195|0x000000008c300000, 0x000000008c300000, 0x000000008c400000|  0%| F|  |TAMS 0x000000008c300000, 0x000000008c300000| Untracked 
| 196|0x000000008c400000, 0x000000008c400000, 0x000000008c500000|  0%| F|  |TAMS 0x000000008c400000, 0x000000008c400000| Untracked 
| 197|0x000000008c500000, 0x000000008c500000, 0x000000008c600000|  0%| F|  |TAMS 0x000000008c500000, 0x000000008c500000| Untracked 
| 198|0x000000008c600000, 0x000000008c600000, 0x000000008c700000|  0%| F|  |TAMS 0x000000008c600000, 0x000000008c600000| Untracked 
| 199|0x000000008c700000, 0x000000008c700000, 0x000000008c800000|  0%| F|  |TAMS 0x000000008c700000, 0x000000008c700000| Untracked 
| 200|0x000000008c800000, 0x000000008c800000, 0x000000008c900000|  0%| F|  |TAMS 0x000000008c800000, 0x000000008c800000| Untracked 
| 201|0x000000008c900000, 0x000000008c900000, 0x000000008ca00000|  0%| F|  |TAMS 0x000000008c900000, 0x000000008c900000| Untracked 
| 202|0x000000008ca00000, 0x000000008ca00000, 0x000000008cb00000|  0%| F|  |TAMS 0x000000008ca00000, 0x000000008ca00000| Untracked 
| 203|0x000000008cb00000, 0x000000008cb00000, 0x000000008cc00000|  0%| F|  |TAMS 0x000000008cb00000, 0x000000008cb00000| Untracked 
| 204|0x000000008cc00000, 0x000000008cc00000, 0x000000008cd00000|  0%| F|  |TAMS 0x000000008cc00000, 0x000000008cc00000| Untracked 
| 205|0x000000008cd00000, 0x000000008cd00000, 0x000000008ce00000|  0%| F|  |TAMS 0x000000008cd00000, 0x000000008cd00000| Untracked 
| 206|0x000000008ce00000, 0x000000008ce00000, 0x000000008cf00000|  0%| F|  |TAMS 0x000000008ce00000, 0x000000008ce00000| Untracked 
| 207|0x000000008cf00000, 0x000000008cf00000, 0x000000008d000000|  0%| F|  |TAMS 0x000000008cf00000, 0x000000008cf00000| Untracked 
| 208|0x000000008d000000, 0x000000008d000000, 0x000000008d100000|  0%| F|  |TAMS 0x000000008d000000, 0x000000008d000000| Untracked 
| 209|0x000000008d100000, 0x000000008d100000, 0x000000008d200000|  0%| F|  |TAMS 0x000000008d100000, 0x000000008d100000| Untracked 
| 210|0x000000008d200000, 0x000000008d200000, 0x000000008d300000|  0%| F|  |TAMS 0x000000008d200000, 0x000000008d200000| Untracked 
| 211|0x000000008d300000, 0x000000008d300000, 0x000000008d400000|  0%| F|  |TAMS 0x000000008d300000, 0x000000008d300000| Untracked 
| 212|0x000000008d400000, 0x000000008d400000, 0x000000008d500000|  0%| F|  |TAMS 0x000000008d400000, 0x000000008d400000| Untracked 
| 213|0x000000008d500000, 0x000000008d500000, 0x000000008d600000|  0%| F|  |TAMS 0x000000008d500000, 0x000000008d500000| Untracked 
| 214|0x000000008d600000, 0x000000008d600000, 0x000000008d700000|  0%| F|  |TAMS 0x000000008d600000, 0x000000008d600000| Untracked 
| 215|0x000000008d700000, 0x000000008d700000, 0x000000008d800000|  0%| F|  |TAMS 0x000000008d700000, 0x000000008d700000| Untracked 
| 216|0x000000008d800000, 0x000000008d800000, 0x000000008d900000|  0%| F|  |TAMS 0x000000008d800000, 0x000000008d800000| Untracked 
| 217|0x000000008d900000, 0x000000008d900000, 0x000000008da00000|  0%| F|  |TAMS 0x000000008d900000, 0x000000008d900000| Untracked 
|2046|0x00000000ffe00000, 0x00000000ffe75000, 0x00000000fff00000| 45%|OA|  |TAMS 0x00000000ffe75000, 0x00000000ffe75000| Untracked 
|2047|0x00000000fff00000, 0x00000000fff78000, 0x0000000100000000| 46%|CA|  |TAMS 0x00000000fff78000, 0x00000000fff78000| Untracked 

Card table byte_map: [0x00007f2a25966000,0x00007f2a25d66000] _byte_map_base: 0x00007f2a25566000

Marking Bits (Prev, Next): (CMBitMap*) 0x00007f2a200764d0, (CMBitMap*) 0x00007f2a20076510
 Prev Bits: [0x00007f2a07511000, 0x00007f2a09511000)
 Next Bits: [0x00007f2a05511000, 0x00007f2a07511000)

Polling page: 0x00007f2a27f29000

Metaspace:

Usage:
  Non-class:     52.18 MB used.
      Class:      8.30 MB used.
       Both:     60.48 MB used.

Virtual space:
  Non-class space:       64.00 MB reserved,      52.44 MB ( 82%) committed,  1 nodes.
      Class space:        1.00 GB reserved,       8.56 MB ( <1%) committed,  1 nodes.
             Both:        1.06 GB reserved,      61.00 MB (  6%) committed. 

Chunk freelists:
   Non-Class:  10.90 MB
       Class:  7.41 MB
        Both:  18.32 MB

MaxMetaspaceSize: unlimited
CompressedClassSpaceSize: 1.00 GB
Initial GC threshold: 21.00 MB
Current GC threshold: 87.12 MB
CDS: on
MetaspaceReclaimPolicy: balanced
 - commit_granule_bytes: 65536.
 - commit_granule_words: 8192.
 - virtual_space_node_default_size: 8388608.
 - enlarge_chunks_in_place: 1.
 - new_chunks_are_fully_committed: 0.
 - uncommit_free_chunks: 1.
 - use_allocation_guard: 0.
 - handle_deallocations: 1.


Internal statistics:

num_allocs_failed_limit: 8.
num_arena_births: 636.
num_arena_deaths: 2.
num_vsnodes_births: 2.
num_vsnodes_deaths: 0.
num_space_committed: 976.
num_space_uncommitted: 0.
num_chunks_returned_to_freelist: 12.
num_chunks_taken_from_freelist: 3070.
num_chunk_merges: 8.
num_chunk_splits: 2067.
num_chunks_enlarged: 1449.
num_inconsistent_stats: 0.

CodeHeap 'non-profiled nmethods': size=120036Kb used=3757Kb max_used=3757Kb free=116278Kb
 bounds [0x00007f2a10fd8000, 0x00007f2a11388000, 0x00007f2a18511000]
CodeHeap 'profiled nmethods': size=120032Kb used=14744Kb max_used=14744Kb free=105287Kb
 bounds [0x00007f2a09511000, 0x00007f2a0a381000, 0x00007f2a10a49000]
CodeHeap 'non-nmethods': size=5692Kb used=2366Kb max_used=2417Kb free=3325Kb
 bounds [0x00007f2a10a49000, 0x00007f2a10cb9000, 0x00007f2a10fd8000]
 total_blobs=9032 nmethods=8149 adapters=795
 compilation: enabled
              stopped_count=0, restarted_count=0
 full_count=0

Compilation events (20 events):
Event: 22.773 Thread 0x00007f2a200e4ea0 9262       3       sun.security.util.SignatureFileVerifier::updateSigners (164 bytes)
Event: 22.774 Thread 0x00007f2a200e4ea0 nmethod 9262 0x00007f2a0a374a90 code [0x00007f2a0a374d20, 0x00007f2a0a375a80]
Event: 22.774 Thread 0x00007f2a200e4ea0 9263       3       sun.security.util.SignatureFileVerifier::matches (93 bytes)
Event: 22.774 Thread 0x00007f2a200e4ea0 nmethod 9263 0x00007f2a0a375e90 code [0x00007f2a0a3760e0, 0x00007f2a0a376930]
Event: 22.774 Thread 0x00007f2a200e4ea0 9265       1       java.security.Provider$Service::getProvider (5 bytes)
Event: 22.774 Thread 0x00007f2a200e4ea0 nmethod 9265 0x00007f2a11381090 code [0x00007f2a11381220, 0x00007f2a113812f0]
Event: 22.774 Thread 0x00007f2a200e4ea0 9266       1       java.security.Provider$UString::toString (5 bytes)
Event: 22.774 Thread 0x00007f2a200e4ea0 nmethod 9266 0x00007f2a11381390 code [0x00007f2a11381520, 0x00007f2a113815f0]
Event: 22.774 Thread 0x00007f2a200e4ea0 9267       1       java.security.Provider$Service::getClassName (5 bytes)
Event: 22.774 Thread 0x00007f2a200e4ea0 nmethod 9267 0x00007f2a11381690 code [0x00007f2a11381820, 0x00007f2a113818f0]
Event: 22.776 Thread 0x00007f2a200e3970 nmethod 9240 0x00007f2a11381990 code [0x00007f2a11381b40, 0x00007f2a11382268]
Event: 22.776 Thread 0x00007f2a200e3970 9255 %     4       java.math.BigInteger::implMultiplyToLen @ 135 (216 bytes)
Event: 22.779 Thread 0x00007f2a200e4ea0 9268       3       sun.security.provider.DigestBase::engineReset (33 bytes)
Event: 22.779 Thread 0x00007f2a200e4ea0 nmethod 9268 0x00007f2a0a376c90 code [0x00007f2a0a376e60, 0x00007f2a0a3770f0]
Event: 22.780 Thread 0x00007f2a200e3970 nmethod 9255% 0x00007f2a11382710 code [0x00007f2a113828a0, 0x00007f2a11382c38]
Event: 22.780 Thread 0x00007f2a200e3970 9248       4       java.lang.invoke.VarHandleByteArrayAsInts$ArrayHandle::set (39 bytes)
Event: 22.781 Thread 0x00007f2a200e3970 nmethod 9248 0x00007f2a11382e90 code [0x00007f2a11383020, 0x00007f2a11383178]
Event: 22.781 Thread 0x00007f2a200e3970 9250       4       java.lang.Integer::numberOfTrailingZeros (80 bytes)
Event: 22.781 Thread 0x00007f2a200e3970 nmethod 9250 0x00007f2a11383310 code [0x00007f2a11383480, 0x00007f2a11383558]
Event: 22.781 Thread 0x00007f2a200e3970 9238       4       java.util.ImmutableCollections$MapN::get (35 bytes)

GC Heap History (20 events):
Event: 16.502 GC heap after
{Heap after GC invocations=30 (full 0):
 garbage-first heap   total 112640K, used 63412K [0x0000000080000000, 0x0000000100000000)
  region size 1024K, 6 young (6144K), 6 survivors (6144K)
 Metaspace       used 51737K, committed 52224K, reserved 1114112K
  class space    used 7237K, committed 7424K, reserved 1048576K
}
Event: 16.673 GC heap before
{Heap before GC invocations=30 (full 0):
 garbage-first heap   total 112640K, used 77748K [0x0000000080000000, 0x0000000100000000)
  region size 1024K, 21 young (21504K), 6 survivors (6144K)
 Metaspace       used 51738K, committed 52224K, reserved 1114112K
  class space    used 7237K, committed 7424K, reserved 1048576K
}
Event: 16.704 GC heap after
{Heap after GC invocations=31 (full 0):
 garbage-first heap   total 112640K, used 76468K [0x0000000080000000, 0x0000000100000000)
  region size 1024K, 4 young (4096K), 4 survivors (4096K)
 Metaspace       used 51738K, committed 52224K, reserved 1114112K
  class space    used 7237K, committed 7424K, reserved 1048576K
}
Event: 16.911 GC heap before
{Heap before GC invocations=31 (full 0):
 garbage-first heap   total 112640K, used 88756K [0x0000000080000000, 0x0000000100000000)
  region size 1024K, 13 young (13312K), 4 survivors (4096K)
 Metaspace       used 51739K, committed 52224K, reserved 1114112K
  class space    used 7237K, committed 7424K, reserved 1048576K
}
Event: 16.983 GC heap after
{Heap after GC invocations=32 (full 0):
 garbage-first heap   total 225280K, used 85556K [0x0000000080000000, 0x0000000100000000)
  region size 1024K, 2 young (2048K), 2 survivors (2048K)
 Metaspace       used 51739K, committed 52224K, reserved 1114112K
  class space    used 7237K, committed 7424K, reserved 1048576K
}
Event: 17.197 GC heap before
{Heap before GC invocations=32 (full 0):
 garbage-first heap   total 225280K, used 94772K [0x0000000080000000, 0x0000000100000000)
  region size 1024K, 11 young (11264K), 2 survivors (2048K)
 Metaspace       used 51725K, committed 52224K, reserved 1114112K
  class space    used 7232K, committed 7424K, reserved 1048576K
}
Event: 17.272 GC heap after
{Heap after GC invocations=33 (full 0):
 garbage-first heap   total 225280K, used 90036K [0x0000000080000000, 0x0000000100000000)
  region size 1024K, 2 young (2048K), 2 survivors (2048K)
 Metaspace       used 51725K, committed 52224K, reserved 1114112K
  class space    used 7232K, committed 7424K, reserved 1048576K
}
Event: 17.515 GC heap before
{Heap before GC invocations=34 (full 0):
 garbage-first heap   total 225280K, used 98228K [0x0000000080000000, 0x0000000100000000)
  region size 1024K, 11 young (11264K), 2 survivors (2048K)
 Metaspace       used 51740K, committed 52224K, reserved 1114112K
  class space    used 7237K, committed 7424K, reserved 1048576K
}
Event: 17.575 GC heap after
{Heap after GC invocations=35 (full 0):
 garbage-first heap   total 225280K, used 91940K [0x0000000080000000, 0x0000000100000000)
  region size 1024K, 2 young (2048K), 2 survivors (2048K)
 Metaspace       used 51740K, committed 52224K, reserved 1114112K
  class space    used 7237K, committed 7424K, reserved 1048576K
}
Event: 18.616 GC heap before
{Heap before GC invocations=35 (full 0):
 garbage-first heap   total 225280K, used 107300K [0x0000000080000000, 0x0000000100000000)
  region size 1024K, 17 young (17408K), 2 survivors (2048K)
 Metaspace       used 51775K, committed 52224K, reserved 1114112K
  class space    used 7237K, committed 7424K, reserved 1048576K
}
Event: 18.622 GC heap after
{Heap after GC invocations=36 (full 0):
 garbage-first heap   total 225280K, used 92376K [0x0000000080000000, 0x0000000100000000)
  region size 1024K, 2 young (2048K), 2 survivors (2048K)
 Metaspace       used 51775K, committed 52224K, reserved 1114112K
  class space    used 7237K, committed 7424K, reserved 1048576K
}
Event: 19.656 GC heap before
{Heap before GC invocations=36 (full 0):
 garbage-first heap   total 225280K, used 140504K [0x0000000080000000, 0x0000000100000000)
  region size 1024K, 42 young (43008K), 2 survivors (2048K)
 Metaspace       used 51884K, committed 52352K, reserved 1114112K
  class space    used 7252K, committed 7488K, reserved 1048576K
}
Event: 19.678 GC heap after
{Heap after GC invocations=37 (full 0):
 garbage-first heap   total 225280K, used 107323K [0x0000000080000000, 0x0000000100000000)
  region size 1024K, 7 young (7168K), 7 survivors (7168K)
 Metaspace       used 51884K, committed 52352K, reserved 1114112K
  class space    used 7252K, committed 7488K, reserved 1048576K
}
Event: 20.128 GC heap before
{Heap before GC invocations=37 (full 0):
 garbage-first heap   total 225280K, used 125755K [0x0000000080000000, 0x0000000100000000)
  region size 1024K, 25 young (25600K), 7 survivors (7168K)
 Metaspace       used 52292K, committed 52800K, reserved 1114112K
  class space    used 7289K, committed 7488K, reserved 1048576K
}
Event: 20.175 GC heap after
{Heap after GC invocations=38 (full 0):
 garbage-first heap   total 225280K, used 110025K [0x0000000080000000, 0x0000000100000000)
  region size 1024K, 3 young (3072K), 3 survivors (3072K)
 Metaspace       used 52292K, committed 52800K, reserved 1114112K
  class space    used 7289K, committed 7488K, reserved 1048576K
}
Event: 21.421 GC heap before
{Heap before GC invocations=39 (full 0):
 garbage-first heap   total 225280K, used 147913K [0x0000000080000000, 0x0000000100000000)
  region size 1024K, 45 young (46080K), 3 survivors (3072K)
 Metaspace       used 56425K, committed 56896K, reserved 1114112K
  class space    used 7758K, committed 8000K, reserved 1048576K
}
Event: 21.433 GC heap after
{Heap after GC invocations=40 (full 0):
 garbage-first heap   total 225280K, used 109249K [0x0000000080000000, 0x0000000100000000)
  region size 1024K, 6 young (6144K), 6 survivors (6144K)
 Metaspace       used 56425K, committed 56896K, reserved 1114112K
  class space    used 7758K, committed 8000K, reserved 1048576K
}
Event: 21.515 GC heap before
{Heap before GC invocations=40 (full 0):
 garbage-first heap   total 225280K, used 113345K [0x0000000080000000, 0x0000000100000000)
  region size 1024K, 11 young (11264K), 6 survivors (6144K)
 Metaspace       used 57002K, committed 57472K, reserved 1114112K
  class space    used 7811K, committed 8064K, reserved 1048576K
}
Event: 21.536 GC heap after
{Heap after GC invocations=41 (full 0):
 garbage-first heap   total 225280K, used 100828K [0x0000000080000000, 0x0000000100000000)
  region size 1024K, 1 young (1024K), 1 survivors (1024K)
 Metaspace       used 57002K, committed 57472K, reserved 1114112K
  class space    used 7811K, committed 8064K, reserved 1048576K
}
Event: 22.782 GC heap before
{Heap before GC invocations=41 (full 0):
 garbage-first heap   total 225280K, used 141788K [0x0000000080000000, 0x0000000100000000)
  region size 1024K, 42 young (43008K), 1 survivors (1024K)
 Metaspace       used 61932K, committed 62464K, reserved 1114112K
  class space    used 8495K, committed 8768K, reserved 1048576K
}

Dll operation events (14 events):
Event: 0.004 Loaded shared library /usr/lib/jvm/java-17-openjdk-amd64/lib/libjava.so
Event: 0.070 Loaded shared library /usr/lib/jvm/java-17-openjdk-amd64/lib/libjsvml.so
Event: 0.122 Loaded shared library /usr/lib/jvm/java-17-openjdk-amd64/lib/libzip.so
Event: 0.123 Loaded shared library /usr/lib/jvm/java-17-openjdk-amd64/lib/libinstrument.so
Event: 0.125 Loaded shared library /usr/lib/jvm/java-17-openjdk-amd64/lib/libnio.so
Event: 0.126 Loaded shared library /usr/lib/jvm/java-17-openjdk-amd64/lib/libzip.so
Event: 0.390 Loaded shared library /usr/lib/jvm/java-17-openjdk-amd64/lib/libjimage.so
Event: 0.667 Loaded shared library /usr/lib/jvm/java-17-openjdk-amd64/lib/libverify.so
Event: 0.872 Loaded shared library /usr/lib/jvm/java-17-openjdk-amd64/lib/libnet.so
Event: 0.874 Loaded shared library /root/.gradle/native/c067742578af261105cb4f569cf0c3c89f3d7b1fecec35dd04571415982c5e48/linux-amd64/libnative-platform.so
Event: 0.881 Loaded shared library /root/.gradle/native/100fb08df4bc3b14c8652ba06237920a3bd2aa13389f12d3474272988ae205f9/linux-amd64/libnative-platform-file-events.so
Event: 2.396 Loaded shared library /usr/lib/jvm/java-17-openjdk-amd64/lib/libmanagement.so
Event: 2.397 Loaded shared library /usr/lib/jvm/java-17-openjdk-amd64/lib/libmanagement_ext.so
Event: 2.583 Loaded shared library /usr/lib/jvm/java-17-openjdk-amd64/lib/libextnet.so

Deoptimization events (20 events):
Event: 22.776 Thread 0x00007f299800d080 Uncommon trap: trap_request=0xffffff45 fr.pc=0x00007f2a1113b894 relative=0x0000000000000074
Event: 22.776 Thread 0x00007f299800d080 Uncommon trap: reason=unstable_if action=reinterpret pc=0x00007f2a1113b894 method=java.security.CodeSource.getCertificates()[Ljava/security/cert/Certificate; @ 22 c2
Event: 22.776 Thread 0x00007f299800d080 DEOPT PACKING pc=0x00007f2a1113b894 sp=0x00007f2a046ed600
Event: 22.776 Thread 0x00007f299800d080 DEOPT UNPACKING pc=0x00007f2a10aa2b19 sp=0x00007f2a046ed5a8 mode 2
Event: 22.779 Thread 0x00007f299800d080 Uncommon trap: trap_request=0xffffffc6 fr.pc=0x00007f2a1133d45c relative=0x00000000000020dc
Event: 22.779 Thread 0x00007f299800d080 Uncommon trap: reason=bimorphic_or_optimized_type_check action=maybe_recompile pc=0x00007f2a1133d45c method=jdk.internal.loader.Resource.getBytes()[B @ 117 c2
Event: 22.779 Thread 0x00007f299800d080 DEOPT PACKING pc=0x00007f2a1133d45c sp=0x00007f2a046ebfe0
Event: 22.779 Thread 0x00007f299800d080 DEOPT UNPACKING pc=0x00007f2a10aa2b19 sp=0x00007f2a046ebfa0 mode 2
Event: 22.779 Thread 0x00007f299800d080 Uncommon trap: trap_request=0xffffffde fr.pc=0x00007f2a1105eeb0 relative=0x0000000000000650
Event: 22.779 Thread 0x00007f299800d080 Uncommon trap: reason=class_check action=maybe_recompile pc=0x00007f2a1105eeb0 method=sun.security.provider.DigestBase.engineUpdate([BII)V @ 128 c2
Event: 22.779 Thread 0x00007f299800d080 DEOPT PACKING pc=0x00007f2a1105eeb0 sp=0x00007f2a046ebb20
Event: 22.779 Thread 0x00007f299800d080 DEOPT UNPACKING pc=0x00007f2a10aa2b19 sp=0x00007f2a046ebae8 mode 2
Event: 22.780 Thread 0x00007f299800d080 Uncommon trap: trap_request=0xffffff45 fr.pc=0x00007f2a111ac7a4 relative=0x0000000000001244
Event: 22.780 Thread 0x00007f299800d080 Uncommon trap: reason=unstable_if action=reinterpret pc=0x00007f2a111ac7a4 method=java.security.CodeSource.getCertificates()[Ljava/security/cert/Certificate; @ 4 c2
Event: 22.780 Thread 0x00007f299800d080 DEOPT PACKING pc=0x00007f2a111ac7a4 sp=0x00007f2a046ebf40
Event: 22.780 Thread 0x00007f299800d080 DEOPT UNPACKING pc=0x00007f2a10aa2b19 sp=0x00007f2a046ebee8 mode 2
Event: 22.780 Thread 0x00007f299800d080 Uncommon trap: trap_request=0xffffff54 fr.pc=0x00007f2a1103e7dc relative=0x000000000000091c
Event: 22.780 Thread 0x00007f299800d080 Uncommon trap: reason=speculate_null_assert action=make_not_entrant pc=0x00007f2a1103e7dc method=java.util.jar.JarFile.getVersionedEntry(Ljava/lang/String;Ljava/util/jar/JarEntry;)Ljava/util/jar/JarEntry; @ 115 c2
Event: 22.780 Thread 0x00007f299800d080 DEOPT PACKING pc=0x00007f2a1103e7dc sp=0x00007f2a046ed730
Event: 22.780 Thread 0x00007f299800d080 DEOPT UNPACKING pc=0x00007f2a10aa2b19 sp=0x00007f2a046ed630 mode 2

Classes loaded (20 events):
Event: 22.711 Loading class java/security/cert/CertPathValidatorException$BasicReason
Event: 22.711 Loading class java/security/cert/CertPathValidatorException$Reason
Event: 22.711 Loading class java/security/cert/CertPathValidatorException$Reason done
Event: 22.711 Loading class java/security/cert/CertPathValidatorException$BasicReason done
Event: 22.711 Loading class java/security/SignatureException
Event: 22.711 Loading class java/security/SignatureException done
Event: 22.716 Loading class sun/security/rsa/RSASignature$SHA256withRSA
Event: 22.716 Loading class sun/security/rsa/RSASignature$SHA256withRSA done
Event: 22.717 Loading class sun/security/provider/DSA$SHA256withDSA
Event: 22.717 Loading class sun/security/provider/DSA$SHA256withDSA done
Event: 22.771 Loading class java/util/Base64
Event: 22.771 Loading class java/util/Base64 done
Event: 22.771 Loading class java/util/Base64$Decoder
Event: 22.772 Loading class java/util/Base64$Decoder done
Event: 22.772 Loading class java/util/Base64$Encoder
Event: 22.772 Loading class java/util/Base64$Encoder done
Event: 22.773 Loading class java/util/jar/JarVerifier$VerifierStream
Event: 22.773 Loading class java/util/jar/JarVerifier$VerifierStream done
Event: 22.773 Loading class sun/security/util/ManifestEntryVerifier$SunProviderHolder
Event: 22.773 Loading class sun/security/util/ManifestEntryVerifier$SunProviderHolder done

Classes unloaded (4 events):
Event: 17.085 Thread 0x00007f2a200d3640 Unloading class 0x00007f29a86347e0 '_BuildScript_$_run_closure1$_closure3'
Event: 17.085 Thread 0x00007f2a200d3640 Unloading class 0x00007f29a86343f0 '_BuildScript_$_run_closure1$_closure2'
Event: 17.085 Thread 0x00007f2a200d3640 Unloading class 0x00007f29a8634000 '_BuildScript_$_run_closure1'
Event: 17.085 Thread 0x00007f2a200d3640 Unloading class 0x00007f29a8628800 '_BuildScript_'

Classes redefined (0 events):
No events

Internal exceptions (20 events):
Event: 13.501 Thread 0x00007f299800d080 Exception <a 'java/lang/NoSuchMethodError'{0x000000008646b8a0}: 'java.lang.Object java.lang.invoke.DirectMethodHandle$Holder.invokeSpecial(java.lang.Object, java.lang.Object, java.lang.Object, java.lang.Object, java.lang.Object, long)'> (0x000000008646b8a0) 
thrown [./src/hotspot/share/interpreter/linkResolver.cpp, line 758]
Event: 13.503 Thread 0x00007f299800d080 Exception <a 'java/lang/NoSuchMethodError'{0x0000000086497440}: 'void java.lang.invoke.DirectMethodHandle$Holder.invokeStatic(java.lang.Object, java.lang.Object, java.lang.Object, int, java.lang.Object)'> (0x0000000086497440) 
thrown [./src/hotspot/share/interpreter/linkResolver.cpp, line 758]
Event: 13.586 Thread 0x00007f299800d080 Exception <a 'java/lang/NoSuchMethodError'{0x00000000863aa068}: 'int java.lang.invoke.DirectMethodHandle$Holder.invokeInterface(java.lang.Object, java.lang.Object, java.lang.Object, java.lang.Object, java.lang.Object)'> (0x00000000863aa068) 
thrown [./src/hotspot/share/interpreter/linkResolver.cpp, line 758]
Event: 13.885 Thread 0x00007f299800d080 Exception <a 'java/lang/NoSuchMethodError'{0x0000000085b46c38}: 'java.lang.Object java.lang.invoke.DirectMethodHandle$Holder.newInvokeSpecial(java.lang.Object, java.lang.Object, java.lang.Object, java.lang.Object, int, java.lang.Object)'> (0x0000000085b46c38) 
thrown [./src/hotspot/share/interpreter/linkResolver.cpp, line 758]
Event: 13.886 Thread 0x00007f299800d080 Exception <a 'java/lang/NoSuchMethodError'{0x0000000085b4f820}: 'java.lang.Object java.lang.invoke.Invokers$Holder.linkToTargetMethod(java.lang.Object, java.lang.Object, java.lang.Object, int, java.lang.Object, java.lang.Object)'> (0x0000000085b4f820) 
thrown [./src/hotspot/share/interpreter/linkResolver.cpp, line 758]
Event: 14.890 Thread 0x00007f299800d080 Exception <a 'java/lang/NoSuchMethodError'{0x00000000842c70e0}: 'java.lang.Object java.lang.invoke.DirectMethodHandle$Holder.invokeSpecialIFC(java.lang.Object, java.lang.Object, java.lang.Object)'> (0x00000000842c70e0) 
thrown [./src/hotspot/share/interpreter/linkResolver.cpp, line 758]
Event: 20.069 Thread 0x00007f299800d080 Exception <a 'sun/nio/fs/UnixException'{0x000000008ca2b050}> (0x000000008ca2b050) 
thrown [./src/hotspot/share/prims/jni.cpp, line 516]
Event: 20.069 Thread 0x00007f299800d080 Exception <a 'sun/nio/fs/UnixException'{0x000000008ca2c758}> (0x000000008ca2c758) 
thrown [./src/hotspot/share/prims/jni.cpp, line 516]
Event: 20.071 Thread 0x00007f299800d080 Exception <a 'sun/nio/fs/UnixException'{0x000000008ca40078}> (0x000000008ca40078) 
thrown [./src/hotspot/share/prims/jni.cpp, line 516]
Event: 20.072 Thread 0x00007f299800d080 Exception <a 'sun/nio/fs/UnixException'{0x000000008ca52900}> (0x000000008ca52900) 
thrown [./src/hotspot/share/prims/jni.cpp, line 516]
Event: 20.072 Thread 0x00007f299800d080 Exception <a 'sun/nio/fs/UnixException'{0x000000008ca64450}> (0x000000008ca64450) 
thrown [./src/hotspot/share/prims/jni.cpp, line 516]
Event: 20.073 Thread 0x00007f299800d080 Exception <a 'sun/nio/fs/UnixException'{0x000000008ca764d8}> (0x000000008ca764d8) 
thrown [./src/hotspot/share/prims/jni.cpp, line 516]
Event: 20.074 Thread 0x00007f299800d080 Exception <a 'sun/nio/fs/UnixException'{0x000000008ca837b0}> (0x000000008ca837b0) 
thrown [./src/hotspot/share/prims/jni.cpp, line 516]
Event: 20.096 Thread 0x00007f299800d080 Exception <a 'java/lang/ClassNotFoundException'{0x000000008c94e1b8}: build_c4it2hv9hdz529ekgfmnvgh0qBeanInfo> (0x000000008c94e1b8) 
thrown [./src/hotspot/share/classfile/systemDictionary.cpp, line 257]
Event: 20.096 Thread 0x00007f299800d080 Exception <a 'java/lang/ClassNotFoundException'{0x000000008c955290}: build_c4it2hv9hdz529ekgfmnvgh0qCustomizer> (0x000000008c955290) 
thrown [./src/hotspot/share/classfile/systemDictionary.cpp, line 257]
Event: 20.103 Thread 0x00007f299800d080 Exception <a 'java/lang/ClassNotFoundException'{0x000000008c99edf0}: sun/misc/SharedSecrets> (0x000000008c99edf0) 
thrown [./src/hotspot/share/classfile/systemDictionary.cpp, line 257]
Event: 20.104 Thread 0x00007f299800d080 Exception <a 'java/lang/ClassNotFoundException'{0x000000008c9a0120}: org/gradle/api/internal/plugins/DefaultObjectConfigurationActionBeanInfo> (0x000000008c9a0120) 
thrown [./src/hotspot/share/classfile/systemDictionary.cpp, line 257]
Event: 20.104 Thread 0x00007f299800d080 Exception <a 'java/lang/ClassNotFoundException'{0x000000008c9b3138}: org/gradle/api/internal/plugins/DefaultObjectConfigurationActionCustomizer> (0x000000008c9b3138) 
thrown [./src/hotspot/share/classfile/systemDictionary.cpp, line 257]
Event: 22.379 Thread 0x00007f299800d080 Exception <a 'java/io/IOException'{0x000000008be031b0}> (0x000000008be031b0) 
thrown [./src/hotspot/share/prims/jni.cpp, line 516]
Event: 22.616 Thread 0x00007f299800d080 Implicit null exception at 0x00007f2a11146eac to 0x00007f2a11146fe2

VM Operations (20 events):
Event: 20.471 Executing VM operation: G1PauseRemark done
Event: 20.573 Executing VM operation: G1PauseCleanup
Event: 20.573 Executing VM operation: G1PauseCleanup done
Event: 21.328 Executing VM operation: HandshakeAllThreads
Event: 21.329 Executing VM operation: HandshakeAllThreads done
Event: 21.421 Executing VM operation: G1CollectForAllocation
Event: 21.433 Executing VM operation: G1CollectForAllocation done
Event: 21.515 Executing VM operation: G1CollectForAllocation
Event: 21.536 Executing VM operation: G1CollectForAllocation done
Event: 22.293 Executing VM operation: HandshakeAllThreads
Event: 22.293 Executing VM operation: HandshakeAllThreads done
Event: 22.574 Executing VM operation: HandshakeAllThreads
Event: 22.574 Executing VM operation: HandshakeAllThreads done
Event: 22.575 Executing VM operation: Cleanup
Event: 22.575 Executing VM operation: Cleanup done
Event: 22.579 Executing VM operation: HandshakeAllThreads
Event: 22.579 Executing VM operation: HandshakeAllThreads done
Event: 22.672 Executing VM operation: HandshakeAllThreads
Event: 22.673 Executing VM operation: HandshakeAllThreads done
Event: 22.782 Executing VM operation: G1TryInitiateConcMark

Memory protections (20 events):
Event: 2.817 Protecting memory [0x00007f2a045fb000,0x00007f2a045ff000] with protection modes 0
Event: 2.880 Protecting memory [0x00007f2a044fa000,0x00007f2a044fe000] with protection modes 0
Event: 2.882 Protecting memory [0x00007f2a043f9000,0x00007f2a043fd000] with protection modes 0
Event: 2.886 Protecting memory [0x00007f2a042f8000,0x00007f2a042fc000] with protection modes 0
Event: 3.470 Protecting memory [0x00007f2a041f7000,0x00007f2a041fb000] with protection modes 0
Event: 3.480 Protecting memory [0x00007f2a040f6000,0x00007f2a040fa000] with protection modes 0
Event: 3.512 Protecting memory [0x00007f29f5f00000,0x00007f29f5f04000] with protection modes 0
Event: 4.497 Protecting memory [0x00007f29f5dff000,0x00007f29f5e03000] with protection modes 0
Event: 4.897 Protecting memory [0x00007f29f5cfe000,0x00007f29f5d02000] with protection modes 0
Event: 4.909 Protecting memory [0x00007f29f5bfd000,0x00007f29f5c01000] with protection modes 0
Event: 5.982 Protecting memory [0x00007f29f5afc000,0x00007f29f5b00000] with protection modes 0
Event: 6.289 Protecting memory [0x00007f29f59fb000,0x00007f29f59ff000] with protection modes 0
Event: 6.489 Protecting memory [0x00007f29f58fa000,0x00007f29f58fe000] with protection modes 0
Event: 7.909 Protecting memory [0x00007f29f57f9000,0x00007f29f57fd000] with protection modes 0
Event: 7.980 Protecting memory [0x00007f29f56f8000,0x00007f29f56fc000] with protection modes 0
Event: 13.693 Protecting memory [0x00007f29f55f7000,0x00007f29f55fb000] with protection modes 0
Event: 13.915 Protecting memory [0x00007f29f54f6000,0x00007f29f54fa000] with protection modes 0
Event: 14.893 Protecting memory [0x00007f29f53f5000,0x00007f29f53f9000] with protection modes 0
Event: 21.211 Protecting memory [0x00007f29f52f4000,0x00007f29f52f8000] with protection modes 0
Event: 22.384 Protecting memory [0x00007f29f51f3000,0x00007f29f51f7000] with protection modes 0

Nmethod flushes (20 events):
Event: 13.682 Thread 0x00007f2a200e6310 flushing  nmethod 0x00007f2a09f28490
Event: 13.682 Thread 0x00007f2a200e6310 flushing  nmethod 0x00007f2a09f28a10
Event: 13.682 Thread 0x00007f2a200e6310 flushing  nmethod 0x00007f2a09f29790
Event: 13.682 Thread 0x00007f2a200e6310 flushing  nmethod 0x00007f2a09f2a390
Event: 13.682 Thread 0x00007f2a200e6310 flushing  nmethod 0x00007f2a09f32a10
Event: 13.682 Thread 0x00007f2a200e6310 flushing  nmethod 0x00007f2a09f32f10
Event: 13.682 Thread 0x00007f2a200e6310 flushing  nmethod 0x00007f2a09f33d10
Event: 13.682 Thread 0x00007f2a200e6310 flushing  nmethod 0x00007f2a09f34090
Event: 13.682 Thread 0x00007f2a200e6310 flushing  nmethod 0x00007f2a09f41d10
Event: 13.682 Thread 0x00007f2a200e6310 flushing  nmethod 0x00007f2a09f47c90
Event: 13.682 Thread 0x00007f2a200e6310 flushing  nmethod 0x00007f2a09f5c690
Event: 13.682 Thread 0x00007f2a200e6310 flushing  nmethod 0x00007f2a09f5cc10
Event: 13.682 Thread 0x00007f2a200e6310 flushing  nmethod 0x00007f2a09f5e890
Event: 13.682 Thread 0x00007f2a200e6310 flushing  nmethod 0x00007f2a09f60f10
Event: 13.682 Thread 0x00007f2a200e6310 flushing  nmethod 0x00007f2a09f61290
Event: 13.682 Thread 0x00007f2a200e6310 flushing  nmethod 0x00007f2a09f6ff10
Event: 13.682 Thread 0x00007f2a200e6310 flushing  nmethod 0x00007f2a09f87110
Event: 13.682 Thread 0x00007f2a200e6310 flushing  nmethod 0x00007f2a09f8c510
Event: 13.682 Thread 0x00007f2a200e6310 flushing  nmethod 0x00007f2a09fa1d90
Event: 13.686 Thread 0x00007f2a200e6310 flushing  nmethod 0x00007f2a0a012610

Events (20 events):
Event: 2.817 Thread 0x00007f2990016f20 Thread added: 0x00007f299800d080
Event: 2.879 Thread 0x00007f299800d080 Thread added: 0x00007f29f0006650
Event: 2.882 Thread 0x00007f299800d080 Thread added: 0x00007f29f000e990
Event: 2.886 Thread 0x00007f299800d080 Thread added: 0x00007f29f0010630
Event: 3.470 Thread 0x00007f299800d080 Thread added: 0x00007f29f01a3c00
Event: 3.480 Thread 0x00007f299800d080 Thread added: 0x00007f29f01ab2d0
Event: 3.511 Thread 0x00007f299800d080 Thread added: 0x00007f29f01b7b90
Event: 4.497 Thread 0x00007f299800d080 Thread added: 0x00007f29f07331b0
Event: 4.896 Thread 0x00007f299800d080 Thread added: 0x00007f29f0802cf0
Event: 4.908 Thread 0x00007f299800d080 Thread added: 0x00007f29f08077c0
Event: 5.982 Thread 0x00007f299800d080 Thread added: 0x00007f29f0964a40
Event: 6.288 Thread 0x00007f299800d080 Thread added: 0x00007f29f09d2f40
Event: 6.484 Thread 0x00007f299800d080 Thread added: 0x00007f29f0a17910
Event: 7.909 Thread 0x00007f299800d080 Thread added: 0x00007f29f0c42ec0
Event: 7.980 Thread 0x00007f299800d080 Thread added: 0x00007f29f0c4fe40
Event: 13.689 Thread 0x00007f299800d080 Thread added: 0x00007f29f10737f0
Event: 13.914 Thread 0x00007f299800d080 Thread added: 0x00007f29f108ab10
Event: 14.891 Thread 0x00007f299800d080 Thread added: 0x00007f29f10a1270
Event: 21.201 Thread 0x00007f299800d080 Thread added: 0x00007f29f1853050
Event: 22.384 Thread 0x00007f299800d080 Thread added: 0x00007f29f19b9ef0


Dynamic libraries:
80000000-8da00000 rw-p 00000000 00:00 0 
a0100000-ffe00000 ---p 00000000 00:00 0 
ffe00000-ffe75000 rw-p 00c7a000 00:25 13853                              /usr/lib/jvm/java-17-openjdk-amd64/lib/server/classes.jsa
ffe75000-fff00000 rw-p 00000000 00:00 0 
fff00000-fff78000 rw-p 00c02000 00:25 13853                              /usr/lib/jvm/java-17-openjdk-amd64/lib/server/classes.jsa
fff78000-100000000 rw-p 00000000 00:00 0 
5559fc9e8000-5559fc9e9000 r--p 00000000 00:25 13495                      /usr/lib/jvm/java-17-openjdk-amd64/bin/java
5559fc9e9000-5559fc9ea000 r-xp 00001000 00:25 13495                      /usr/lib/jvm/java-17-openjdk-amd64/bin/java
5559fc9ea000-5559fc9eb000 r--p 00002000 00:25 13495                      /usr/lib/jvm/java-17-openjdk-amd64/bin/java
5559fc9eb000-5559fc9ec000 r--p 00002000 00:25 13495                      /usr/lib/jvm/java-17-openjdk-amd64/bin/java
5559fc9ec000-5559fc9ed000 rw-p 00003000 00:25 13495                      /usr/lib/jvm/java-17-openjdk-amd64/bin/java
5559fcc4e000-5559fcc95000 rw-p 00000000 00:00 0                          [heap]
7f2980000000-7f2980ac5000 rw-p 00000000 00:00 0 
7f2980ac5000-7f2984000000 ---p 00000000 00:00 0 
7f2984000000-7f2984021000 rw-p 00000000 00:00 0 
7f2984021000-7f2988000000 ---p 00000000 00:00 0 
7f2988000000-7f2988021000 rw-p 00000000 00:00 0 
7f2988021000-7f298c000000 ---p 00000000 00:00 0 
7f298c000000-7f298d767000 rw-p 00000000 00:00 0 
7f298d767000-7f2990000000 ---p 00000000 00:00 0 
7f2990000000-7f2990055000 rw-p 00000000 00:00 0 
7f2990055000-7f2994000000 ---p 00000000 00:00 0 
7f2994000000-7f2994021000 rw-p 00000000 00:00 0 
7f2994021000-7f2998000000 ---p 00000000 00:00 0 
7f2998000000-7f2998022000 rw-p 00000000 00:00 0 
7f2998022000-7f299c000000 ---p 00000000 00:00 0 
7f299c000000-7f299c021000 rw-p 00000000 00:00 0 
7f299c021000-7f29a0000000 ---p 00000000 00:00 0 
7f29a0000000-7f29a0202000 rw-p 00000000 00:00 0 
7f29a0202000-7f29a4000000 ---p 00000000 00:00 0 
7f29a7000000-7f29a7455000 rw-p 00001000 00:25 13853                      /usr/lib/jvm/java-17-openjdk-amd64/lib/server/classes.jsa
7f29a7455000-7f29a7bca000 rw-p 00456000 00:25 13853                      /usr/lib/jvm/java-17-openjdk-amd64/lib/server/classes.jsa
7f29a7bca000-7f29a8000000 ---p 00000000 00:00 0 
7f29a8000000-7f29a8040000 rw-p 00000000 00:00 0 
7f29a8040000-7f29a8080000 rw-p 00000000 00:00 0 
7f29a8080000-7f29a8140000 rw-p 00000000 00:00 0 
7f29a8140000-7f29a8180000 rw-p 00000000 00:00 0 
7f29a8180000-7f29a8440000 rw-p 00000000 00:00 0 
7f29a8440000-7f29a8840000 rw-p 00000000 00:00 0 
7f29a8840000-7f29a8870000 rw-p 00000000 00:00 0 
7f29a8870000-7f29a8880000 ---p 00000000 00:00 0 
7f29a8880000-7f29a88a0000 rw-p 00000000 00:00 0 
7f29a88a0000-7f29e8000000 ---p 00000000 00:00 0 
7f29e8000000-7f29e8021000 rw-p 00000000 00:00 0 
7f29e8021000-7f29ec000000 ---p 00000000 00:00 0 
7f29ec000000-7f29ec400000 rw-p 00000000 00:00 0 
7f29ec400000-7f29ec900000 rw-p 00000000 00:00 0 
7f29ec900000-7f29eca00000 rw-p 00000000 00:00 0 
7f29eca00000-7f29ed3e0000 rw-p 00000000 00:00 0 
7f29ed3e0000-7f29ed400000 rw-p 00000000 00:00 0 
7f29ed400000-7f29ed700000 rw-p 00000000 00:00 0 
7f29ed700000-7f29ed800000 rw-p 00000000 00:00 0 
7f29ed800000-7f29ed900000 rw-p 00000000 00:00 0 
7f29ed900000-7f29eda00000 rw-p 00000000 00:00 0 
7f29eda00000-7f29edb00000 rw-p 00000000 00:00 0 
7f29edb00000-7f29edc00000 rw-p 00000000 00:00 0 
7f29edc00000-7f29eebc0000 rw-p 00000000 00:00 0 
7f29eebc0000-7f29eec00000 rw-p 00000000 00:00 0 
7f29eec00000-7f29ef300000 rw-p 00000000 00:00 0 
7f29ef300000-7f29ef400000 rw-p 00000000 00:00 0 
7f29ef400000-7f29ef420000 rw-p 00000000 00:00 0 
7f29ef420000-7f29ef500000 ---p 00000000 00:00 0 
7f29ef500000-7f29ef550000 rw-p 00000000 00:00 0 
7f29ef550000-7f29f0000000 ---p 00000000 00:00 0 
7f29f0000000-7f29f1a33000 rw-p 00000000 00:00 0 
7f29f1a33000-7f29f4000000 ---p 00000000 00:00 0 
7f29f4f64000-7f29f51f2000 rw-p 00000000 00:00 0 
7f29f51f2000-7f29f51f3000 ---p 00000000 00:00 0 
7f29f51f3000-7f29f51f7000 ---p 00000000 00:00 0 
7f29f51f7000-7f29f52f3000 rw-p 00000000 00:00 0 
7f29f52f3000-7f29f52f4000 ---p 00000000 00:00 0 
7f29f52f4000-7f29f52f8000 ---p 00000000 00:00 0 
7f29f52f8000-7f29f53f4000 rw-p 00000000 00:00 0 
7f29f53f4000-7f29f53f5000 ---p 00000000 00:00 0 
7f29f53f5000-7f29f53f9000 ---p 00000000 00:00 0 
7f29f53f9000-7f29f54f5000 rw-p 00000000 00:00 0 
7f29f54f5000-7f29f54f6000 ---p 00000000 00:00 0 
7f29f54f6000-7f29f54fa000 ---p 00000000 00:00 0 
7f29f54fa000-7f29f55f6000 rw-p 00000000 00:00 0 
7f29f55f6000-7f29f55f7000 ---p 00000000 00:00 0 
7f29f55f7000-7f29f55fb000 ---p 00000000 00:00 0 
7f29f55fb000-7f29f56f7000 rw-p 00000000 00:00 0 
7f29f56f7000-7f29f56f8000 ---p 00000000 00:00 0 
7f29f56f8000-7f29f56fc000 ---p 00000000 00:00 0 
7f29f56fc000-7f29f57f8000 rw-p 00000000 00:00 0 
7f29f57f8000-7f29f57f9000 ---p 00000000 00:00 0 
7f29f57f9000-7f29f57fd000 ---p 00000000 00:00 0 
7f29f57fd000-7f29f58f9000 rw-p 00000000 00:00 0 
7f29f58f9000-7f29f58fa000 ---p 00000000 00:00 0 
7f29f58fa000-7f29f58fe000 ---p 00000000 00:00 0 
7f29f58fe000-7f29f59fa000 rw-p 00000000 00:00 0 
7f29f59fa000-7f29f59fb000 ---p 00000000 00:00 0 
7f29f59fb000-7f29f59ff000 ---p 00000000 00:00 0 
7f29f59ff000-7f29f5afb000 rw-p 00000000 00:00 0 
7f29f5afb000-7f29f5afc000 ---p 00000000 00:00 0 
7f29f5afc000-7f29f5b00000 ---p 00000000 00:00 0 
7f29f5b00000-7f29f5bfc000 rw-p 00000000 00:00 0 
7f29f5bfc000-7f29f5bfd000 ---p 00000000 00:00 0 
7f29f5bfd000-7f29f5c01000 ---p 00000000 00:00 0 
7f29f5c01000-7f29f5cfd000 rw-p 00000000 00:00 0 
7f29f5cfd000-7f29f5cfe000 ---p 00000000 00:00 0 
7f29f5cfe000-7f29f5d02000 ---p 00000000 00:00 0 
7f29f5d02000-7f29f5dfe000 rw-p 00000000 00:00 0 
7f29f5dfe000-7f29f5dff000 ---p 00000000 00:00 0 
7f29f5dff000-7f29f5e03000 ---p 00000000 00:00 0 
7f29f5e03000-7f29f5eff000 rw-p 00000000 00:00 0 
7f29f5eff000-7f29f5f00000 ---p 00000000 00:00 0 
7f29f5f00000-7f29f5f04000 ---p 00000000 00:00 0 
7f29f5f04000-7f29f8000000 rw-p 00000000 00:00 0 
7f29f8000000-7f29f8036000 rw-p 00000000 00:00 0 
7f29f8036000-7f29fc000000 ---p 00000000 00:00 0 
7f29fc000000-7f29fc046000 rw-p 00000000 00:00 0 
7f29fc046000-7f2a00000000 ---p 00000000 00:00 0 
7f2a00000000-7f2a00045000 rw-p 00000000 00:00 0 
7f2a00045000-7f2a04000000 ---p 00000000 00:00 0 
7f2a040f5000-7f2a040f6000 ---p 00000000 00:00 0 
7f2a040f6000-7f2a040fa000 ---p 00000000 00:00 0 
7f2a040fa000-7f2a041f6000 rw-p 00000000 00:00 0 
7f2a041f6000-7f2a041f7000 ---p 00000000 00:00 0 
7f2a041f7000-7f2a041fb000 ---p 00000000 00:00 0 
7f2a041fb000-7f2a042f7000 rw-p 00000000 00:00 0 
7f2a042f7000-7f2a042f8000 ---p 00000000 00:00 0 
7f2a042f8000-7f2a042fc000 ---p 00000000 00:00 0 
7f2a042fc000-7f2a043f8000 rw-p 00000000 00:00 0 
7f2a043f8000-7f2a043f9000 ---p 00000000 00:00 0 
7f2a043f9000-7f2a043fd000 ---p 00000000 00:00 0 
7f2a043fd000-7f2a044f9000 rw-p 00000000 00:00 0 
7f2a044f9000-7f2a044fa000 ---p 00000000 00:00 0 
7f2a044fa000-7f2a044fe000 ---p 00000000 00:00 0 
7f2a044fe000-7f2a045fa000 rw-p 00000000 00:00 0 
7f2a045fa000-7f2a045fb000 ---p 00000000 00:00 0 
7f2a045fb000-7f2a045ff000 ---p 00000000 00:00 0 
7f2a045ff000-7f2a046fb000 rw-p 00000000 00:00 0 
7f2a046fb000-7f2a046fc000 ---p 00000000 00:00 0 
7f2a046fc000-7f2a04700000 ---p 00000000 00:00 0 
7f2a04700000-7f2a047fc000 rw-p 00000000 00:00 0 
7f2a047fc000-7f2a047fd000 ---p 00000000 00:00 0 
7f2a047fd000-7f2a04801000 ---p 00000000 00:00 0 
7f2a04801000-7f2a048fd000 rw-p 00000000 00:00 0 
7f2a048fd000-7f2a048fe000 ---p 00000000 00:00 0 
7f2a048fe000-7f2a04902000 ---p 00000000 00:00 0 
7f2a04902000-7f2a049fe000 rw-p 00000000 00:00 0 
7f2a049fe000-7f2a049ff000 ---p 00000000 00:00 0 
7f2a049ff000-7f2a04a03000 ---p 00000000 00:00 0 
7f2a04a03000-7f2a04aff000 rw-p 00000000 00:00 0 
7f2a04aff000-7f2a04b00000 ---p 00000000 00:00 0 
7f2a04b00000-7f2a04b04000 ---p 00000000 00:00 0 
7f2a04b04000-7f2a04c00000 rw-p 00000000 00:00 0 
7f2a04c00000-7f2a04c53000 r-xp 00000000 fe:00 393840                     /root/.gradle/native/100fb08df4bc3b14c8652ba06237920a3bd2aa13389f12d3474272988ae205f9/linux-amd64/libnative-platform-file-events.so
7f2a04c53000-7f2a04e52000 ---p 00053000 fe:00 393840                     /root/.gradle/native/100fb08df4bc3b14c8652ba06237920a3bd2aa13389f12d3474272988ae205f9/linux-amd64/libnative-platform-file-events.so
7f2a04e52000-7f2a04e53000 r--p 00052000 fe:00 393840                     /root/.gradle/native/100fb08df4bc3b14c8652ba06237920a3bd2aa13389f12d3474272988ae205f9/linux-amd64/libnative-platform-file-events.so
7f2a04e53000-7f2a04e55000 rw-p 00053000 fe:00 393840                     /root/.gradle/native/100fb08df4bc3b14c8652ba06237920a3bd2aa13389f12d3474272988ae205f9/linux-amd64/libnative-platform-file-events.so
7f2a04eff000-7f2a04f00000 ---p 00000000 00:00 0 
7f2a04f00000-7f2a04f04000 ---p 00000000 00:00 0 
7f2a04f04000-7f2a05000000 rw-p 00000000 00:00 0 
7f2a05000000-7f2a05005000 r-xp 00000000 fe:00 393821                     /root/.gradle/native/c067742578af261105cb4f569cf0c3c89f3d7b1fecec35dd04571415982c5e48/linux-amd64/libnative-platform.so
7f2a05005000-7f2a05205000 ---p 00005000 fe:00 393821                     /root/.gradle/native/c067742578af261105cb4f569cf0c3c89f3d7b1fecec35dd04571415982c5e48/linux-amd64/libnative-platform.so
7f2a05205000-7f2a05206000 r--p 00005000 fe:00 393821                     /root/.gradle/native/c067742578af261105cb4f569cf0c3c89f3d7b1fecec35dd04571415982c5e48/linux-amd64/libnative-platform.so
7f2a05206000-7f2a05207000 rw-p 00006000 fe:00 393821                     /root/.gradle/native/c067742578af261105cb4f569cf0c3c89f3d7b1fecec35dd04571415982c5e48/linux-amd64/libnative-platform.so
7f2a0520e000-7f2a0520f000 ---p 00000000 00:00 0 
7f2a0520f000-7f2a0530f000 rw-p 00000000 00:00 0 
7f2a0530f000-7f2a05310000 ---p 00000000 00:00 0 
7f2a05310000-7f2a05410000 rw-p 00000000 00:00 0 
7f2a05410000-7f2a05411000 ---p 00000000 00:00 0 
7f2a05411000-7f2a05879000 rw-p 00000000 00:00 0 
7f2a05879000-7f2a07509000 ---p 00000000 00:00 0 
7f2a07509000-7f2a07879000 rw-p 00000000 00:00 0 
7f2a07879000-7f2a09509000 ---p 00000000 00:00 0 
7f2a09509000-7f2a09511000 rw-p 00000000 00:00 0 
7f2a09511000-7f2a0a381000 rwxp 00000000 00:00 0 
7f2a0a381000-7f2a10a49000 ---p 00000000 00:00 0 
7f2a10a49000-7f2a10cb9000 rwxp 00000000 00:00 0 
7f2a10cb9000-7f2a10fd8000 ---p 00000000 00:00 0 
7f2a10fd8000-7f2a11388000 rwxp 00000000 00:00 0 
7f2a11388000-7f2a18511000 ---p 00000000 00:00 0 
7f2a18511000-7f2a20000000 r--s 00000000 00:25 13844                      /usr/lib/jvm/java-17-openjdk-amd64/lib/modules
7f2a20000000-7f2a213f1000 rw-p 00000000 00:00 0 
7f2a213f1000-7f2a24000000 ---p 00000000 00:00 0 
7f2a24059000-7f2a2405a000 r--p 00000000 00:25 13813                      /usr/lib/jvm/java-17-openjdk-amd64/lib/libextnet.so
7f2a2405a000-7f2a2405b000 r-xp 00001000 00:25 13813                      /usr/lib/jvm/java-17-openjdk-amd64/lib/libextnet.so
7f2a2405b000-7f2a2405c000 r--p 00002000 00:25 13813                      /usr/lib/jvm/java-17-openjdk-amd64/lib/libextnet.so
7f2a2405c000-7f2a2405d000 r--p 00002000 00:25 13813                      /usr/lib/jvm/java-17-openjdk-amd64/lib/libextnet.so
7f2a2405d000-7f2a2405e000 rw-p 00003000 00:25 13813                      /usr/lib/jvm/java-17-openjdk-amd64/lib/libextnet.so
7f2a2405e000-7f2a24060000 r--p 00000000 00:25 13832                      /usr/lib/jvm/java-17-openjdk-amd64/lib/libmanagement_ext.so
7f2a24060000-7f2a24063000 r-xp 00002000 00:25 13832                      /usr/lib/jvm/java-17-openjdk-amd64/lib/libmanagement_ext.so
7f2a24063000-7f2a24064000 r--p 00005000 00:25 13832                      /usr/lib/jvm/java-17-openjdk-amd64/lib/libmanagement_ext.so
7f2a24064000-7f2a24065000 r--p 00006000 00:25 13832                      /usr/lib/jvm/java-17-openjdk-amd64/lib/libmanagement_ext.so
7f2a24065000-7f2a24066000 rw-p 00007000 00:25 13832                      /usr/lib/jvm/java-17-openjdk-amd64/lib/libmanagement_ext.so
7f2a24066000-7f2a24067000 r--p 00000000 00:25 18162                      /usr/lib/x86_64-linux-gnu/libpthread.so.0
7f2a24067000-7f2a24068000 r-xp 00001000 00:25 18162                      /usr/lib/x86_64-linux-gnu/libpthread.so.0
7f2a24068000-7f2a24069000 r--p 00002000 00:25 18162                      /usr/lib/x86_64-linux-gnu/libpthread.so.0
7f2a24069000-7f2a2406a000 r--p 00002000 00:25 18162                      /usr/lib/x86_64-linux-gnu/libpthread.so.0
7f2a2406a000-7f2a2406b000 rw-p 00003000 00:25 18162                      /usr/lib/x86_64-linux-gnu/libpthread.so.0
7f2a2406b000-7f2a2406f000 r--p 00000000 00:25 13842                      /usr/lib/jvm/java-17-openjdk-amd64/lib/libverify.so
7f2a2406f000-7f2a24076000 r-xp 00004000 00:25 13842                      /usr/lib/jvm/java-17-openjdk-amd64/lib/libverify.so
7f2a24076000-7f2a24078000 r--p 0000b000 00:25 13842                      /usr/lib/jvm/java-17-openjdk-amd64/lib/libverify.so
7f2a24078000-7f2a2407a000 r--p 0000c000 00:25 13842                      /usr/lib/jvm/java-17-openjdk-amd64/lib/libverify.so
7f2a2407a000-7f2a2407b000 rw-p 0000e000 00:25 13842                      /usr/lib/jvm/java-17-openjdk-amd64/lib/libverify.so
7f2a2407b000-7f2a2407c000 ---p 00000000 00:00 0 
7f2a2407c000-7f2a24080000 ---p 00000000 00:00 0 
7f2a24080000-7f2a2417c000 rw-p 00000000 00:00 0 
7f2a2417c000-7f2a24180000 r--p 00000000 00:25 13834                      /usr/lib/jvm/java-17-openjdk-amd64/lib/libnet.so
7f2a24180000-7f2a2418e000 r-xp 00004000 00:25 13834                      /usr/lib/jvm/java-17-openjdk-amd64/lib/libnet.so
7f2a2418e000-7f2a24192000 r--p 00012000 00:25 13834                      /usr/lib/jvm/java-17-openjdk-amd64/lib/libnet.so
7f2a24192000-7f2a24193000 r--p 00015000 00:25 13834                      /usr/lib/jvm/java-17-openjdk-amd64/lib/libnet.so
7f2a24193000-7f2a24194000 rw-p 00016000 00:25 13834                      /usr/lib/jvm/java-17-openjdk-amd64/lib/libnet.so
7f2a24194000-7f2a24195000 ---p 00000000 00:00 0 
7f2a24195000-7f2a24199000 ---p 00000000 00:00 0 
7f2a24199000-7f2a24295000 rw-p 00000000 00:00 0 
7f2a24295000-7f2a24296000 ---p 00000000 00:00 0 
7f2a24296000-7f2a2429a000 ---p 00000000 00:00 0 
7f2a2429a000-7f2a24396000 rw-p 00000000 00:00 0 
7f2a24396000-7f2a24397000 ---p 00000000 00:00 0 
7f2a24397000-7f2a2439b000 ---p 00000000 00:00 0 
7f2a2439b000-7f2a24497000 rw-p 00000000 00:00 0 
7f2a24497000-7f2a24498000 ---p 00000000 00:00 0 
7f2a24498000-7f2a2449c000 ---p 00000000 00:00 0 
7f2a2449c000-7f2a24598000 rw-p 00000000 00:00 0 
7f2a24598000-7f2a24599000 ---p 00000000 00:00 0 
7f2a24599000-7f2a2459d000 ---p 00000000 00:00 0 
7f2a2459d000-7f2a24699000 rw-p 00000000 00:00 0 
7f2a24699000-7f2a2469a000 ---p 00000000 00:00 0 
7f2a2469a000-7f2a2469e000 ---p 00000000 00:00 0 
7f2a2469e000-7f2a2479a000 rw-p 00000000 00:00 0 
7f2a2479a000-7f2a2479b000 ---p 00000000 00:00 0 
7f2a2479b000-7f2a2479f000 ---p 00000000 00:00 0 
7f2a2479f000-7f2a2489b000 rw-p 00000000 00:00 0 
7f2a2489b000-7f2a248f2000 r--p 00000000 00:25 13893                      /usr/lib/locale/C.utf8/LC_CTYPE
7f2a248f2000-7f2a248f3000 ---p 00000000 00:00 0 
7f2a248f3000-7f2a248f7000 ---p 00000000 00:00 0 
7f2a248f7000-7f2a249f3000 rw-p 00000000 00:00 0 
7f2a249f3000-7f2a249f4000 ---p 00000000 00:00 0 
7f2a249f4000-7f2a249f8000 ---p 00000000 00:00 0 
7f2a249f8000-7f2a24af4000 rw-p 00000000 00:00 0 
7f2a24af4000-7f2a24af5000 ---p 00000000 00:00 0 
7f2a24af5000-7f2a24bf5000 rw-p 00000000 00:00 0 
7f2a24bf5000-7f2a24bfa000 r--p 00000000 00:25 13828                      /usr/lib/jvm/java-17-openjdk-amd64/lib/libjsvml.so
7f2a24bfa000-7f2a24c3b000 r-xp 00005000 00:25 13828                      /usr/lib/jvm/java-17-openjdk-amd64/lib/libjsvml.so
7f2a24c3b000-7f2a24cc4000 r--p 00046000 00:25 13828                      /usr/lib/jvm/java-17-openjdk-amd64/lib/libjsvml.so
7f2a24cc4000-7f2a24cc5000 r--p 000ce000 00:25 13828                      /usr/lib/jvm/java-17-openjdk-amd64/lib/libjsvml.so
7f2a24cc5000-7f2a24cc6000 rw-p 000cf000 00:25 13828                      /usr/lib/jvm/java-17-openjdk-amd64/lib/libjsvml.so
7f2a24cc6000-7f2a24de3000 rw-p 00000000 00:00 0 
7f2a24de6000-7f2a24de8000 r--p 00000000 00:25 13830                      /usr/lib/jvm/java-17-openjdk-amd64/lib/libmanagement.so
7f2a24de8000-7f2a24de9000 r-xp 00002000 00:25 13830                      /usr/lib/jvm/java-17-openjdk-amd64/lib/libmanagement.so
7f2a24de9000-7f2a24dea000 r--p 00003000 00:25 13830                      /usr/lib/jvm/java-17-openjdk-amd64/lib/libmanagement.so
7f2a24dea000-7f2a24deb000 r--p 00003000 00:25 13830                      /usr/lib/jvm/java-17-openjdk-amd64/lib/libmanagement.so
7f2a24deb000-7f2a24dec000 rw-p 00004000 00:25 13830                      /usr/lib/jvm/java-17-openjdk-amd64/lib/libmanagement.so
7f2a24dec000-7f2a24df3000 r--p 00000000 00:25 13835                      /usr/lib/jvm/java-17-openjdk-amd64/lib/libnio.so
7f2a24df3000-7f2a24dfc000 r-xp 00007000 00:25 13835                      /usr/lib/jvm/java-17-openjdk-amd64/lib/libnio.so
7f2a24dfc000-7f2a24e00000 r--p 00010000 00:25 13835                      /usr/lib/jvm/java-17-openjdk-amd64/lib/libnio.so
7f2a24e00000-7f2a24e01000 r--p 00014000 00:25 13835                      /usr/lib/jvm/java-17-openjdk-amd64/lib/libnio.so
7f2a24e01000-7f2a24e02000 rw-p 00015000 00:25 13835                      /usr/lib/jvm/java-17-openjdk-amd64/lib/libnio.so
7f2a24e02000-7f2a24e04000 r--p 00000000 00:25 13843                      /usr/lib/jvm/java-17-openjdk-amd64/lib/libzip.so
7f2a24e04000-7f2a24e08000 r-xp 00002000 00:25 13843                      /usr/lib/jvm/java-17-openjdk-amd64/lib/libzip.so
7f2a24e08000-7f2a24e0a000 r--p 00006000 00:25 13843                      /usr/lib/jvm/java-17-openjdk-amd64/lib/libzip.so
7f2a24e0a000-7f2a24e0b000 r--p 00007000 00:25 13843                      /usr/lib/jvm/java-17-openjdk-amd64/lib/libzip.so
7f2a24e0b000-7f2a24e0c000 rw-p 00008000 00:25 13843                      /usr/lib/jvm/java-17-openjdk-amd64/lib/libzip.so
7f2a24e0c000-7f2a24e0d000 r--p 00000000 00:25 13899                      /usr/lib/locale/C.utf8/LC_NUMERIC
7f2a24e0d000-7f2a24e0e000 r--p 00000000 00:25 13902                      /usr/lib/locale/C.utf8/LC_TIME
7f2a24e0e000-7f2a24e0f000 r--p 00000000 00:25 13892                      /usr/lib/locale/C.utf8/LC_COLLATE
7f2a24e0f000-7f2a24e10000 r--p 00000000 00:25 13897                      /usr/lib/locale/C.utf8/LC_MONETARY
7f2a24e10000-7f2a24e11000 r--p 00000000 00:25 13896                      /usr/lib/locale/C.utf8/LC_MESSAGES/SYS_LC_MESSAGES
7f2a24e11000-7f2a24e12000 r--p 00000000 00:25 13900                      /usr/lib/locale/C.utf8/LC_PAPER
7f2a24e12000-7f2a24e13000 r--p 00000000 00:25 13898                      /usr/lib/locale/C.utf8/LC_NAME
7f2a24e13000-7f2a24e1a000 r--s 00000000 00:25 17585                      /usr/lib/x86_64-linux-gnu/gconv/gconv-modules.cache
7f2a24e1a000-7f2a24e1b000 ---p 00000000 00:00 0 
7f2a24e1b000-7f2a24f1b000 rw-p 00000000 00:00 0 
7f2a24f1b000-7f2a24f1c000 ---p 00000000 00:00 0 
7f2a24f1c000-7f2a2521e000 rw-p 00000000 00:00 0 
7f2a2521e000-7f2a2521f000 ---p 00000000 00:00 0 
7f2a2521f000-7f2a2531f000 rw-p 00000000 00:00 0 
7f2a2531f000-7f2a25320000 ---p 00000000 00:00 0 
7f2a25320000-7f2a25420000 rw-p 00000000 00:00 0 
7f2a25420000-7f2a25421000 ---p 00000000 00:00 0 
7f2a25421000-7f2a255d3000 rw-p 00000000 00:00 0 
7f2a255d3000-7f2a25965000 ---p 00000000 00:00 0 
7f2a25965000-7f2a259d3000 rw-p 00000000 00:00 0 
7f2a259d3000-7f2a25d65000 ---p 00000000 00:00 0 
7f2a25d65000-7f2a25dd3000 rw-p 00000000 00:00 0 
7f2a25dd3000-7f2a26165000 ---p 00000000 00:00 0 
7f2a26165000-7f2a26370000 rw-p 00000000 00:00 0 
7f2a26370000-7f2a26453000 ---p 00000000 00:00 0 
7f2a26453000-7f2a26470000 rw-p 00000000 00:00 0 
7f2a26470000-7f2a2653e000 ---p 00000000 00:00 0 
7f2a2653e000-7f2a26543000 rw-p 00000000 00:00 0 
7f2a26543000-7f2a2654a000 ---p 00000000 00:00 0 
7f2a2654a000-7f2a26552000 rw-s 00000000 fe:00 410973                     /tmp/hsperfdata_root/3491
7f2a26552000-7f2a2655e000 r--p 00000000 00:25 13820                      /usr/lib/jvm/java-17-openjdk-amd64/lib/libjava.so
7f2a2655e000-7f2a2656f000 r-xp 0000c000 00:25 13820                      /usr/lib/jvm/java-17-openjdk-amd64/lib/libjava.so
7f2a2656f000-7f2a26575000 r--p 0001d000 00:25 13820                      /usr/lib/jvm/java-17-openjdk-amd64/lib/libjava.so
7f2a26575000-7f2a26576000 r--p 00022000 00:25 13820                      /usr/lib/jvm/java-17-openjdk-amd64/lib/libjava.so
7f2a26576000-7f2a26577000 rw-p 00023000 00:25 13820                      /usr/lib/jvm/java-17-openjdk-amd64/lib/libjava.so
7f2a26577000-7f2a26578000 rw-p 00000000 00:00 0 
7f2a26578000-7f2a26579000 r--p 00000000 00:25 13815                      /usr/lib/jvm/java-17-openjdk-amd64/lib/libinstrument.so
7f2a26579000-7f2a2657f000 r-xp 00001000 00:25 13815                      /usr/lib/jvm/java-17-openjdk-amd64/lib/libinstrument.so
7f2a2657f000-7f2a26582000 r--p 00007000 00:25 13815                      /usr/lib/jvm/java-17-openjdk-amd64/lib/libinstrument.so
7f2a26582000-7f2a26583000 r--p 00009000 00:25 13815                      /usr/lib/jvm/java-17-openjdk-amd64/lib/libinstrument.so
7f2a26583000-7f2a26584000 rw-p 0000a000 00:25 13815                      /usr/lib/jvm/java-17-openjdk-amd64/lib/libinstrument.so
7f2a26584000-7f2a26586000 r--p 00000000 00:25 13824                      /usr/lib/jvm/java-17-openjdk-amd64/lib/libjimage.so
7f2a26586000-7f2a26589000 r-xp 00002000 00:25 13824                      /usr/lib/jvm/java-17-openjdk-amd64/lib/libjimage.so
7f2a26589000-7f2a2658a000 r--p 00005000 00:25 13824                      /usr/lib/jvm/java-17-openjdk-amd64/lib/libjimage.so
7f2a2658a000-7f2a2658b000 r--p 00006000 00:25 13824                      /usr/lib/jvm/java-17-openjdk-amd64/lib/libjimage.so
7f2a2658b000-7f2a2658c000 rw-p 00007000 00:25 13824                      /usr/lib/jvm/java-17-openjdk-amd64/lib/libjimage.so
7f2a2658c000-7f2a26590000 ---p 00000000 00:00 0 
7f2a26590000-7f2a2668c000 rw-p 00000000 00:00 0 
7f2a2668c000-7f2a2668f000 r--p 00000000 00:25 17971                      /usr/lib/x86_64-linux-gnu/libgcc_s.so.1
7f2a2668f000-7f2a266a6000 r-xp 00003000 00:25 17971                      /usr/lib/x86_64-linux-gnu/libgcc_s.so.1
7f2a266a6000-7f2a266aa000 r--p 0001a000 00:25 17971                      /usr/lib/x86_64-linux-gnu/libgcc_s.so.1
7f2a266aa000-7f2a266ab000 r--p 0001d000 00:25 17971                      /usr/lib/x86_64-linux-gnu/libgcc_s.so.1
7f2a266ab000-7f2a266ac000 rw-p 0001e000 00:25 17971                      /usr/lib/x86_64-linux-gnu/libgcc_s.so.1
7f2a266ac000-7f2a266bc000 r--p 00000000 00:25 18072                      /usr/lib/x86_64-linux-gnu/libm.so.6
7f2a266bc000-7f2a26730000 r-xp 00010000 00:25 18072                      /usr/lib/x86_64-linux-gnu/libm.so.6
7f2a26730000-7f2a2678a000 r--p 00084000 00:25 18072                      /usr/lib/x86_64-linux-gnu/libm.so.6
7f2a2678a000-7f2a2678b000 r--p 000dd000 00:25 18072                      /usr/lib/x86_64-linux-gnu/libm.so.6
7f2a2678b000-7f2a2678c000 rw-p 000de000 00:25 18072                      /usr/lib/x86_64-linux-gnu/libm.so.6
7f2a2678c000-7f2a26825000 r--p 00000000 00:25 18239                      /usr/lib/x86_64-linux-gnu/libstdc++.so.6.0.30
7f2a26825000-7f2a26926000 r-xp 00099000 00:25 18239                      /usr/lib/x86_64-linux-gnu/libstdc++.so.6.0.30
7f2a26926000-7f2a26995000 r--p 0019a000 00:25 18239                      /usr/lib/x86_64-linux-gnu/libstdc++.so.6.0.30
7f2a26995000-7f2a269a0000 r--p 00209000 00:25 18239                      /usr/lib/x86_64-linux-gnu/libstdc++.so.6.0.30
7f2a269a0000-7f2a269a3000 rw-p 00214000 00:25 18239                      /usr/lib/x86_64-linux-gnu/libstdc++.so.6.0.30
7f2a269a3000-7f2a269a6000 rw-p 00000000 00:00 0 
7f2a269a6000-7f2a26bf7000 r--p 00000000 00:25 13856                      /usr/lib/jvm/java-17-openjdk-amd64/lib/server/libjvm.so
7f2a26bf7000-7f2a27949000 r-xp 00251000 00:25 13856                      /usr/lib/jvm/java-17-openjdk-amd64/lib/server/libjvm.so
7f2a27949000-7f2a27bcb000 r--p 00fa3000 00:25 13856                      /usr/lib/jvm/java-17-openjdk-amd64/lib/server/libjvm.so
7f2a27bcb000-7f2a27c83000 r--p 01225000 00:25 13856                      /usr/lib/jvm/java-17-openjdk-amd64/lib/server/libjvm.so
7f2a27c83000-7f2a27cb8000 rw-p 012dd000 00:25 13856                      /usr/lib/jvm/java-17-openjdk-amd64/lib/server/libjvm.so
7f2a27cb8000-7f2a27d14000 rw-p 00000000 00:00 0 
7f2a27d14000-7f2a27d3a000 r--p 00000000 00:25 17860                      /usr/lib/x86_64-linux-gnu/libc.so.6
7f2a27d3a000-7f2a27e90000 r-xp 00026000 00:25 17860                      /usr/lib/x86_64-linux-gnu/libc.so.6
7f2a27e90000-7f2a27ee3000 r--p 0017c000 00:25 17860                      /usr/lib/x86_64-linux-gnu/libc.so.6
7f2a27ee3000-7f2a27ee7000 r--p 001cf000 00:25 17860                      /usr/lib/x86_64-linux-gnu/libc.so.6
7f2a27ee7000-7f2a27ee9000 rw-p 001d3000 00:25 17860                      /usr/lib/x86_64-linux-gnu/libc.so.6
7f2a27ee9000-7f2a27ef6000 rw-p 00000000 00:00 0 
7f2a27ef6000-7f2a27ef8000 r--p 00000000 00:25 13825                      /usr/lib/jvm/java-17-openjdk-amd64/lib/libjli.so
7f2a27ef8000-7f2a27f01000 r-xp 00002000 00:25 13825                      /usr/lib/jvm/java-17-openjdk-amd64/lib/libjli.so
7f2a27f01000-7f2a27f04000 r--p 0000b000 00:25 13825                      /usr/lib/jvm/java-17-openjdk-amd64/lib/libjli.so
7f2a27f04000-7f2a27f05000 r--p 0000d000 00:25 13825                      /usr/lib/jvm/java-17-openjdk-amd64/lib/libjli.so
7f2a27f05000-7f2a27f06000 rw-p 0000e000 00:25 13825                      /usr/lib/jvm/java-17-openjdk-amd64/lib/libjli.so
7f2a27f06000-7f2a27f09000 r--p 00000000 00:25 1006                       /usr/lib/x86_64-linux-gnu/libz.so.1.2.13
7f2a27f09000-7f2a27f1c000 r-xp 00003000 00:25 1006                       /usr/lib/x86_64-linux-gnu/libz.so.1.2.13
7f2a27f1c000-7f2a27f23000 r--p 00016000 00:25 1006                       /usr/lib/x86_64-linux-gnu/libz.so.1.2.13
7f2a27f23000-7f2a27f24000 r--p 0001c000 00:25 1006                       /usr/lib/x86_64-linux-gnu/libz.so.1.2.13
7f2a27f24000-7f2a27f25000 rw-p 0001d000 00:25 1006                       /usr/lib/x86_64-linux-gnu/libz.so.1.2.13
7f2a27f25000-7f2a27f26000 r--p 00000000 00:25 13891                      /usr/lib/locale/C.utf8/LC_ADDRESS
7f2a27f26000-7f2a27f27000 r--p 00000000 00:25 13901                      /usr/lib/locale/C.utf8/LC_TELEPHONE
7f2a27f27000-7f2a27f28000 r--p 00000000 00:25 13895                      /usr/lib/locale/C.utf8/LC_MEASUREMENT
7f2a27f28000-7f2a27f29000 r--p 00000000 00:25 13894                      /usr/lib/locale/C.utf8/LC_IDENTIFICATION
7f2a27f29000-7f2a27f2a000 ---p 00000000 00:00 0 
7f2a27f2a000-7f2a27f2b000 r--p 00000000 00:00 0 
7f2a27f2b000-7f2a27f2c000 ---p 00000000 00:00 0 
7f2a27f2c000-7f2a27f2e000 rw-p 00000000 00:00 0 
7f2a27f2e000-7f2a27f2f000 r--p 00000000 00:25 17646                      /usr/lib/x86_64-linux-gnu/ld-linux-x86-64.so.2
7f2a27f2f000-7f2a27f55000 r-xp 00001000 00:25 17646                      /usr/lib/x86_64-linux-gnu/ld-linux-x86-64.so.2
7f2a27f55000-7f2a27f5f000 r--p 00027000 00:25 17646                      /usr/lib/x86_64-linux-gnu/ld-linux-x86-64.so.2
7f2a27f5f000-7f2a27f61000 r--p 00031000 00:25 17646                      /usr/lib/x86_64-linux-gnu/ld-linux-x86-64.so.2
7f2a27f61000-7f2a27f63000 rw-p 00033000 00:25 17646                      /usr/lib/x86_64-linux-gnu/ld-linux-x86-64.so.2
7ffd54e17000-7ffd54e38000 rw-p 00000000 00:00 0                          [stack]
7ffd54f03000-7ffd54f06000 r--p 00000000 00:00 0                          [vvar]
7ffd54f06000-7ffd54f08000 r-xp 00000000 00:00 0                          [vdso]
ffffffffff600000-ffffffffff601000 r-xp 00000000 00:00 0                  [vsyscall]


VM Arguments:
jvm_args: --add-opens=java.base/java.lang=ALL-UNNAMED --add-opens=java.base/java.lang.invoke=ALL-UNNAMED --add-opens=java.base/java.util=ALL-UNNAMED --add-opens=java.prefs/java.util.prefs=ALL-UNNAMED --add-exports=jdk.compiler/com.sun.tools.javac.api=ALL-UNNAMED --add-exports=jdk.compiler/com.sun.tools.javac.util=ALL-UNNAMED --add-opens=java.base/java.util=ALL-UNNAMED --add-opens=java.prefs/java.util.prefs=ALL-UNNAMED --add-opens=java.base/java.nio.charset=ALL-UNNAMED --add-opens=java.base/java.net=ALL-UNNAMED --add-opens=java.base/java.util.concurrent.atomic=ALL-UNNAMED --add-opens=java.xml/javax.xml.namespace=ALL-UNNAMED -Xmx2g -Dfile.encoding=UTF-8 -Duser.country -Duser.language=en -Duser.variant -javaagent:/tmp/gradle-8.11.1/lib/agents/gradle-instrumentation-agent-8.11.1.jar 
java_command: org.gradle.launcher.daemon.bootstrap.GradleDaemon 8.11.1
java_class_path (initial): /tmp/gradle-8.11.1/lib/gradle-daemon-main-8.11.1.jar
Launcher Type: SUN_STANDARD

[Global flags]
     intx CICompilerCount                          = 2                                         {product} {ergonomic}
     uint ConcGCThreads                            = 1                                         {product} {ergonomic}
     uint G1ConcRefinementThreads                  = 2                                         {product} {ergonomic}
   size_t G1HeapRegionSize                         = 1048576                                   {product} {ergonomic}
    uintx GCDrainStackTargetSize                   = 64                                        {product} {ergonomic}
   size_t InitialHeapSize                          = 33554432                                  {product} {ergonomic}
   size_t MarkStackSize                            = 4194304                                   {product} {ergonomic}
   size_t MaxHeapSize                              = 2147483648                                {product} {command line}
   size_t MaxNewSize                               = 1287651328                                {product} {ergonomic}
   size_t MinHeapDeltaBytes                        = 1048576                                   {product} {ergonomic}
   size_t MinHeapSize                              = 8388608                                   {product} {ergonomic}
    uintx NonNMethodCodeHeapSize                   = 5826188                                {pd product} {ergonomic}
    uintx NonProfiledCodeHeapSize                  = 122916026                              {pd product} {ergonomic}
    uintx ProfiledCodeHeapSize                     = 122916026                              {pd product} {ergonomic}
    uintx ReservedCodeCacheSize                    = 251658240                              {pd product} {ergonomic}
     bool SegmentedCodeCache                       = true                                      {product} {ergonomic}
   size_t SoftMaxHeapSize                          = 2147483648                             {manageable} {ergonomic}
     bool UseCompressedClassPointers               = true                           {product lp64_product} {ergonomic}
     bool UseCompressedOops                        = true                           {product lp64_product} {ergonomic}
     bool UseG1GC                                  = true                                      {product} {ergonomic}

Logging:
Log output configuration:
 #0: stdout all=warning uptime,level,tags
 #1: stderr all=off uptime,level,tags

Environment Variables:
PATH=/usr/local/sbin:/usr/local/bin:/usr/sbin:/usr/bin:/sbin:/bin
SHELL=/bin/bash
LANG=C.UTF-8
LC_ALL=C.UTF-8
TERM=tmux-256color

Active Locale:
LC_ALL=C.UTF-8
LC_COLLATE=C.UTF-8
LC_CTYPE=C.UTF-8
LC_MESSAGES=C.UTF-8
LC_MONETARY=C.UTF-8
LC_NUMERIC=C.UTF-8
LC_TIME=C.UTF-8

Signal Handlers:
   SIGSEGV: crash_handler in libjvm.so, mask=11100100010111111101111111111110, flags=SA_RESTART|SA_SIGINFO, unblocked
    SIGBUS: crash_handler in libjvm.so, mask=11100100010111111101111111111110, flags=SA_RESTART|SA_SIGINFO, unblocked
    SIGFPE: crash_handler in libjvm.so, mask=11100100010111111101111111111110, flags=SA_RESTART|SA_SIGINFO, unblocked
   SIGPIPE: javaSignalHandler in libjvm.so, mask=11100100010111111101111111111110, flags=SA_RESTART|SA_SIGINFO, unblocked
   SIGXFSZ: javaSignalHandler in libjvm.so, mask=11100100010111111101111111111110, flags=SA_RESTART|SA_SIGINFO, unblocked
    SIGILL: crash_handler in libjvm.so, mask=11100100010111111101111111111110, flags=SA_RESTART|SA_SIGINFO, unblocked
   SIGUSR2: SR_handler in libjvm.so, mask=00100000000000000000000000000000, flags=SA_RESTART|SA_SIGINFO, unblocked
    SIGHUP: UserHandler in libjvm.so, mask=11100100010111111101111111111110, flags=SA_RESTART|SA_SIGINFO, unblocked
    SIGINT: UserHandler in libjvm.so, mask=11100100010111111101111111111110, flags=SA_RESTART|SA_SIGINFO, unblocked
   SIGTERM: UserHandler in libjvm.so, mask=11100100010111111101111111111110, flags=SA_RESTART|SA_SIGINFO, unblocked
   SIGQUIT: UserHandler in libjvm.so, mask=11100100010111111101111111111110, flags=SA_RESTART|SA_SIGINFO, unblocked
   SIGTRAP: crash_handler in libjvm.so, mask=11100100010111111101111111111110, flags=SA_RESTART|SA_SIGINFO, unblocked


Periodic native trim disabled


---------------  S Y S T E M  ---------------

OS:
PRETTY_NAME="Debian GNU/Linux 12 (bookworm)"
NAME="Debian GNU/Linux"
VERSION_ID="12"
VERSION="12 (bookworm)"
VERSION_CODENAME=bookworm
ID=debian
HOME_URL="https://www.debian.org/"
SUPPORT_URL="https://www.debian.org/support"
BUG_REPORT_URL="https://bugs.debian.org/"
uname: Linux 4.19.91-c8dfc93.al7.x86_64 #1 SMP Tue Sep 26 10:25:51 UTC 2023 x86_64
OS uptime: 0 days 0:16 hours
libc: glibc 2.36 NPTL 2.36 
rlimit (soft/hard): STACK 8192k/infinity , CORE 0k/0k , NPROC 100000/100000 , NOFILE 100000/100000 , AS infinity/infinity , CPU infinity/infinity , DATA infinity/infinity , FSIZE infinity/infinity , MEMLOCK 64k/64k
load average: 2.90 2.24 1.18

/proc/meminfo:
MemTotal:        2152516 kB
MemFree:           33588 kB
MemAvailable:     176460 kB
Buffers:           19132 kB
Cached:           171696 kB
SwapCached:            0 kB
Active:          1922732 kB
Inactive:         102296 kB
Active(anon):    1834364 kB
Inactive(anon):       16 kB
Active(file):      88368 kB
Inactive(file):   102280 kB
Unevictable:           0 kB
Mlocked:               0 kB
SwapTotal:             0 kB
SwapFree:              0 kB
Dirty:              3008 kB
Writeback:             0 kB
AnonPages:       1834360 kB
Mapped:            29844 kB
Shmem:                32 kB
Slab:              41604 kB
SReclaimable:      27932 kB
SUnreclaim:        13672 kB
KernelStack:        4096 kB
PageTables:         6048 kB
NFS_Unstable:          0 kB
Bounce:                0 kB
WritebackTmp:          0 kB
CommitLimit:     1076256 kB
Committed_AS:    2193540 kB
VmallocTotal:   34359738367 kB
VmallocUsed:           0 kB
VmallocChunk:          0 kB
Percpu:              384 kB
AnonHugePages:    391168 kB
ShmemHugePages:        0 kB
ShmemPmdMapped:        0 kB
HugePages_Total:       0
HugePages_Free:        0
HugePages_Rsvd:        0
HugePages_Surp:        0
Hugepagesize:       2048 kB
Hugetlb:               0 kB
DirectMap4k:        8192 kB
DirectMap2M:     2523136 kB
DirectMap1G:           0 kB

/sys/kernel/mm/transparent_hugepage/enabled: [always] madvise never
/sys/kernel/mm/transparent_hugepage/hpage_pmd_size: 2097152
/sys/kernel/mm/transparent_hugepage/defrag (defrag/compaction efforts parameter): always defer defer+madvise madvise [never]

Process Memory:
Virtual Size: 4480444K (peak: 4779908K)
Resident Set Size: 362472K (peak: 362472K) (anon: 338636K, file: 23836K, shmem: 0K)
Swapped out: 0K
C-Heap outstanding allocations: 73819K, retained: 14888K
glibc malloc tunables: (default)

/proc/sys/kernel/threads-max (system-wide limit on the number of threads): 1129
/proc/sys/vm/max_map_count (maximum number of memory map areas a process may have): 65530
/proc/sys/vm/swappiness (control to define how aggressively the kernel swaps out anonymous memory): 60
/proc/sys/kernel/pid_max (system-wide limit on number of process identifiers): 32768

container (cgroup) information:
container_type: cgroupv1
cpu_cpuset_cpus: 0-1
cpu_memory_nodes: 0
active_processor_count: 2
cpu_quota: no quota
cpu_period: 100000
cpu_shares: 12288
memory_limit_in_bytes: 2097152 k
memory_and_swap_limit_in_bytes: unlimited
memory_soft_limit_in_bytes: unlimited
memory_usage_in_bytes: 2057392 k
memory_max_usage_in_bytes: 2064052 k
rss_usage_in_bytes: 1827636 k
cache_usage_in_bytes: 190532 k
kernel_memory_limit_in_bytes: unlimited
kernel_memory_usage_in_bytes: 38972 k
kernel_memory_max_usage_in_bytes: 87728 k
maximum number of tasks: unlimited
current number of tasks: 182

KVM virtualization detected
Steal ticks since vm start: 1826
Steal ticks percentage since vm start:  0.387

CPU: total 2 (initial active 2) (2 cores per cpu, 1 threads per core) family 6 model 85 stepping 7 microcode 0x1, cx8, cmov, fxsr, mmx, 3dnowpref, sse, sse2, sse3, ssse3, sse4.1, sse4.2, popcnt, lzcnt, tsc, tscinvbit, avx, avx2, aes, erms, clmul, bmi1, bmi2, adx, avx512f, avx512dq, avx512cd, avx512bw, avx512vl, fma, vzeroupper, avx512_vnni, clflush, clflushopt, clwb, hv
CPU Model and flags from /proc/cpuinfo:
model name	: Intel(R) Xeon(R) Processor @ 2.50GHz
flags		: fpu vme de pse tsc msr pae mce cx8 apic sep mtrr pge mca cmov pat pse36 clflush mmx fxsr sse sse2 ss ht syscall nx pdpe1gb rdtscp lm constant_tsc rep_good nopl xtopology nonstop_tsc cpuid tsc_known_freq pni pclmulqdq ssse3 fma cx16 pcid sse4_1 sse4_2 x2apic movbe popcnt tsc_deadline_timer aes xsave avx f16c rdrand hypervisor lahf_lm abm 3dnowprefetch cpuid_fault invpcid_single ssbd ibrs ibpb stibp ibrs_enhanced fsgsbase tsc_adjust bmi1 avx2 smep bmi2 erms invpcid mpx avx512f avx512dq rdseed adx smap clflushopt clwb avx512cd avx512bw avx512vl xsaveopt xsavec xgetbv1 xsaves umip avx512_vnni md_clear arch_capabilities

Online cpus: 0-1
Offline cpus: 
BIOS frequency limitation: <Not Available>
Frequency switch latency (ns): <Not Available>
Available cpu frequencies: <Not Available>
Current governor: <Not Available>
Core performance/turbo boost: <Not Available>

Memory: 4k page, physical 2097152k(39760k free), swap 0k(0k free)
Page Sizes: 4k

vm_info: OpenJDK 64-Bit Server VM (17.0.20+8-1-deb12u1-Debian) for linux-amd64 JRE (17.0.20+8-1-deb12u1-Debian), built on Jul 28 2026 07:08:51 by "buildd" with gcc 12.2.0

END.
