#
# There is insufficient memory for the Java Runtime Environment to continue.
# Native memory allocation (mmap) failed to map 77594624 bytes. Error detail: committing reserved memory.
# Possible reasons:
#   The system is out of physical RAM or swap space
#   This process is running with CompressedOops enabled, and the Java Heap may be blocking the growth of the native heap
# Possible solutions:
#   Reduce memory load on the system
#   Increase physical memory or swap space
#   Check if swap backing store is full
#   Decrease Java heap size (-Xmx/-Xms)
#   Decrease number of Java threads
#   Decrease Java thread stack sizes (-Xss)
#   Set larger code cache with -XX:ReservedCodeCacheSize=
#   JVM is running with Unscaled Compressed Oops mode in which the Java heap is
#     placed in the first 4GB address space. The Java Heap base address is the
#     maximum limit for the native heap growth. Please use -XX:HeapBaseMinAddress
#     to set the Java Heap base and to place the Java Heap above 4GB virtual address.
# This output file may be truncated or incomplete.
#
#  Out of Memory Error (os_linux.cpp:2834), pid=3244, tid=3254
#
# JRE version: OpenJDK Runtime Environment (17.0.20+8) (build 17.0.20+8-1-deb12u1-Debian)
# Java VM: OpenJDK 64-Bit Server VM (17.0.20+8-1-deb12u1-Debian, mixed mode, sharing, tiered, compressed oops, compressed class ptrs, g1 gc, linux-amd64)
# No core dump will be written. Core dumps have been disabled. To enable core dumping, try "ulimit -c unlimited" before starting Java again
#

---------------  S U M M A R Y ------------

Command Line: --add-opens=java.base/java.lang=ALL-UNNAMED --add-opens=java.base/java.lang.invoke=ALL-UNNAMED --add-opens=java.base/java.util=ALL-UNNAMED --add-opens=java.prefs/java.util.prefs=ALL-UNNAMED --add-exports=jdk.compiler/com.sun.tools.javac.api=ALL-UNNAMED --add-exports=jdk.compiler/com.sun.tools.javac.util=ALL-UNNAMED --add-opens=java.base/java.util=ALL-UNNAMED --add-opens=java.prefs/java.util.prefs=ALL-UNNAMED --add-opens=java.base/java.nio.charset=ALL-UNNAMED --add-opens=java.base/java.net=ALL-UNNAMED --add-opens=java.base/java.util.concurrent.atomic=ALL-UNNAMED --add-opens=java.xml/javax.xml.namespace=ALL-UNNAMED -Xmx2g -Dfile.encoding=UTF-8 -Duser.country -Duser.language=en -Duser.variant -javaagent:/tmp/gradle-8.11.1/lib/agents/gradle-instrumentation-agent-8.11.1.jar org.gradle.launcher.daemon.bootstrap.GradleDaemon 8.11.1

Host: Intel(R) Xeon(R) Processor @ 2.50GHz, 2 cores, 2G, Debian GNU/Linux 12 (bookworm)
Time: Tue Sep 29 05:26:34 2026 UTC elapsed time: 46.143347 seconds (0d 0h 0m 46s)

---------------  T H R E A D  ---------------

Current thread (0x00007f58d00d3640):  VMThread "VM Thread" [stack: 0x00007f58d5432000,0x00007f58d5532000] [id=3254]

Stack: [0x00007f58d5432000,0x00007f58d5532000],  sp=0x00007f58d552fd70,  free space=1015k
Native frames: (J=compiled Java code, j=interpreted, Vv=VM code, C=native code)
V  [libjvm.so+0xf21211]  VMError::report_and_die(int, char const*, char const*, __va_list_tag*, Thread*, unsigned char*, void*, void*, char const*, int, unsigned long)+0x171
V  [libjvm.so+0xf21d7d]  VMError::report_and_die(Thread*, char const*, int, unsigned long, VMErrorType, char const*, __va_list_tag*)+0x2d
V  [libjvm.so+0x60378c]  report_vm_out_of_memory(char const*, int, unsigned long, VMErrorType, char const*, ...)+0xdc
V  [libjvm.so+0xc2a14b]  os::pd_commit_memory_or_exit(char*, unsigned long, unsigned long, bool, char const*)+0xeb
V  [libjvm.so+0xc23ffb]  os::commit_memory_or_exit(char*, unsigned long, unsigned long, bool, char const*)+0x1b
V  [libjvm.so+0x733436]  G1PageBasedVirtualSpace::commit(unsigned long, unsigned long)+0x66
V  [libjvm.so+0x7473e0]  G1RegionsLargerThanCommitSizeMapper::commit_regions(unsigned int, unsigned long, WorkGang*)+0x110
V  [libjvm.so+0x7dadc8]  HeapRegionManager::commit_regions(unsigned int, unsigned long, WorkGang*)+0x88
V  [libjvm.so+0x7dcc0b]  HeapRegionManager::expand(unsigned int, unsigned int, WorkGang*)+0x2b
V  [libjvm.so+0x7dce27]  HeapRegionManager::expand_by(unsigned int, WorkGang*)+0x77
V  [libjvm.so+0x6ebed8]  G1CollectedHeap::expand(unsigned long, WorkGang*, double*)+0xe8
V  [libjvm.so+0x6efb29]  G1CollectedHeap::do_collection_pause_at_safepoint_helper(double)+0x8a9
V  [libjvm.so+0x6efb8f]  G1CollectedHeap::do_collection_pause_at_safepoint(double)+0x2f
V  [libjvm.so+0x76b9d7]  VM_G1CollectForAllocation::doit()+0x47
V  [libjvm.so+0xf26715]  VM_Operation::evaluate()+0xe5
V  [libjvm.so+0xf28005]  VMThread::evaluate_operation(VM_Operation*)+0x105
V  [libjvm.so+0xf2857f]  VMThread::inner_execute(VM_Operation*)+0x28f
V  [libjvm.so+0xf2878f]  VMThread::run()+0xbf
V  [libjvm.so+0xea40a5]  Thread::call_run()+0xa5
V  [libjvm.so+0xc2c8f3]  thread_native_entry(Thread*)+0xe3

VM_Operation (0x00007f58a58f3bb0): G1CollectForAllocation, mode: safepoint, requested by thread 0x00007f58d0203e60


---------------  P R O C E S S  ---------------

Threads class SMR info:
_java_thread_list=0x00007f583d6d8f00, length=59, elements={
0x00007f58d001ab00, 0x00007f58d00d7740, 0x00007f58d00d8b20, 0x00007f58d00dfb60,
0x00007f58d00e0f10, 0x00007f58d00e2320, 0x00007f58d00e3cd0, 0x00007f58d00e5200,
0x00007f58d00e6670, 0x00007f58d00f1b00, 0x00007f58d01dc9f0, 0x00007f58d13fb5d0,
0x00007f58d1465010, 0x00007f58d147abb0, 0x00007f5840017410, 0x00007f58480044c0,
0x00007f5848007460, 0x00007f584800d0c0, 0x00007f58a0005e30, 0x00007f58a000b660,
0x00007f58a00081b0, 0x00007f58a019d870, 0x00007f58a01a4f60, 0x00007f58a01de210,
0x00007f58a04808e0, 0x00007f58a05508e0, 0x00007f58a05552f0, 0x00007f58a07ca9e0,
0x00007f58a0892ef0, 0x00007f58a072b350, 0x00007f58a0afc320, 0x00007f58a0b09010,
0x00007f58a0c89eb0, 0x00007f58a0ca2560, 0x00007f58a0c90d50, 0x00007f58a15edde0,
0x00007f58a1754890, 0x00007f58a202ee90, 0x00007f58d0203e60, 0x00005634ca4f5780,
0x00005634ca6593d0, 0x00007f58d0a56a30, 0x00007f58d012d200, 0x00007f58d01286b0,
0x00007f58d0129840, 0x00005634ca6862a0, 0x00005634ca68a1c0, 0x00005634ca68b410,
0x00007f58d0152bd0, 0x00007f58d0a5b460, 0x00007f58d0a5d140, 0x00007f58d179eaf0,
0x00007f58a80755f0, 0x00007f58a807e170, 0x00007f58a809ebd0, 0x00007f58a80aa750,
0x00007f58a80ab810, 0x00007f584400ca30, 0x00005634ca67ef60
}

Java Threads: ( => current thread )
  0x00007f58d001ab00 JavaThread "main" [_thread_blocked, id=3246, stack(0x00007f58d6ec9000,0x00007f58d6fc9000)]
  0x00007f58d00d7740 JavaThread "Reference Handler" daemon [_thread_blocked, id=3256, stack(0x00007f58d5331000,0x00007f58d5431000)]
  0x00007f58d00d8b20 JavaThread "Finalizer" daemon [_thread_blocked, id=3257, stack(0x00007f58d5230000,0x00007f58d5330000)]
  0x00007f58d00dfb60 JavaThread "Signal Dispatcher" daemon [_thread_blocked, id=3258, stack(0x00007f58d50d8000,0x00007f58d51d8000)]
  0x00007f58d00e0f10 JavaThread "Service Thread" daemon [_thread_blocked, id=3259, stack(0x00007f58d4fd7000,0x00007f58d50d7000)]
  0x00007f58d00e2320 JavaThread "Monitor Deflation Thread" daemon [_thread_blocked, id=3260, stack(0x00007f58d4ed6000,0x00007f58d4fd6000)]
  0x00007f58d00e3cd0 JavaThread "C2 CompilerThread0" daemon [_thread_in_native, id=3261, stack(0x00007f58d4dd5000,0x00007f58d4ed5000)]
  0x00007f58d00e5200 JavaThread "C1 CompilerThread0" daemon [_thread_blocked, id=3262, stack(0x00007f58d4cd4000,0x00007f58d4dd4000)]
  0x00007f58d00e6670 JavaThread "Sweeper thread" daemon [_thread_blocked, id=3263, stack(0x00007f58d4bd3000,0x00007f58d4cd3000)]
  0x00007f58d00f1b00 JavaThread "Common-Cleaner" daemon [_thread_blocked, id=3264, stack(0x00007f58d4ad2000,0x00007f58d4bd2000)]
  0x00007f58d01dc9f0 JavaThread "Notification Thread" daemon [_thread_blocked, id=3265, stack(0x00007f58d49b9000,0x00007f58d4ab9000)]
  0x00007f58d13fb5d0 JavaThread "Daemon health stats" [_thread_blocked, id=3273, stack(0x00007f58d4300000,0x00007f58d4400000)]
  0x00007f58d1465010 JavaThread "Incoming local TCP Connector on port 45233" [_thread_in_native, id=3274, stack(0x00007f58d41ff000,0x00007f58d42ff000)]
  0x00007f58d147abb0 JavaThread "Daemon periodic checks" [_thread_blocked, id=3275, stack(0x00007f58d40fe000,0x00007f58d41fe000)]
  0x00007f5840017410 JavaThread "Daemon" [_thread_blocked, id=3276, stack(0x00007f58b5100000,0x00007f58b5200000)]
  0x00007f58480044c0 JavaThread "Handler for socket connection from /127.0.0.1:45233 to /127.0.0.1:35068" [_thread_in_native, id=3277, stack(0x00007f58b4fff000,0x00007f58b50ff000)]
  0x00007f5848007460 JavaThread "Cancel handler" [_thread_blocked, id=3279, stack(0x00007f58b4efe000,0x00007f58b4ffe000)]
  0x00007f584800d0c0 JavaThread "Daemon worker" [_thread_blocked, id=3280, stack(0x00007f58b4dfd000,0x00007f58b4efd000)]
  0x00007f58a0005e30 JavaThread "Asynchronous log dispatcher for DefaultDaemonConnection: socket connection from /127.0.0.1:45233 to /127.0.0.1:35068" [_thread_blocked, id=3281, stack(0x00007f58b4cfc000,0x00007f58b4dfc000)]
  0x00007f58a000b660 JavaThread "Stdin handler" [_thread_blocked, id=3282, stack(0x00007f58b4bfb000,0x00007f58b4cfb000)]
  0x00007f58a00081b0 JavaThread "Daemon client event forwarder" [_thread_blocked, id=3283, stack(0x00007f58b4afa000,0x00007f58b4bfa000)]
  0x00007f58a019d870 JavaThread "Cache worker for journal cache (/root/.gradle/caches/journal-1)" [_thread_blocked, id=3285, stack(0x00007f58b49f9000,0x00007f58b4af9000)]
  0x00007f58a01a4f60 JavaThread "File lock request listener" [_thread_in_native, id=3286, stack(0x00007f58b48f8000,0x00007f58b49f8000)]
  0x00007f58a01de210 JavaThread "Cache worker for file hash cache (/root/.gradle/caches/8.11.1/fileHashes)" [_thread_blocked, id=3287, stack(0x00007f58b47f7000,0x00007f58b48f7000)]
  0x00007f58a04808e0 JavaThread "Cache worker for file content cache (/root/.gradle/caches/8.11.1/fileContent)" [_thread_blocked, id=3289, stack(0x00007f58b46f6000,0x00007f58b47f6000)]
  0x00007f58a05508e0 JavaThread "Cache worker for file hash cache (/workspace/repro/.gradle/8.11.1/fileHashes)" [_thread_blocked, id=3291, stack(0x00007f58b45f5000,0x00007f58b46f5000)]
  0x00007f58a05552f0 JavaThread "Cache worker for Build Output Cleanup Cache (/workspace/repro/.gradle/buildOutputCleanup)" [_thread_blocked, id=3292, stack(0x00007f58b44f4000,0x00007f58b45f4000)]
  0x00007f58a07ca9e0 JavaThread "Cache worker for checksums cache (/workspace/repro/.gradle/8.11.1/checksums)" [_thread_blocked, id=3295, stack(0x00007f58b43f3000,0x00007f58b44f3000)]
  0x00007f58a0892ef0 JavaThread "Cache worker for cache directory md-rule (/root/.gradle/caches/8.11.1/md-rule)" [_thread_blocked, id=3296, stack(0x00007f58b42f2000,0x00007f58b43f2000)]
  0x00007f58a072b350 JavaThread "Cache worker for cache directory md-supplier (/root/.gradle/caches/8.11.1/md-supplier)" [_thread_blocked, id=3298, stack(0x00007f58b41f1000,0x00007f58b42f1000)]
  0x00007f58a0afc320 JavaThread "jar transforms" [_thread_blocked, id=3302, stack(0x00007f58b40f0000,0x00007f58b41f0000)]
  0x00007f58a0b09010 JavaThread "jar transforms Thread 2" [_thread_blocked, id=3303, stack(0x00007f58a5f00000,0x00007f58a6000000)]
  0x00007f58a0c89eb0 JavaThread "Unconstrained build operations" [_thread_blocked, id=3311, stack(0x00007f58a5dff000,0x00007f58a5eff000)]
  0x00007f58a0ca2560 JavaThread "Unconstrained build operations Thread 2" [_thread_blocked, id=3313, stack(0x00007f58a5cfe000,0x00007f58a5dfe000)]
  0x00007f58a0c90d50 JavaThread "Unconstrained build operations Thread 3" [_thread_blocked, id=3316, stack(0x00007f58a5bfd000,0x00007f58a5cfd000)]
  0x00007f58a15edde0 JavaThread "Problems report writer" [_thread_blocked, id=3324, stack(0x00007f58a5afc000,0x00007f58a5bfc000)]
  0x00007f58a1754890 JavaThread "Memory manager" [_thread_blocked, id=3327, stack(0x00007f58a59fb000,0x00007f58a5afb000)]
  0x00007f58a202ee90 JavaThread "included builds" [_thread_blocked, id=3346, stack(0x00007f58a58fa000,0x00007f58a59fa000)]
  0x00007f58d0203e60 JavaThread "Execution worker" [_thread_blocked, id=3347, stack(0x00007f58a57f9000,0x00007f58a58f9000)]
  0x00005634ca4f5780 JavaThread "Cache worker for execution history cache (/workspace/repro/.gradle/8.11.1/executionHistory)" [_thread_blocked, id=3348, stack(0x00007f58a56f8000,0x00007f58a57f8000)]
  0x00005634ca6593d0 JavaThread "Unconstrained build operations Thread 4" [_thread_blocked, id=3350, stack(0x00007f58a55f7000,0x00007f58a56f7000)]
  0x00007f58d0a56a30 JavaThread "Unconstrained build operations Thread 5" [_thread_blocked, id=3354, stack(0x00007f58a54f6000,0x00007f58a55f6000)]
  0x00007f58d012d200 JavaThread "Unconstrained build operations Thread 6" [_thread_blocked, id=3355, stack(0x00007f58a53f5000,0x00007f58a54f5000)]
  0x00007f58d01286b0 JavaThread "Unconstrained build operations Thread 7" [_thread_blocked, id=3356, stack(0x00007f58a52f4000,0x00007f58a53f4000)]
  0x00007f58d0129840 JavaThread "Unconstrained build operations Thread 8" [_thread_blocked, id=3357, stack(0x00007f58a51f3000,0x00007f58a52f3000)]
  0x00005634ca6862a0 JavaThread "Unconstrained build operations Thread 9" [_thread_blocked, id=3359, stack(0x00007f58a50f2000,0x00007f58a51f2000)]
  0x00005634ca68a1c0 JavaThread "Unconstrained build operations Thread 10" [_thread_blocked, id=3360, stack(0x00007f58a4ff1000,0x00007f58a50f1000)]
  0x00005634ca68b410 JavaThread "Unconstrained build operations Thread 11" [_thread_blocked, id=3362, stack(0x00007f58a4ef0000,0x00007f58a4ff0000)]
  0x00007f58d0152bd0 JavaThread "Unconstrained build operations Thread 12" [_thread_blocked, id=3363, stack(0x00007f58a4def000,0x00007f58a4eef000)]
  0x00007f58d0a5b460 JavaThread "Unconstrained build operations Thread 13" [_thread_blocked, id=3365, stack(0x00007f58a4cee000,0x00007f58a4dee000)]
  0x00007f58d0a5d140 JavaThread "Unconstrained build operations Thread 14" [_thread_blocked, id=3366, stack(0x00007f58a4bed000,0x00007f58a4ced000)]
  0x00007f58d179eaf0 JavaThread "WorkerExecutor Queue" [_thread_blocked, id=3372, stack(0x00007f58a4aec000,0x00007f58a4bec000)]
  0x00007f58a80755f0 JavaThread "RMI Scheduler(0)" daemon [_thread_blocked, id=3373, stack(0x00007f58a49eb000,0x00007f58a4aeb000)]
  0x00007f58a807e170 JavaThread "RMI GC Daemon" daemon [_thread_blocked, id=3375, stack(0x00007f58a47e9000,0x00007f58a48e9000)]
  0x00007f58a809ebd0 JavaThread "process reaper (pid 3377)" daemon [_thread_in_native, id=3378, stack(0x00007f58d477d000,0x00007f58d479f000)]
  0x00007f58a80aa750 JavaThread "RMI TCP Accept-0" daemon [_thread_in_native, id=3412, stack(0x00007f58a41ff000,0x00007f58a42ff000)]
  0x00007f58a80ab810 JavaThread "RMI Reaper" [_thread_blocked, id=3413, stack(0x00007f58a40fe000,0x00007f58a41fe000)]
  0x00007f584400ca30 JavaThread "RMI TCP Connection(1)-127.0.0.1" daemon [_thread_in_native, id=3416, stack(0x00007f5856f00000,0x00007f5857000000)]
  0x00005634ca67ef60 JavaThread "Unconstrained build operations Thread 15" [_thread_blocked, id=3433, stack(0x00007f5856dff000,0x00007f5856eff000)]

Other Threads:
=>0x00007f58d00d3640 VMThread "VM Thread" [stack: 0x00007f58d5432000,0x00007f58d5532000] [id=3254]
  0x00007f58d001cec0 WatcherThread [stack: 0x00007f58d48b8000,0x00007f58d49b8000] [id=3266]
  0x00007f58d0075a40 GCTaskThread "GC Thread#0" [stack: 0x00007f58d5d5e000,0x00007f58d5e5e000] [id=3249]
  0x00007f5850004990 GCTaskThread "GC Thread#1" [stack: 0x00007f58d47b7000,0x00007f58d48b7000] [id=3267]
  0x00007f58d0087020 ConcurrentGCThread "G1 Main Marker" [stack: 0x00007f58d5c5d000,0x00007f58d5d5d000] [id=3250]
  0x00007f58d0087f90 ConcurrentGCThread "G1 Conc#0" [stack: 0x00007f58d5b5c000,0x00007f58d5c5c000] [id=3251]
  0x00007f58d00a6bc0 ConcurrentGCThread "G1 Refine#0" [stack: 0x00007f58d5859000,0x00007f58d5959000] [id=3252]
  0x00007f58a0000ea0 ConcurrentGCThread "G1 Refine#1" [stack: 0x00007f58d463f000,0x00007f58d473f000] [id=3270]
  0x00007f58d00a7ac0 ConcurrentGCThread "G1 Service" [stack: 0x00007f58d5758000,0x00007f58d5858000] [id=3253]

Threads with active compile tasks:
C2 CompilerThread0  46206 12908       4       org.jetbrains.org.objectweb.asm.ClassWriter::toByteArray (1535 bytes)

VM state: at safepoint (normal execution)

VM Mutex/Monitor currently owned by a thread:  ([mutex/lock_event])
[0x00007f58d00178f0] Threads_lock - owner thread: 0x00007f58d00d3640
[0x00007f58d00180a0] Heap_lock - owner thread: 0x00007f58d0203e60

Heap address: 0x0000000080000000, size: 2048 MB, Compressed Oops mode: 32-bit

CDS archive(s) mapped at: [0x00007f5857000000-0x00007f5857bca000-0x00007f5857bca000), size 12361728, SharedBaseAddress: 0x00007f5857000000, ArchiveRelocationMode: 1.
Compressed class space mapped at: 0x00007f5858000000-0x00007f5898000000, reserved size: 1073741824
Narrow klass base: 0x00007f5857000000, Narrow klass shift: 0, Narrow klass range: 0x100000000

GC Precious Log:
 CPUs: 2 total, 2 available
 Memory: 2048M
 Large Page Support: Disabled
 NUMA Support: Disabled
 Compressed Oops: Enabled (32-bit)
 Heap Region Size: 1M
 Heap Min Capacity: 8M
 Heap Initial Capacity: 32M
 Heap Max Capacity: 2G
 Pre-touch: Disabled
 Parallel Workers: 2
 Concurrent Workers: 1
 Concurrent Refinement Workers: 2
 Periodic GC: Disabled

Heap:
 garbage-first heap   total 267264K, used 102765K [0x0000000080000000, 0x0000000100000000)
  region size 1024K, 2 young (2048K), 2 survivors (2048K)
 Metaspace       used 92447K, committed 93248K, reserved 1179648K
  class space    used 12778K, committed 13184K, reserved 1048576K

Heap Regions: E=young(eden), S=young(survivor), O=old, HS=humongous(starts), HC=humongous(continues), CS=collection set, F=free, OA=open archive, CA=closed archive, TAMS=top-at-mark-start (previous, next)
|   0|0x0000000080000000, 0x0000000080100000, 0x0000000080100000|100%|HS|  |TAMS 0x0000000080100000, 0x0000000080000000| Complete 
|   1|0x0000000080100000, 0x0000000080200000, 0x0000000080200000|100%|HC|  |TAMS 0x0000000080200000, 0x0000000080100000| Complete 
|   2|0x0000000080200000, 0x0000000080300000, 0x0000000080300000|100%|HC|  |TAMS 0x0000000080300000, 0x0000000080200000| Complete 
|   3|0x0000000080300000, 0x0000000080400000, 0x0000000080400000|100%| O|  |TAMS 0x0000000080400000, 0x0000000080300000| Untracked 
|   4|0x0000000080400000, 0x0000000080500000, 0x0000000080500000|100%| O|  |TAMS 0x0000000080500000, 0x0000000080400000| Untracked 
|   5|0x0000000080500000, 0x0000000080600000, 0x0000000080600000|100%| O|  |TAMS 0x0000000080600000, 0x0000000080500000| Untracked 
|   6|0x0000000080600000, 0x0000000080700000, 0x0000000080700000|100%| O|  |TAMS 0x0000000080700000, 0x0000000080600000| Untracked 
|   7|0x0000000080700000, 0x0000000080800000, 0x0000000080800000|100%| O|  |TAMS 0x0000000080800000, 0x0000000080700000| Untracked 
|   8|0x0000000080800000, 0x0000000080900000, 0x0000000080900000|100%| O|  |TAMS 0x0000000080900000, 0x0000000080800000| Untracked 
|   9|0x0000000080900000, 0x0000000080a00000, 0x0000000080a00000|100%| O|  |TAMS 0x0000000080a00000, 0x0000000080900000| Untracked 
|  10|0x0000000080a00000, 0x0000000080b00000, 0x0000000080b00000|100%|HS|  |TAMS 0x0000000080b00000, 0x0000000080a00000| Complete 
|  11|0x0000000080b00000, 0x0000000080c00000, 0x0000000080c00000|100%| O|  |TAMS 0x0000000080c00000, 0x0000000080b00000| Untracked 
|  12|0x0000000080c00000, 0x0000000080d00000, 0x0000000080d00000|100%| O|  |TAMS 0x0000000080d00000, 0x0000000080c00000| Untracked 
|  13|0x0000000080d00000, 0x0000000080e00000, 0x0000000080e00000|100%| O|  |TAMS 0x0000000080e00000, 0x0000000080d00000| Untracked 
|  14|0x0000000080e00000, 0x0000000080f00000, 0x0000000080f00000|100%| O|  |TAMS 0x0000000080f00000, 0x0000000080e00000| Untracked 
|  15|0x0000000080f00000, 0x0000000081000000, 0x0000000081000000|100%| O|  |TAMS 0x0000000081000000, 0x0000000080f00000| Untracked 
|  16|0x0000000081000000, 0x0000000081100000, 0x0000000081100000|100%| O|  |TAMS 0x0000000081100000, 0x0000000081000000| Untracked 
|  17|0x0000000081100000, 0x0000000081200000, 0x0000000081200000|100%| O|  |TAMS 0x0000000081200000, 0x0000000081100000| Untracked 
|  18|0x0000000081200000, 0x0000000081300000, 0x0000000081300000|100%| O|  |TAMS 0x0000000081300000, 0x0000000081200000| Untracked 
|  19|0x0000000081300000, 0x0000000081400000, 0x0000000081400000|100%| O|  |TAMS 0x0000000081400000, 0x0000000081300000| Untracked 
|  20|0x0000000081400000, 0x0000000081500000, 0x0000000081500000|100%| O|  |TAMS 0x0000000081500000, 0x0000000081400000| Untracked 
|  21|0x0000000081500000, 0x0000000081600000, 0x0000000081600000|100%| O|  |TAMS 0x0000000081600000, 0x0000000081500000| Untracked 
|  22|0x0000000081600000, 0x0000000081700000, 0x0000000081700000|100%| O|  |TAMS 0x0000000081700000, 0x0000000081600000| Untracked 
|  23|0x0000000081700000, 0x0000000081800000, 0x0000000081800000|100%| O|  |TAMS 0x0000000081800000, 0x0000000081700000| Untracked 
|  24|0x0000000081800000, 0x0000000081900000, 0x0000000081900000|100%| O|  |TAMS 0x0000000081900000, 0x0000000081800000| Untracked 
|  25|0x0000000081900000, 0x0000000081a00000, 0x0000000081a00000|100%| O|  |TAMS 0x0000000081a00000, 0x0000000081900000| Untracked 
|  26|0x0000000081a00000, 0x0000000081b00000, 0x0000000081b00000|100%| O|  |TAMS 0x0000000081b00000, 0x0000000081a00000| Untracked 
|  27|0x0000000081b00000, 0x0000000081c00000, 0x0000000081c00000|100%| O|  |TAMS 0x0000000081c00000, 0x0000000081b00000| Untracked 
|  28|0x0000000081c00000, 0x0000000081d00000, 0x0000000081d00000|100%| O|  |TAMS 0x0000000081d00000, 0x0000000081c00000| Untracked 
|  29|0x0000000081d00000, 0x0000000081e00000, 0x0000000081e00000|100%| O|  |TAMS 0x0000000081e00000, 0x0000000081d00000| Untracked 
|  30|0x0000000081e00000, 0x0000000081f00000, 0x0000000081f00000|100%| O|  |TAMS 0x0000000081f00000, 0x0000000081e00000| Untracked 
|  31|0x0000000081f00000, 0x0000000082000000, 0x0000000082000000|100%| O|  |TAMS 0x0000000082000000, 0x0000000081f00000| Untracked 
|  32|0x0000000082000000, 0x0000000082100000, 0x0000000082100000|100%| O|  |TAMS 0x0000000082100000, 0x0000000082000000| Untracked 
|  33|0x0000000082100000, 0x0000000082200000, 0x0000000082200000|100%| O|  |TAMS 0x0000000082200000, 0x0000000082100000| Untracked 
|  34|0x0000000082200000, 0x0000000082300000, 0x0000000082300000|100%| O|  |TAMS 0x0000000082300000, 0x0000000082200000| Untracked 
|  35|0x0000000082300000, 0x0000000082400000, 0x0000000082400000|100%| O|  |TAMS 0x0000000082400000, 0x0000000082300000| Untracked 
|  36|0x0000000082400000, 0x0000000082500000, 0x0000000082500000|100%| O|  |TAMS 0x0000000082500000, 0x0000000082400000| Untracked 
|  37|0x0000000082500000, 0x0000000082600000, 0x0000000082600000|100%| O|  |TAMS 0x0000000082600000, 0x0000000082500000| Untracked 
|  38|0x0000000082600000, 0x0000000082700000, 0x0000000082700000|100%| O|  |TAMS 0x0000000082700000, 0x0000000082600000| Untracked 
|  39|0x0000000082700000, 0x0000000082800000, 0x0000000082800000|100%|HS|  |TAMS 0x0000000082800000, 0x0000000082700000| Complete 
|  40|0x0000000082800000, 0x0000000082900000, 0x0000000082900000|100%|HS|  |TAMS 0x0000000082900000, 0x0000000082800000| Complete 
|  41|0x0000000082900000, 0x0000000082a00000, 0x0000000082a00000|100%|HC|  |TAMS 0x0000000082a00000, 0x0000000082900000| Complete 
|  42|0x0000000082a00000, 0x0000000082b00000, 0x0000000082b00000|100%|HS|  |TAMS 0x0000000082b00000, 0x0000000082a00000| Complete 
|  43|0x0000000082b00000, 0x0000000082c00000, 0x0000000082c00000|100%|HS|  |TAMS 0x0000000082c00000, 0x0000000082b00000| Complete 
|  44|0x0000000082c00000, 0x0000000082d00000, 0x0000000082d00000|100%|HS|  |TAMS 0x0000000082d00000, 0x0000000082c00000| Complete 
|  45|0x0000000082d00000, 0x0000000082e00000, 0x0000000082e00000|100%|HC|  |TAMS 0x0000000082e00000, 0x0000000082d00000| Complete 
|  46|0x0000000082e00000, 0x0000000082f00000, 0x0000000082f00000|100%|HC|  |TAMS 0x0000000082f00000, 0x0000000082e00000| Complete 
|  47|0x0000000082f00000, 0x0000000083000000, 0x0000000083000000|100%|HC|  |TAMS 0x0000000083000000, 0x0000000082f00000| Complete 
|  48|0x0000000083000000, 0x0000000083100000, 0x0000000083100000|100%| O|  |TAMS 0x0000000083100000, 0x0000000083000000| Untracked 
|  49|0x0000000083100000, 0x0000000083200000, 0x0000000083200000|100%|HS|  |TAMS 0x0000000083200000, 0x0000000083100000| Complete 
|  50|0x0000000083200000, 0x0000000083300000, 0x0000000083300000|100%| O|  |TAMS 0x0000000083300000, 0x0000000083200000| Untracked 
|  51|0x0000000083300000, 0x0000000083400000, 0x0000000083400000|100%| O|  |TAMS 0x0000000083400000, 0x0000000083300000| Untracked 
|  52|0x0000000083400000, 0x0000000083500000, 0x0000000083500000|100%| O|  |TAMS 0x0000000083500000, 0x0000000083400000| Untracked 
|  53|0x0000000083500000, 0x0000000083600000, 0x0000000083600000|100%| O|  |TAMS 0x0000000083600000, 0x0000000083500000| Untracked 
|  54|0x0000000083600000, 0x0000000083700000, 0x0000000083700000|100%| O|  |TAMS 0x0000000083700000, 0x0000000083600000| Untracked 
|  55|0x0000000083700000, 0x0000000083800000, 0x0000000083800000|100%| O|  |TAMS 0x0000000083800000, 0x0000000083700000| Untracked 
|  56|0x0000000083800000, 0x0000000083900000, 0x0000000083900000|100%| O|  |TAMS 0x0000000083900000, 0x0000000083800000| Untracked 
|  57|0x0000000083900000, 0x0000000083a00000, 0x0000000083a00000|100%| O|  |TAMS 0x0000000083a00000, 0x0000000083900000| Untracked 
|  58|0x0000000083a00000, 0x0000000083b00000, 0x0000000083b00000|100%| O|  |TAMS 0x0000000083b00000, 0x0000000083a00000| Untracked 
|  59|0x0000000083b00000, 0x0000000083c00000, 0x0000000083c00000|100%| O|  |TAMS 0x0000000083c00000, 0x0000000083b00000| Untracked 
|  60|0x0000000083c00000, 0x0000000083d00000, 0x0000000083d00000|100%| O|  |TAMS 0x0000000083d00000, 0x0000000083c00000| Untracked 
|  61|0x0000000083d00000, 0x0000000083e00000, 0x0000000083e00000|100%| O|  |TAMS 0x0000000083e00000, 0x0000000083d00000| Untracked 
|  62|0x0000000083e00000, 0x0000000083f00000, 0x0000000083f00000|100%| O|  |TAMS 0x0000000083f00000, 0x0000000083e00000| Untracked 
|  63|0x0000000083f00000, 0x0000000084000000, 0x0000000084000000|100%| O|  |TAMS 0x0000000084000000, 0x0000000083f00000| Untracked 
|  64|0x0000000084000000, 0x0000000084100000, 0x0000000084100000|100%| O|  |TAMS 0x0000000084100000, 0x0000000084000000| Untracked 
|  65|0x0000000084100000, 0x0000000084200000, 0x0000000084200000|100%| O|  |TAMS 0x0000000084200000, 0x0000000084100000| Untracked 
|  66|0x0000000084200000, 0x0000000084300000, 0x0000000084300000|100%| O|  |TAMS 0x0000000084300000, 0x0000000084200000| Untracked 
|  67|0x0000000084300000, 0x0000000084400000, 0x0000000084400000|100%| O|  |TAMS 0x0000000084400000, 0x0000000084300000| Untracked 
|  68|0x0000000084400000, 0x0000000084500000, 0x0000000084500000|100%| O|  |TAMS 0x0000000084500000, 0x0000000084400000| Untracked 
|  69|0x0000000084500000, 0x0000000084600000, 0x0000000084600000|100%|HS|  |TAMS 0x0000000084600000, 0x0000000084500000| Complete 
|  70|0x0000000084600000, 0x0000000084700000, 0x0000000084700000|100%|HC|  |TAMS 0x0000000084700000, 0x0000000084600000| Complete 
|  71|0x0000000084700000, 0x0000000084800000, 0x0000000084800000|100%|HS|  |TAMS 0x0000000084800000, 0x0000000084700000| Complete 
|  72|0x0000000084800000, 0x0000000084900000, 0x0000000084900000|100%|HC|  |TAMS 0x0000000084900000, 0x0000000084800000| Complete 
|  73|0x0000000084900000, 0x0000000084a00000, 0x0000000084a00000|100%|HC|  |TAMS 0x0000000084a00000, 0x0000000084900000| Complete 
|  74|0x0000000084a00000, 0x0000000084b00000, 0x0000000084b00000|100%|HC|  |TAMS 0x0000000084b00000, 0x0000000084a00000| Complete 
|  75|0x0000000084b00000, 0x0000000084c00000, 0x0000000084c00000|100%| O|  |TAMS 0x0000000084c00000, 0x0000000084b00000| Untracked 
|  76|0x0000000084c00000, 0x0000000084d00000, 0x0000000084d00000|100%| O|  |TAMS 0x0000000084d00000, 0x0000000084c00000| Untracked 
|  77|0x0000000084d00000, 0x0000000084e00000, 0x0000000084e00000|100%| O|  |TAMS 0x0000000084e00000, 0x0000000084d00000| Untracked 
|  78|0x0000000084e00000, 0x0000000084f00000, 0x0000000084f00000|100%| O|  |TAMS 0x0000000084f00000, 0x0000000084e00000| Untracked 
|  79|0x0000000084f00000, 0x0000000085000000, 0x0000000085000000|100%| O|  |TAMS 0x0000000085000000, 0x0000000084f00000| Untracked 
|  80|0x0000000085000000, 0x0000000085100000, 0x0000000085100000|100%| O|  |TAMS 0x0000000085100000, 0x0000000085000000| Untracked 
|  81|0x0000000085100000, 0x0000000085200000, 0x0000000085200000|100%| O|  |TAMS 0x0000000085200000, 0x0000000085100000| Untracked 
|  82|0x0000000085200000, 0x0000000085300000, 0x0000000085300000|100%| O|  |TAMS 0x0000000085300000, 0x0000000085200000| Untracked 
|  83|0x0000000085300000, 0x0000000085400000, 0x0000000085400000|100%| O|  |TAMS 0x0000000085400000, 0x0000000085300000| Untracked 
|  84|0x0000000085400000, 0x0000000085500000, 0x0000000085500000|100%| O|  |TAMS 0x0000000085500000, 0x0000000085400000| Untracked 
|  85|0x0000000085500000, 0x0000000085600000, 0x0000000085600000|100%| O|  |TAMS 0x0000000085536c00, 0x0000000085500000| Untracked 
|  86|0x0000000085600000, 0x0000000085700000, 0x0000000085700000|100%| O|  |TAMS 0x0000000085600000, 0x0000000085600000| Untracked 
|  87|0x0000000085700000, 0x0000000085800000, 0x0000000085800000|100%| O|  |TAMS 0x0000000085700000, 0x0000000085700000| Untracked 
|  88|0x0000000085800000, 0x0000000085900000, 0x0000000085900000|100%| O|  |TAMS 0x0000000085800000, 0x0000000085800000| Untracked 
|  89|0x0000000085900000, 0x0000000085a00000, 0x0000000085a00000|100%| O|  |TAMS 0x0000000085900000, 0x0000000085900000| Untracked 
|  90|0x0000000085a00000, 0x0000000085b00000, 0x0000000085b00000|100%| O|  |TAMS 0x0000000085a00000, 0x0000000085a00000| Untracked 
|  91|0x0000000085b00000, 0x0000000085c00000, 0x0000000085c00000|100%| O|  |TAMS 0x0000000085b00000, 0x0000000085b00000| Untracked 
|  92|0x0000000085c00000, 0x0000000085d00000, 0x0000000085d00000|100%| O|  |TAMS 0x0000000085c00000, 0x0000000085c00000| Untracked 
|  93|0x0000000085d00000, 0x0000000085e00000, 0x0000000085e00000|100%| O|  |TAMS 0x0000000085d00000, 0x0000000085d00000| Untracked 
|  94|0x0000000085e00000, 0x0000000085e00000, 0x0000000085f00000|  0%| F|  |TAMS 0x0000000085e00000, 0x0000000085e00000| Untracked 
|  95|0x0000000085f00000, 0x0000000085f00000, 0x0000000086000000|  0%| F|  |TAMS 0x0000000085f00000, 0x0000000085f00000| Untracked 
|  96|0x0000000086000000, 0x0000000086100000, 0x0000000086100000|100%| O|  |TAMS 0x0000000086000000, 0x0000000086000000| Untracked 
|  97|0x0000000086100000, 0x0000000086200000, 0x0000000086200000|100%| O|  |TAMS 0x0000000086100000, 0x0000000086100000| Untracked 
|  98|0x0000000086200000, 0x0000000086300000, 0x0000000086300000|100%| O|  |TAMS 0x0000000086200000, 0x0000000086200000| Untracked 
|  99|0x0000000086300000, 0x00000000863ee600, 0x0000000086400000| 93%| O|  |TAMS 0x0000000086300000, 0x0000000086300000| Untracked 
| 100|0x0000000086400000, 0x0000000086400000, 0x0000000086500000|  0%| F|  |TAMS 0x0000000086400000, 0x0000000086400000| Untracked 
| 101|0x0000000086500000, 0x0000000086500000, 0x0000000086600000|  0%| F|  |TAMS 0x0000000086500000, 0x0000000086500000| Untracked 
| 102|0x0000000086600000, 0x0000000086600000, 0x0000000086700000|  0%| F|  |TAMS 0x0000000086600000, 0x0000000086600000| Untracked 
| 103|0x0000000086700000, 0x0000000086700000, 0x0000000086800000|  0%| F|  |TAMS 0x0000000086700000, 0x0000000086700000| Untracked 
| 104|0x0000000086800000, 0x0000000086800000, 0x0000000086900000|  0%| F|  |TAMS 0x0000000086800000, 0x0000000086800000| Untracked 
| 105|0x0000000086900000, 0x0000000086900000, 0x0000000086a00000|  0%| F|  |TAMS 0x0000000086900000, 0x0000000086900000| Untracked 
| 106|0x0000000086a00000, 0x0000000086a00000, 0x0000000086b00000|  0%| F|  |TAMS 0x0000000086a00000, 0x0000000086a00000| Untracked 
| 107|0x0000000086b00000, 0x0000000086b00000, 0x0000000086c00000|  0%| F|  |TAMS 0x0000000086b00000, 0x0000000086b00000| Untracked 
| 108|0x0000000086c00000, 0x0000000086c00000, 0x0000000086d00000|  0%| F|  |TAMS 0x0000000086c00000, 0x0000000086c00000| Untracked 
| 109|0x0000000086d00000, 0x0000000086d00000, 0x0000000086e00000|  0%| F|  |TAMS 0x0000000086d00000, 0x0000000086d00000| Untracked 
| 110|0x0000000086e00000, 0x0000000086e00000, 0x0000000086f00000|  0%| F|  |TAMS 0x0000000086e00000, 0x0000000086e00000| Untracked 
| 111|0x0000000086f00000, 0x0000000086f00000, 0x0000000087000000|  0%| F|  |TAMS 0x0000000086f00000, 0x0000000086f00000| Untracked 
| 112|0x0000000087000000, 0x0000000087000000, 0x0000000087100000|  0%| F|  |TAMS 0x0000000087000000, 0x0000000087000000| Untracked 
| 113|0x0000000087100000, 0x0000000087100000, 0x0000000087200000|  0%| F|  |TAMS 0x0000000087100000, 0x0000000087100000| Untracked 
| 114|0x0000000087200000, 0x0000000087200000, 0x0000000087300000|  0%| F|  |TAMS 0x0000000087200000, 0x0000000087200000| Untracked 
| 115|0x0000000087300000, 0x0000000087300000, 0x0000000087400000|  0%| F|  |TAMS 0x0000000087300000, 0x0000000087300000| Untracked 
| 116|0x0000000087400000, 0x0000000087400000, 0x0000000087500000|  0%| F|  |TAMS 0x0000000087400000, 0x0000000087400000| Untracked 
| 117|0x0000000087500000, 0x0000000087500000, 0x0000000087600000|  0%| F|  |TAMS 0x0000000087500000, 0x0000000087500000| Untracked 
| 118|0x0000000087600000, 0x0000000087600000, 0x0000000087700000|  0%| F|  |TAMS 0x0000000087600000, 0x0000000087600000| Untracked 
| 119|0x0000000087700000, 0x0000000087700000, 0x0000000087800000|  0%| F|  |TAMS 0x0000000087700000, 0x0000000087700000| Untracked 
| 120|0x0000000087800000, 0x0000000087800000, 0x0000000087900000|  0%| F|  |TAMS 0x0000000087800000, 0x0000000087800000| Untracked 
| 121|0x0000000087900000, 0x0000000087900000, 0x0000000087a00000|  0%| F|  |TAMS 0x0000000087900000, 0x0000000087900000| Untracked 
| 122|0x0000000087a00000, 0x0000000087a00000, 0x0000000087b00000|  0%| F|  |TAMS 0x0000000087a00000, 0x0000000087a00000| Untracked 
| 123|0x0000000087b00000, 0x0000000087b00000, 0x0000000087c00000|  0%| F|  |TAMS 0x0000000087b00000, 0x0000000087b00000| Untracked 
| 124|0x0000000087c00000, 0x0000000087c00000, 0x0000000087d00000|  0%| F|  |TAMS 0x0000000087c00000, 0x0000000087c00000| Untracked 
| 125|0x0000000087d00000, 0x0000000087d00000, 0x0000000087e00000|  0%| F|  |TAMS 0x0000000087d00000, 0x0000000087d00000| Untracked 
| 126|0x0000000087e00000, 0x0000000087e00000, 0x0000000087f00000|  0%| F|  |TAMS 0x0000000087e00000, 0x0000000087e00000| Untracked 
| 127|0x0000000087f00000, 0x0000000087f00000, 0x0000000088000000|  0%| F|  |TAMS 0x0000000087f00000, 0x0000000087f00000| Untracked 
| 128|0x0000000088000000, 0x0000000088000000, 0x0000000088100000|  0%| F|  |TAMS 0x0000000088000000, 0x0000000088000000| Untracked 
| 129|0x0000000088100000, 0x0000000088100000, 0x0000000088200000|  0%| F|  |TAMS 0x0000000088100000, 0x0000000088100000| Untracked 
| 130|0x0000000088200000, 0x0000000088200000, 0x0000000088300000|  0%| F|  |TAMS 0x0000000088200000, 0x0000000088200000| Untracked 
| 131|0x0000000088300000, 0x0000000088300000, 0x0000000088400000|  0%| F|  |TAMS 0x0000000088300000, 0x0000000088300000| Untracked 
| 132|0x0000000088400000, 0x0000000088400000, 0x0000000088500000|  0%| F|  |TAMS 0x0000000088400000, 0x0000000088400000| Untracked 
| 133|0x0000000088500000, 0x0000000088500000, 0x0000000088600000|  0%| F|  |TAMS 0x0000000088500000, 0x0000000088500000| Untracked 
| 134|0x0000000088600000, 0x0000000088600000, 0x0000000088700000|  0%| F|  |TAMS 0x0000000088600000, 0x0000000088600000| Untracked 
| 135|0x0000000088700000, 0x0000000088700000, 0x0000000088800000|  0%| F|  |TAMS 0x0000000088700000, 0x0000000088700000| Untracked 
| 136|0x0000000088800000, 0x0000000088800000, 0x0000000088900000|  0%| F|  |TAMS 0x0000000088800000, 0x0000000088800000| Untracked 
| 137|0x0000000088900000, 0x0000000088900000, 0x0000000088a00000|  0%| F|  |TAMS 0x0000000088900000, 0x0000000088900000| Untracked 
| 138|0x0000000088a00000, 0x0000000088a00000, 0x0000000088b00000|  0%| F|  |TAMS 0x0000000088a00000, 0x0000000088a00000| Untracked 
| 139|0x0000000088b00000, 0x0000000088b00000, 0x0000000088c00000|  0%| F|  |TAMS 0x0000000088b00000, 0x0000000088b00000| Untracked 
| 140|0x0000000088c00000, 0x0000000088c00000, 0x0000000088d00000|  0%| F|  |TAMS 0x0000000088c00000, 0x0000000088c00000| Untracked 
| 141|0x0000000088d00000, 0x0000000088d80000, 0x0000000088e00000| 50%| S|CS|TAMS 0x0000000088d00000, 0x0000000088d00000| Complete 
| 142|0x0000000088e00000, 0x0000000088f00000, 0x0000000088f00000|100%| S|CS|TAMS 0x0000000088e00000, 0x0000000088e00000| Complete 
| 143|0x0000000088f00000, 0x0000000088f00000, 0x0000000089000000|  0%| F|  |TAMS 0x0000000088f00000, 0x0000000088f00000| Untracked 
| 144|0x0000000089000000, 0x0000000089000000, 0x0000000089100000|  0%| F|  |TAMS 0x0000000089000000, 0x0000000089000000| Untracked 
| 145|0x0000000089100000, 0x0000000089100000, 0x0000000089200000|  0%| F|  |TAMS 0x0000000089100000, 0x0000000089100000| Untracked 
| 146|0x0000000089200000, 0x0000000089200000, 0x0000000089300000|  0%| F|  |TAMS 0x0000000089200000, 0x0000000089200000| Untracked 
| 147|0x0000000089300000, 0x0000000089300000, 0x0000000089400000|  0%| F|  |TAMS 0x0000000089300000, 0x0000000089300000| Untracked 
| 148|0x0000000089400000, 0x0000000089400000, 0x0000000089500000|  0%| F|  |TAMS 0x0000000089400000, 0x0000000089400000| Untracked 
| 149|0x0000000089500000, 0x0000000089500000, 0x0000000089600000|  0%| F|  |TAMS 0x0000000089500000, 0x0000000089500000| Untracked 
| 150|0x0000000089600000, 0x0000000089600000, 0x0000000089700000|  0%| F|  |TAMS 0x0000000089600000, 0x0000000089600000| Untracked 
| 151|0x0000000089700000, 0x0000000089700000, 0x0000000089800000|  0%| F|  |TAMS 0x0000000089700000, 0x0000000089700000| Untracked 
| 152|0x0000000089800000, 0x0000000089800000, 0x0000000089900000|  0%| F|  |TAMS 0x0000000089800000, 0x0000000089800000| Untracked 
| 153|0x0000000089900000, 0x0000000089900000, 0x0000000089a00000|  0%| F|  |TAMS 0x0000000089900000, 0x0000000089900000| Untracked 
| 154|0x0000000089a00000, 0x0000000089a00000, 0x0000000089b00000|  0%| F|  |TAMS 0x0000000089a00000, 0x0000000089a00000| Untracked 
| 155|0x0000000089b00000, 0x0000000089b00000, 0x0000000089c00000|  0%| F|  |TAMS 0x0000000089b00000, 0x0000000089b00000| Untracked 
| 156|0x0000000089c00000, 0x0000000089c00000, 0x0000000089d00000|  0%| F|  |TAMS 0x0000000089c00000, 0x0000000089c00000| Untracked 
| 157|0x0000000089d00000, 0x0000000089d00000, 0x0000000089e00000|  0%| F|  |TAMS 0x0000000089d00000, 0x0000000089d00000| Untracked 
| 158|0x0000000089e00000, 0x0000000089e00000, 0x0000000089f00000|  0%| F|  |TAMS 0x0000000089e00000, 0x0000000089e00000| Untracked 
| 159|0x0000000089f00000, 0x0000000089f00000, 0x000000008a000000|  0%| F|  |TAMS 0x0000000089f00000, 0x0000000089f00000| Untracked 
| 160|0x000000008a000000, 0x000000008a000000, 0x000000008a100000|  0%| F|  |TAMS 0x000000008a000000, 0x000000008a000000| Untracked 
| 161|0x000000008a100000, 0x000000008a100000, 0x000000008a200000|  0%| F|  |TAMS 0x000000008a100000, 0x000000008a100000| Untracked 
| 162|0x000000008a200000, 0x000000008a200000, 0x000000008a300000|  0%| F|  |TAMS 0x000000008a200000, 0x000000008a200000| Untracked 
| 163|0x000000008a300000, 0x000000008a300000, 0x000000008a400000|  0%| F|  |TAMS 0x000000008a300000, 0x000000008a300000| Untracked 
| 164|0x000000008a400000, 0x000000008a400000, 0x000000008a500000|  0%| F|  |TAMS 0x000000008a400000, 0x000000008a400000| Untracked 
| 165|0x000000008a500000, 0x000000008a500000, 0x000000008a600000|  0%| F|  |TAMS 0x000000008a500000, 0x000000008a500000| Untracked 
| 166|0x000000008a600000, 0x000000008a600000, 0x000000008a700000|  0%| F|  |TAMS 0x000000008a600000, 0x000000008a600000| Untracked 
| 167|0x000000008a700000, 0x000000008a700000, 0x000000008a800000|  0%| F|  |TAMS 0x000000008a700000, 0x000000008a700000| Untracked 
| 168|0x000000008a800000, 0x000000008a800000, 0x000000008a900000|  0%| F|  |TAMS 0x000000008a800000, 0x000000008a800000| Untracked 
| 169|0x000000008a900000, 0x000000008a900000, 0x000000008aa00000|  0%| F|  |TAMS 0x000000008a900000, 0x000000008a900000| Untracked 
| 170|0x000000008aa00000, 0x000000008aa00000, 0x000000008ab00000|  0%| F|  |TAMS 0x000000008aa00000, 0x000000008aa00000| Untracked 
| 171|0x000000008ab00000, 0x000000008ab00000, 0x000000008ac00000|  0%| F|  |TAMS 0x000000008ab00000, 0x000000008ab00000| Untracked 
| 172|0x000000008ac00000, 0x000000008ac00000, 0x000000008ad00000|  0%| F|  |TAMS 0x000000008ac00000, 0x000000008ac00000| Untracked 
| 173|0x000000008ad00000, 0x000000008ad00000, 0x000000008ae00000|  0%| F|  |TAMS 0x000000008ad00000, 0x000000008ad00000| Untracked 
| 174|0x000000008ae00000, 0x000000008ae00000, 0x000000008af00000|  0%| F|  |TAMS 0x000000008ae00000, 0x000000008ae00000| Untracked 
| 175|0x000000008af00000, 0x000000008af00000, 0x000000008b000000|  0%| F|  |TAMS 0x000000008af00000, 0x000000008af00000| Untracked 
| 176|0x000000008b000000, 0x000000008b000000, 0x000000008b100000|  0%| F|  |TAMS 0x000000008b000000, 0x000000008b000000| Untracked 
| 177|0x000000008b100000, 0x000000008b100000, 0x000000008b200000|  0%| F|  |TAMS 0x000000008b100000, 0x000000008b100000| Untracked 
| 178|0x000000008b200000, 0x000000008b200000, 0x000000008b300000|  0%| F|  |TAMS 0x000000008b200000, 0x000000008b200000| Untracked 
| 179|0x000000008b300000, 0x000000008b300000, 0x000000008b400000|  0%| F|  |TAMS 0x000000008b300000, 0x000000008b300000| Untracked 
| 180|0x000000008b400000, 0x000000008b400000, 0x000000008b500000|  0%| F|  |TAMS 0x000000008b400000, 0x000000008b400000| Untracked 
| 181|0x000000008b500000, 0x000000008b500000, 0x000000008b600000|  0%| F|  |TAMS 0x000000008b500000, 0x000000008b500000| Untracked 
| 182|0x000000008b600000, 0x000000008b600000, 0x000000008b700000|  0%| F|  |TAMS 0x000000008b600000, 0x000000008b600000| Untracked 
| 183|0x000000008b700000, 0x000000008b700000, 0x000000008b800000|  0%| F|  |TAMS 0x000000008b700000, 0x000000008b700000| Untracked 
| 184|0x000000008b800000, 0x000000008b800000, 0x000000008b900000|  0%| F|  |TAMS 0x000000008b800000, 0x000000008b800000| Untracked 
| 185|0x000000008b900000, 0x000000008b900000, 0x000000008ba00000|  0%| F|  |TAMS 0x000000008b900000, 0x000000008b900000| Untracked 
| 186|0x000000008ba00000, 0x000000008ba00000, 0x000000008bb00000|  0%| F|  |TAMS 0x000000008ba00000, 0x000000008ba00000| Untracked 
| 187|0x000000008bb00000, 0x000000008bb00000, 0x000000008bc00000|  0%| F|  |TAMS 0x000000008bb00000, 0x000000008bb00000| Untracked 
| 188|0x000000008bc00000, 0x000000008bc00000, 0x000000008bd00000|  0%| F|  |TAMS 0x000000008bc00000, 0x000000008bc00000| Untracked 
| 189|0x000000008bd00000, 0x000000008bd00000, 0x000000008be00000|  0%| F|  |TAMS 0x000000008bd00000, 0x000000008bd00000| Untracked 
| 190|0x000000008be00000, 0x000000008be00000, 0x000000008bf00000|  0%| F|  |TAMS 0x000000008be00000, 0x000000008be00000| Untracked 
| 191|0x000000008bf00000, 0x000000008bf00000, 0x000000008c000000|  0%| F|  |TAMS 0x000000008bf00000, 0x000000008bf00000| Untracked 
| 192|0x000000008c000000, 0x000000008c000000, 0x000000008c100000|  0%| F|  |TAMS 0x000000008c000000, 0x000000008c000000| Untracked 
| 193|0x000000008c100000, 0x000000008c100000, 0x000000008c200000|  0%| F|  |TAMS 0x000000008c100000, 0x000000008c100000| Untracked 
| 194|0x000000008c200000, 0x000000008c200000, 0x000000008c300000|  0%| F|  |TAMS 0x000000008c200000, 0x000000008c200000| Untracked 
| 195|0x000000008c300000, 0x000000008c300000, 0x000000008c400000|  0%| F|  |TAMS 0x000000008c300000, 0x000000008c300000| Untracked 
| 196|0x000000008c400000, 0x000000008c400000, 0x000000008c500000|  0%| F|  |TAMS 0x000000008c400000, 0x000000008c400000| Untracked 
| 197|0x000000008c500000, 0x000000008c500000, 0x000000008c600000|  0%| F|  |TAMS 0x000000008c500000, 0x000000008c500000| Untracked 
| 198|0x000000008c600000, 0x000000008c600000, 0x000000008c700000|  0%| F|  |TAMS 0x000000008c600000, 0x000000008c600000| Untracked 
| 199|0x000000008c700000, 0x000000008c700000, 0x000000008c800000|  0%| F|  |TAMS 0x000000008c700000, 0x000000008c700000| Untracked 
| 200|0x000000008c800000, 0x000000008c800000, 0x000000008c900000|  0%| F|  |TAMS 0x000000008c800000, 0x000000008c800000| Untracked 
| 201|0x000000008c900000, 0x000000008c900000, 0x000000008ca00000|  0%| F|  |TAMS 0x000000008c900000, 0x000000008c900000| Untracked 
| 202|0x000000008ca00000, 0x000000008ca00000, 0x000000008cb00000|  0%| F|  |TAMS 0x000000008ca00000, 0x000000008ca00000| Untracked 
| 203|0x000000008cb00000, 0x000000008cb00000, 0x000000008cc00000|  0%| F|  |TAMS 0x000000008cb00000, 0x000000008cb00000| Untracked 
| 204|0x000000008cc00000, 0x000000008cc00000, 0x000000008cd00000|  0%| F|  |TAMS 0x000000008cc00000, 0x000000008cc00000| Untracked 
| 205|0x000000008cd00000, 0x000000008cd00000, 0x000000008ce00000|  0%| F|  |TAMS 0x000000008cd00000, 0x000000008cd00000| Untracked 
| 206|0x000000008ce00000, 0x000000008ce00000, 0x000000008cf00000|  0%| F|  |TAMS 0x000000008ce00000, 0x000000008ce00000| Untracked 
| 207|0x000000008cf00000, 0x000000008cf00000, 0x000000008d000000|  0%| F|  |TAMS 0x000000008cf00000, 0x000000008cf00000| Untracked 
| 208|0x000000008d000000, 0x000000008d000000, 0x000000008d100000|  0%| F|  |TAMS 0x000000008d000000, 0x000000008d000000| Untracked 
| 209|0x000000008d100000, 0x000000008d100000, 0x000000008d200000|  0%| F|  |TAMS 0x000000008d100000, 0x000000008d100000| Untracked 
| 210|0x000000008d200000, 0x000000008d200000, 0x000000008d300000|  0%| F|  |TAMS 0x000000008d200000, 0x000000008d200000| Untracked 
| 211|0x000000008d300000, 0x000000008d300000, 0x000000008d400000|  0%| F|  |TAMS 0x000000008d300000, 0x000000008d300000| Untracked 
| 212|0x000000008d400000, 0x000000008d400000, 0x000000008d500000|  0%| F|  |TAMS 0x000000008d400000, 0x000000008d400000| Untracked 
| 213|0x000000008d500000, 0x000000008d500000, 0x000000008d600000|  0%| F|  |TAMS 0x000000008d500000, 0x000000008d500000| Untracked 
| 214|0x000000008d600000, 0x000000008d600000, 0x000000008d700000|  0%| F|  |TAMS 0x000000008d600000, 0x000000008d600000| Untracked 
| 215|0x000000008d700000, 0x000000008d700000, 0x000000008d800000|  0%| F|  |TAMS 0x000000008d700000, 0x000000008d700000| Untracked 
| 216|0x000000008d800000, 0x000000008d800000, 0x000000008d900000|  0%| F|  |TAMS 0x000000008d800000, 0x000000008d800000| Untracked 
| 217|0x000000008d900000, 0x000000008d900000, 0x000000008da00000|  0%| F|  |TAMS 0x000000008d900000, 0x000000008d900000| Untracked 
| 218|0x000000008da00000, 0x000000008da00000, 0x000000008db00000|  0%| F|  |TAMS 0x000000008da00000, 0x000000008da00000| Untracked 
| 219|0x000000008db00000, 0x000000008db00000, 0x000000008dc00000|  0%| F|  |TAMS 0x000000008db00000, 0x000000008db00000| Untracked 
| 220|0x000000008dc00000, 0x000000008dc00000, 0x000000008dd00000|  0%| F|  |TAMS 0x000000008dc00000, 0x000000008dc00000| Untracked 
| 221|0x000000008dd00000, 0x000000008dd00000, 0x000000008de00000|  0%| F|  |TAMS 0x000000008dd00000, 0x000000008dd00000| Untracked 
| 222|0x000000008de00000, 0x000000008de00000, 0x000000008df00000|  0%| F|  |TAMS 0x000000008de00000, 0x000000008de00000| Untracked 
| 223|0x000000008df00000, 0x000000008df00000, 0x000000008e000000|  0%| F|  |TAMS 0x000000008df00000, 0x000000008df00000| Untracked 
| 224|0x000000008e000000, 0x000000008e000000, 0x000000008e100000|  0%| F|  |TAMS 0x000000008e000000, 0x000000008e000000| Untracked 
| 225|0x000000008e100000, 0x000000008e100000, 0x000000008e200000|  0%| F|  |TAMS 0x000000008e100000, 0x000000008e100000| Untracked 
| 226|0x000000008e200000, 0x000000008e200000, 0x000000008e300000|  0%| F|  |TAMS 0x000000008e200000, 0x000000008e200000| Untracked 
| 227|0x000000008e300000, 0x000000008e300000, 0x000000008e400000|  0%| F|  |TAMS 0x000000008e300000, 0x000000008e300000| Untracked 
| 228|0x000000008e400000, 0x000000008e400000, 0x000000008e500000|  0%| F|  |TAMS 0x000000008e400000, 0x000000008e400000| Untracked 
| 229|0x000000008e500000, 0x000000008e500000, 0x000000008e600000|  0%| F|  |TAMS 0x000000008e500000, 0x000000008e500000| Untracked 
| 230|0x000000008e600000, 0x000000008e600000, 0x000000008e700000|  0%| F|  |TAMS 0x000000008e600000, 0x000000008e600000| Untracked 
| 231|0x000000008e700000, 0x000000008e700000, 0x000000008e800000|  0%| F|  |TAMS 0x000000008e700000, 0x000000008e700000| Untracked 
| 232|0x000000008e800000, 0x000000008e800000, 0x000000008e900000|  0%| F|  |TAMS 0x000000008e800000, 0x000000008e800000| Untracked 
| 233|0x000000008e900000, 0x000000008e900000, 0x000000008ea00000|  0%| F|  |TAMS 0x000000008e900000, 0x000000008e900000| Untracked 
| 234|0x000000008ea00000, 0x000000008ea00000, 0x000000008eb00000|  0%| F|  |TAMS 0x000000008ea00000, 0x000000008ea00000| Untracked 
| 235|0x000000008eb00000, 0x000000008eb00000, 0x000000008ec00000|  0%| F|  |TAMS 0x000000008eb00000, 0x000000008eb00000| Untracked 
| 236|0x000000008ec00000, 0x000000008ec00000, 0x000000008ed00000|  0%| F|  |TAMS 0x000000008ec00000, 0x000000008ec00000| Untracked 
| 237|0x000000008ed00000, 0x000000008ed00000, 0x000000008ee00000|  0%| F|  |TAMS 0x000000008ed00000, 0x000000008ed00000| Untracked 
| 238|0x000000008ee00000, 0x000000008ee00000, 0x000000008ef00000|  0%| F|  |TAMS 0x000000008ee00000, 0x000000008ee00000| Untracked 
| 239|0x000000008ef00000, 0x000000008ef00000, 0x000000008f000000|  0%| F|  |TAMS 0x000000008ef00000, 0x000000008ef00000| Untracked 
| 240|0x000000008f000000, 0x000000008f000000, 0x000000008f100000|  0%| F|  |TAMS 0x000000008f000000, 0x000000008f000000| Untracked 
| 241|0x000000008f100000, 0x000000008f100000, 0x000000008f200000|  0%| F|  |TAMS 0x000000008f100000, 0x000000008f100000| Untracked 
| 242|0x000000008f200000, 0x000000008f200000, 0x000000008f300000|  0%| F|  |TAMS 0x000000008f200000, 0x000000008f200000| Untracked 
| 243|0x000000008f300000, 0x000000008f300000, 0x000000008f400000|  0%| F|  |TAMS 0x000000008f300000, 0x000000008f300000| Untracked 
| 244|0x000000008f400000, 0x000000008f400000, 0x000000008f500000|  0%| F|  |TAMS 0x000000008f400000, 0x000000008f400000| Untracked 
| 245|0x000000008f500000, 0x000000008f500000, 0x000000008f600000|  0%| F|  |TAMS 0x000000008f500000, 0x000000008f500000| Untracked 
| 246|0x000000008f600000, 0x000000008f600000, 0x000000008f700000|  0%| F|  |TAMS 0x000000008f600000, 0x000000008f600000| Untracked 
| 247|0x000000008f700000, 0x000000008f700000, 0x000000008f800000|  0%| F|  |TAMS 0x000000008f700000, 0x000000008f700000| Untracked 
| 248|0x000000008f800000, 0x000000008f800000, 0x000000008f900000|  0%| F|  |TAMS 0x000000008f800000, 0x000000008f800000| Untracked 
| 249|0x000000008f900000, 0x000000008f900000, 0x000000008fa00000|  0%| F|  |TAMS 0x000000008f900000, 0x000000008f900000| Untracked 
| 250|0x000000008fa00000, 0x000000008fa00000, 0x000000008fb00000|  0%| F|  |TAMS 0x000000008fa00000, 0x000000008fa00000| Untracked 
| 251|0x000000008fb00000, 0x000000008fb00000, 0x000000008fc00000|  0%| F|  |TAMS 0x000000008fb00000, 0x000000008fb00000| Untracked 
| 252|0x000000008fc00000, 0x000000008fc00000, 0x000000008fd00000|  0%| F|  |TAMS 0x000000008fc00000, 0x000000008fc00000| Untracked 
| 253|0x000000008fd00000, 0x000000008fd00000, 0x000000008fe00000|  0%| F|  |TAMS 0x000000008fd00000, 0x000000008fd00000| Untracked 
| 254|0x000000008fe00000, 0x000000008fe00000, 0x000000008ff00000|  0%| F|  |TAMS 0x000000008fe00000, 0x000000008fe00000| Untracked 
| 255|0x000000008ff00000, 0x000000008ff00000, 0x0000000090000000|  0%| F|  |TAMS 0x000000008ff00000, 0x000000008ff00000| Untracked 
| 256|0x0000000090000000, 0x0000000090000000, 0x0000000090100000|  0%| F|  |TAMS 0x0000000090000000, 0x0000000090000000| Untracked 
| 257|0x0000000090100000, 0x0000000090100000, 0x0000000090200000|  0%| F|  |TAMS 0x0000000090100000, 0x0000000090100000| Untracked 
| 258|0x0000000090200000, 0x0000000090200000, 0x0000000090300000|  0%| F|  |TAMS 0x0000000090200000, 0x0000000090200000| Untracked 
|2046|0x00000000ffe00000, 0x00000000ffe75000, 0x00000000fff00000| 45%|OA|  |TAMS 0x00000000ffe75000, 0x00000000ffe00000| Untracked 
|2047|0x00000000fff00000, 0x00000000fff78000, 0x0000000100000000| 46%|CA|  |TAMS 0x00000000fff78000, 0x00000000fff00000| Untracked 

Card table byte_map: [0x00007f58d62a3000,0x00007f58d66a3000] _byte_map_base: 0x00007f58d5ea3000

Marking Bits (Prev, Next): (CMBitMap*) 0x00007f58d0076510, (CMBitMap*) 0x00007f58d00764d0
 Prev Bits: [0x00007f58b5511000, 0x00007f58b7511000)
 Next Bits: [0x00007f58b7511000, 0x00007f58b9511000)

Polling page: 0x00007f58d8866000

Metaspace:

Usage:
  Non-class:     77.80 MB used.
      Class:     12.48 MB used.
       Both:     90.28 MB used.

Virtual space:
  Non-class space:      128.00 MB reserved,      78.19 MB ( 61%) committed,  2 nodes.
      Class space:        1.00 GB reserved,      12.88 MB (  1%) committed,  1 nodes.
             Both:        1.12 GB reserved,      91.06 MB (  8%) committed. 

Chunk freelists:
   Non-Class:  1.20 MB
       Class:  2.98 MB
        Both:  4.18 MB

MaxMetaspaceSize: unlimited
CompressedClassSpaceSize: 1.00 GB
Initial GC threshold: 21.00 MB
Current GC threshold: 151.56 MB
CDS: on
MetaspaceReclaimPolicy: balanced
 - commit_granule_bytes: 65536.
 - commit_granule_words: 8192.
 - virtual_space_node_default_size: 8388608.
 - enlarge_chunks_in_place: 1.
 - new_chunks_are_fully_committed: 0.
 - uncommit_free_chunks: 1.
 - use_allocation_guard: 0.
 - handle_deallocations: 1.


Internal statistics:

num_allocs_failed_limit: 12.
num_arena_births: 1028.
num_arena_deaths: 0.
num_vsnodes_births: 3.
num_vsnodes_deaths: 0.
num_space_committed: 1457.
num_space_uncommitted: 0.
num_chunks_returned_to_freelist: 12.
num_chunks_taken_from_freelist: 4902.
num_chunk_merges: 12.
num_chunk_splits: 3198.
num_chunks_enlarged: 2119.
num_inconsistent_stats: 0.

CodeHeap 'non-profiled nmethods': size=120036Kb used=5226Kb max_used=5226Kb free=114809Kb
 bounds [0x00007f58c0fd8000, 0x00007f58c14f8000, 0x00007f58c8511000]
CodeHeap 'profiled nmethods': size=120032Kb used=19948Kb max_used=19948Kb free=100084Kb
 bounds [0x00007f58b9511000, 0x00007f58ba891000, 0x00007f58c0a49000]
CodeHeap 'non-nmethods': size=5692Kb used=2418Kb max_used=2494Kb free=3273Kb
 bounds [0x00007f58c0a49000, 0x00007f58c0cd9000, 0x00007f58c0fd8000]
 total_blobs=11827 nmethods=10868 adapters=872
 compilation: enabled
              stopped_count=0, restarted_count=0
 full_count=0

Compilation events (20 events):
Event: 45.807 Thread 0x00007f58d00e5200 12987       3       org.gradle.api.internal.changedetection.state.DefaultZipEntryContext$ZipEntryRelativePath::get (5 bytes)
Event: 45.807 Thread 0x00007f58d00e5200 nmethod 12987 0x00007f58ba889910 code [0x00007f58ba889ae0, 0x00007f58ba889e70]
Event: 45.807 Thread 0x00007f58d00e5200 12988       3       org.gradle.api.internal.changedetection.state.PropertiesFileAwareClasspathResourceHasher$$Lambda$573/0x00007f58584b68f0::test (12 bytes)
Event: 45.807 Thread 0x00007f58d00e5200 nmethod 12988 0x00007f58ba88a010 code [0x00007f58ba88a200, 0x00007f58ba88a900]
Event: 45.807 Thread 0x00007f58d00e3cd0 nmethod 12975 0x00007f58c14eca90 code [0x00007f58c14ecc40, 0x00007f58c14ecf18]
Event: 45.807 Thread 0x00007f58d00e3cd0 12897       4       org.jetbrains.org.objectweb.asm.Type::getReturnTypeOffset (64 bytes)
Event: 45.815 Thread 0x00007f58d00e3cd0 nmethod 12897 0x00007f58c14ed210 code [0x00007f58c14ed3a0, 0x00007f58c14ed998]
Event: 45.815 Thread 0x00007f58d00e3cd0 12989       4       java.util.StringTokenizer::scanToken (179 bytes)
Event: 45.824 Thread 0x00007f58d00e3cd0 nmethod 12989 0x00007f58c14edd90 code [0x00007f58c14edf20, 0x00007f58c14ee9d8]
Event: 45.824 Thread 0x00007f58d00e3cd0 12899       4       org.jetbrains.kotlin.gradle.internal.kapt.incremental.ClassTypeExtractorVisitor::visitMethod (159 bytes)
Event: 45.828 Thread 0x00007f58d00e5200 12990       2       org.gradle.internal.fingerprint.classpath.impl.ClasspathFingerprintingStrategy$ClasspathFingerprintingVisitor$1::visitRegularFile (132 bytes)
Event: 45.829 Thread 0x00007f58d00e5200 nmethod 12990 0x00007f58ba88aa90 code [0x00007f58ba88ace0, 0x00007f58ba88b280]
Event: 45.829 Thread 0x00007f58d00e5200 12991       2       org.gradle.internal.fingerprint.classpath.impl.ClasspathFingerprintingStrategy$ClasspathFingerprintingVisitor::access$100 (7 bytes)
Event: 45.829 Thread 0x00007f58d00e5200 nmethod 12991 0x00007f58ba88b710 code [0x00007f58ba88b8c0, 0x00007f58ba88b9c0]
Event: 45.915 Thread 0x00007f58d00e3cd0 nmethod 12899 0x00007f58c14eec90 code [0x00007f58c14eef40, 0x00007f58c14f0d90]
Event: 45.915 Thread 0x00007f58d00e3cd0 12906       4       org.jetbrains.org.objectweb.asm.ClassReader::getFirstAttributeOffset (136 bytes)
Event: 45.919 Thread 0x00007f58d00e3cd0 nmethod 12906 0x00007f58c14f1f90 code [0x00007f58c14f2140, 0x00007f58c14f2638]
Event: 45.919 Thread 0x00007f58d00e3cd0 12908       4       org.jetbrains.org.objectweb.asm.ClassWriter::toByteArray (1535 bytes)
Event: 45.949 Thread 0x00007f58d00e5200 12992       2       org.gradle.internal.fingerprint.FingerprintHashingStrategy::appendCollectionToHasherKeepingOrder (39 bytes)
Event: 45.950 Thread 0x00007f58d00e5200 nmethod 12992 0x00007f58ba88ba90 code [0x00007f58ba88bc60, 0x00007f58ba88bed0]

GC Heap History (20 events):
Event: 17.942 GC heap after
{Heap after GC invocations=34 (full 0):
 garbage-first heap   total 267264K, used 66169K [0x0000000080000000, 0x0000000100000000)
  region size 1024K, 4 young (4096K), 4 survivors (4096K)
 Metaspace       used 55274K, committed 55872K, reserved 1114112K
  class space    used 7544K, committed 7808K, reserved 1048576K
}
Event: 21.728 GC heap before
{Heap before GC invocations=34 (full 0):
 garbage-first heap   total 267264K, used 231033K [0x0000000080000000, 0x0000000100000000)
  region size 1024K, 151 young (154624K), 4 survivors (4096K)
 Metaspace       used 65497K, committed 66048K, reserved 1114112K
  class space    used 8886K, committed 9152K, reserved 1048576K
}
Event: 21.748 GC heap after
{Heap after GC invocations=35 (full 0):
 garbage-first heap   total 267264K, used 82915K [0x0000000080000000, 0x0000000100000000)
  region size 1024K, 14 young (14336K), 14 survivors (14336K)
 Metaspace       used 65497K, committed 66048K, reserved 1114112K
  class space    used 8886K, committed 9152K, reserved 1048576K
}
Event: 25.322 GC heap before
{Heap before GC invocations=35 (full 0):
 garbage-first heap   total 267264K, used 207843K [0x0000000080000000, 0x0000000100000000)
  region size 1024K, 136 young (139264K), 14 survivors (14336K)
 Metaspace       used 75071K, committed 75648K, reserved 1179648K
  class space    used 10411K, committed 10688K, reserved 1048576K
}
Event: 25.410 GC heap after
{Heap after GC invocations=36 (full 0):
 garbage-first heap   total 267264K, used 89033K [0x0000000080000000, 0x0000000100000000)
  region size 1024K, 7 young (7168K), 7 survivors (7168K)
 Metaspace       used 75071K, committed 75648K, reserved 1179648K
  class space    used 10411K, committed 10688K, reserved 1048576K
}
Event: 29.853 GC heap before
{Heap before GC invocations=36 (full 0):
 garbage-first heap   total 267264K, used 211913K [0x0000000080000000, 0x0000000100000000)
  region size 1024K, 127 young (130048K), 7 survivors (7168K)
 Metaspace       used 81830K, committed 82496K, reserved 1179648K
  class space    used 11399K, committed 11712K, reserved 1048576K
}
Event: 29.930 GC heap after
{Heap after GC invocations=37 (full 0):
 garbage-first heap   total 267264K, used 95689K [0x0000000080000000, 0x0000000100000000)
  region size 1024K, 13 young (13312K), 13 survivors (13312K)
 Metaspace       used 81830K, committed 82496K, reserved 1179648K
  class space    used 11399K, committed 11712K, reserved 1048576K
}
Event: 31.107 GC heap before
{Heap before GC invocations=37 (full 0):
 garbage-first heap   total 267264K, used 128457K [0x0000000080000000, 0x0000000100000000)
  region size 1024K, 46 young (47104K), 13 survivors (13312K)
 Metaspace       used 83173K, committed 83840K, reserved 1179648K
  class space    used 11583K, committed 11904K, reserved 1048576K
}
Event: 31.138 GC heap after
{Heap after GC invocations=38 (full 0):
 garbage-first heap   total 267264K, used 96911K [0x0000000080000000, 0x0000000100000000)
  region size 1024K, 9 young (9216K), 9 survivors (9216K)
 Metaspace       used 83173K, committed 83840K, reserved 1179648K
  class space    used 11583K, committed 11904K, reserved 1048576K
}
Event: 43.119 GC heap before
{Heap before GC invocations=39 (full 0):
 garbage-first heap   total 267264K, used 216719K [0x0000000080000000, 0x0000000100000000)
  region size 1024K, 127 young (130048K), 9 survivors (9216K)
 Metaspace       used 92266K, committed 93056K, reserved 1179648K
  class space    used 12769K, committed 13184K, reserved 1048576K
}
Event: 43.145 GC heap after
{Heap after GC invocations=40 (full 0):
 garbage-first heap   total 267264K, used 102268K [0x0000000080000000, 0x0000000100000000)
  region size 1024K, 7 young (7168K), 7 survivors (7168K)
 Metaspace       used 92266K, committed 93056K, reserved 1179648K
  class space    used 12769K, committed 13184K, reserved 1048576K
}
Event: 43.902 GC heap before
{Heap before GC invocations=40 (full 0):
 garbage-first heap   total 267264K, used 219004K [0x0000000080000000, 0x0000000100000000)
  region size 1024K, 122 young (124928K), 7 survivors (7168K)
 Metaspace       used 92339K, committed 93120K, reserved 1179648K
  class space    used 12772K, committed 13184K, reserved 1048576K
}
Event: 43.919 GC heap after
{Heap after GC invocations=41 (full 0):
 garbage-first heap   total 267264K, used 103292K [0x0000000080000000, 0x0000000100000000)
  region size 1024K, 8 young (8192K), 8 survivors (8192K)
 Metaspace       used 92339K, committed 93120K, reserved 1179648K
  class space    used 12772K, committed 13184K, reserved 1048576K
}
Event: 44.619 GC heap before
{Heap before GC invocations=42 (full 0):
 garbage-first heap   total 267264K, used 226172K [0x0000000080000000, 0x0000000100000000)
  region size 1024K, 125 young (128000K), 8 survivors (8192K)
 Metaspace       used 92381K, committed 93184K, reserved 1179648K
  class space    used 12773K, committed 13184K, reserved 1048576K
}
Event: 44.634 GC heap after
{Heap after GC invocations=43 (full 0):
 garbage-first heap   total 267264K, used 105340K [0x0000000080000000, 0x0000000100000000)
  region size 1024K, 8 young (8192K), 8 survivors (8192K)
 Metaspace       used 92381K, committed 93184K, reserved 1179648K
  class space    used 12773K, committed 13184K, reserved 1048576K
}
Event: 45.006 GC heap before
{Heap before GC invocations=43 (full 0):
 garbage-first heap   total 267264K, used 225148K [0x0000000080000000, 0x0000000100000000)
  region size 1024K, 125 young (128000K), 8 survivors (8192K)
 Metaspace       used 92397K, committed 93184K, reserved 1179648K
  class space    used 12773K, committed 13184K, reserved 1048576K
}
Event: 45.023 GC heap after
{Heap after GC invocations=44 (full 0):
 garbage-first heap   total 267264K, used 106364K [0x0000000080000000, 0x0000000100000000)
  region size 1024K, 9 young (9216K), 9 survivors (9216K)
 Metaspace       used 92397K, committed 93184K, reserved 1179648K
  class space    used 12773K, committed 13184K, reserved 1048576K
}
Event: 45.320 GC heap before
{Heap before GC invocations=44 (full 0):
 garbage-first heap   total 267264K, used 227196K [0x0000000080000000, 0x0000000100000000)
  region size 1024K, 127 young (130048K), 9 survivors (9216K)
 Metaspace       used 92397K, committed 93184K, reserved 1179648K
  class space    used 12773K, committed 13184K, reserved 1048576K
}
Event: 45.341 GC heap after
{Heap after GC invocations=45 (full 0):
 garbage-first heap   total 267264K, used 108463K [0x0000000080000000, 0x0000000100000000)
  region size 1024K, 10 young (10240K), 10 survivors (10240K)
 Metaspace       used 92397K, committed 93184K, reserved 1179648K
  class space    used 12773K, committed 13184K, reserved 1048576K
}
Event: 46.127 GC heap before
{Heap before GC invocations=45 (full 0):
 garbage-first heap   total 267264K, used 227247K [0x0000000080000000, 0x0000000100000000)
  region size 1024K, 126 young (129024K), 10 survivors (10240K)
 Metaspace       used 92447K, committed 93248K, reserved 1179648K
  class space    used 12778K, committed 13184K, reserved 1048576K
}

Dll operation events (16 events):
Event: 0.006 Loaded shared library /usr/lib/jvm/java-17-openjdk-amd64/lib/libjava.so
Event: 0.025 Loaded shared library /usr/lib/jvm/java-17-openjdk-amd64/lib/libjsvml.so
Event: 0.109 Loaded shared library /usr/lib/jvm/java-17-openjdk-amd64/lib/libzip.so
Event: 0.110 Loaded shared library /usr/lib/jvm/java-17-openjdk-amd64/lib/libinstrument.so
Event: 0.112 Loaded shared library /usr/lib/jvm/java-17-openjdk-amd64/lib/libnio.so
Event: 0.114 Loaded shared library /usr/lib/jvm/java-17-openjdk-amd64/lib/libzip.so
Event: 0.310 Loaded shared library /usr/lib/jvm/java-17-openjdk-amd64/lib/libjimage.so
Event: 0.520 Loaded shared library /usr/lib/jvm/java-17-openjdk-amd64/lib/libverify.so
Event: 0.724 Loaded shared library /usr/lib/jvm/java-17-openjdk-amd64/lib/libnet.so
Event: 0.725 Loaded shared library /root/.gradle/native/c067742578af261105cb4f569cf0c3c89f3d7b1fecec35dd04571415982c5e48/linux-amd64/libnative-platform.so
Event: 0.731 Loaded shared library /root/.gradle/native/100fb08df4bc3b14c8652ba06237920a3bd2aa13389f12d3474272988ae205f9/linux-amd64/libnative-platform-file-events.so
Event: 2.239 Loaded shared library /usr/lib/jvm/java-17-openjdk-amd64/lib/libmanagement.so
Event: 2.240 Loaded shared library /usr/lib/jvm/java-17-openjdk-amd64/lib/libmanagement_ext.so
Event: 2.433 Loaded shared library /usr/lib/jvm/java-17-openjdk-amd64/lib/libextnet.so
Event: 33.310 Loaded shared library /usr/lib/jvm/java-17-openjdk-amd64/lib/librmi.so
Event: 33.434 Loaded shared library /tmp/native-platform18176966020162911515dir/libnative-platform.so

Deoptimization events (20 events):
Event: 45.536 Thread 0x00007f58d0203e60 Uncommon trap: trap_request=0xffffffc6 fr.pc=0x00007f58c1112a20 relative=0x0000000000000260
Event: 45.536 Thread 0x00007f58d0203e60 Uncommon trap: reason=bimorphic_or_optimized_type_check action=maybe_recompile pc=0x00007f58c1112a20 method=java.util.Spliterators$IteratorSpliterator.tryAdvance(Ljava/util/function/Consumer;)Z @ 50 c2
Event: 45.536 Thread 0x00007f58d0203e60 DEOPT PACKING pc=0x00007f58c1112a20 sp=0x00007f58a58f4280
Event: 45.536 Thread 0x00007f58d0203e60 DEOPT UNPACKING pc=0x00007f58c0aa2b19 sp=0x00007f58a58f4240 mode 2
Event: 45.536 Thread 0x00007f58d0203e60 Uncommon trap: trap_request=0xffffffc6 fr.pc=0x00007f58c1112a20 relative=0x0000000000000260
Event: 45.536 Thread 0x00007f58d0203e60 Uncommon trap: reason=bimorphic_or_optimized_type_check action=maybe_recompile pc=0x00007f58c1112a20 method=java.util.Spliterators$IteratorSpliterator.tryAdvance(Ljava/util/function/Consumer;)Z @ 50 c2
Event: 45.536 Thread 0x00007f58d0203e60 DEOPT PACKING pc=0x00007f58c1112a20 sp=0x00007f58a58f4280
Event: 45.536 Thread 0x00007f58d0203e60 DEOPT UNPACKING pc=0x00007f58c0aa2b19 sp=0x00007f58a58f4240 mode 2
Event: 45.536 Thread 0x00007f58d0203e60 Uncommon trap: trap_request=0xffffffc6 fr.pc=0x00007f58c1112a20 relative=0x0000000000000260
Event: 45.536 Thread 0x00007f58d0203e60 Uncommon trap: reason=bimorphic_or_optimized_type_check action=maybe_recompile pc=0x00007f58c1112a20 method=java.util.Spliterators$IteratorSpliterator.tryAdvance(Ljava/util/function/Consumer;)Z @ 50 c2
Event: 45.536 Thread 0x00007f58d0203e60 DEOPT PACKING pc=0x00007f58c1112a20 sp=0x00007f58a58f4280
Event: 45.536 Thread 0x00007f58d0203e60 DEOPT UNPACKING pc=0x00007f58c0aa2b19 sp=0x00007f58a58f4240 mode 2
Event: 45.536 Thread 0x00007f58d0203e60 Uncommon trap: trap_request=0xffffffc6 fr.pc=0x00007f58c1112a20 relative=0x0000000000000260
Event: 45.536 Thread 0x00007f58d0203e60 Uncommon trap: reason=bimorphic_or_optimized_type_check action=maybe_recompile pc=0x00007f58c1112a20 method=java.util.Spliterators$IteratorSpliterator.tryAdvance(Ljava/util/function/Consumer;)Z @ 50 c2
Event: 45.536 Thread 0x00007f58d0203e60 DEOPT PACKING pc=0x00007f58c1112a20 sp=0x00007f58a58f4280
Event: 45.536 Thread 0x00007f58d0203e60 DEOPT UNPACKING pc=0x00007f58c0aa2b19 sp=0x00007f58a58f4240 mode 2
Event: 45.712 Thread 0x00007f58d0203e60 Uncommon trap: trap_request=0xffffff45 fr.pc=0x00007f58c12680bc relative=0x000000000000009c
Event: 45.712 Thread 0x00007f58d0203e60 Uncommon trap: reason=unstable_if action=reinterpret pc=0x00007f58c12680bc method=java.nio.Buffer.position(I)Ljava/nio/Buffer; @ 37 c2
Event: 45.712 Thread 0x00007f58d0203e60 DEOPT PACKING pc=0x00007f58c12680bc sp=0x00007f58a58f3ab0
Event: 45.712 Thread 0x00007f58d0203e60 DEOPT UNPACKING pc=0x00007f58c0aa2b19 sp=0x00007f58a58f3a58 mode 2

Classes loaded (20 events):
Event: 34.642 Loading class sun/rmi/transport/DGCImpl$LeaseInfo
Event: 34.642 Loading class sun/rmi/transport/DGCImpl$LeaseInfo done
Event: 34.642 Loading class sun/rmi/transport/DGCImpl$1
Event: 34.642 Loading class sun/rmi/transport/DGCImpl$1 done
Event: 34.642 Loading class sun/rmi/transport/SequenceEntry
Event: 34.642 Loading class sun/rmi/transport/SequenceEntry done
Event: 42.665 Loading class javax/swing/text/html/HTMLEditorKit$ParserCallback
Event: 42.665 Loading class javax/swing/text/html/HTMLEditorKit$ParserCallback done
Event: 42.815 Loading class jdk/internal/reflect/UnsafeQualifiedStaticIntegerFieldAccessorImpl
Event: 42.815 Loading class jdk/internal/reflect/UnsafeQualifiedStaticIntegerFieldAccessorImpl done
Event: 42.946 Loading class java/nio/file/StandardCopyOption
Event: 42.947 Loading class java/nio/file/StandardCopyOption done
Event: 42.947 Loading class sun/nio/fs/UnixCopyFile
Event: 42.947 Loading class sun/nio/fs/UnixCopyFile done
Event: 42.947 Loading class sun/nio/fs/UnixCopyFile$Flags
Event: 42.947 Loading class sun/nio/fs/UnixCopyFile$Flags done
Event: 43.004 Loading class java/util/stream/SortedOps$RefSortingSink
Event: 43.005 Loading class java/util/stream/SortedOps$RefSortingSink done
Event: 43.151 Loading class sun/rmi/transport/DGCClient$EndpointEntry$CleanRequest
Event: 43.202 Loading class sun/rmi/transport/DGCClient$EndpointEntry$CleanRequest done

Classes unloaded (0 events):
No events

Classes redefined (0 events):
No events

Internal exceptions (20 events):
Event: 33.035 Thread 0x00007f58a202ee90 Exception <a 'java/lang/NoSuchMethodError'{0x000000008c5d9398}: static Lorg/jetbrains/kotlin/incremental/ClasspathChanges;.<clinit>()V> (0x000000008c5d9398) 
thrown [./src/hotspot/share/prims/jni.cpp, line 1112]
Event: 33.255 Thread 0x00007f58d179eaf0 Exception <a 'java/lang/NoSuchMethodError'{0x000000008be714b0}: static Lorg/jetbrains/kotlin/daemon/common/LoopbackNetworkInterface$AbstractClientLoopbackSocketFactory;.<clinit>()V> (0x000000008be714b0) 
thrown [./src/hotspot/share/prims/jni.cpp, line 1112]
Event: 33.255 Thread 0x00007f58d179eaf0 Exception <a 'java/lang/NoSuchMethodError'{0x000000008be7d080}: static Lorg/jetbrains/kotlin/daemon/common/LoopbackNetworkInterface$ClientLoopbackSocketFactory;.<clinit>()V> (0x000000008be7d080) 
thrown [./src/hotspot/share/prims/jni.cpp, line 1112]
Event: 33.313 Thread 0x00007f58d179eaf0 Exception <a 'java/lang/NoSuchMethodError'{0x000000008bed75e8}: static [Ljava/rmi/server/ObjID;.<clinit>()V> (0x000000008bed75e8) 
thrown [./src/hotspot/share/prims/jni.cpp, line 1112]
Event: 33.318 Thread 0x00007f58d179eaf0 Exception <a 'java/lang/NoSuchMethodError'{0x000000008bd12928}: static [B.<clinit>()V> (0x000000008bd12928) 
thrown [./src/hotspot/share/prims/jni.cpp, line 1112]
Event: 33.323 Thread 0x00007f58a807c010 Exception <a 'java/lang/InterruptedException'{0x000000008bd60a10}> (0x000000008bd60a10) 
thrown [./src/hotspot/share/runtime/objectMonitor.cpp, line 1658]
Event: 33.323 Thread 0x00007f58a807c010 Exception <a 'java/lang/NoSuchMethodError'{0x000000008bd61e70}: 'java.lang.Object java.lang.invoke.DirectMethodHandle$Holder.invokeSpecial(java.lang.Object, java.lang.Object, int, java.lang.Object, long)'> (0x000000008bd61e70) 
thrown [./src/hotspot/share/interpreter/linkResolver.cpp, line 758]
Event: 33.323 Thread 0x00007f58a807c010 Exception <a 'java/lang/NoSuchMethodError'{0x000000008bd69550}: 'java.lang.Object java.lang.invoke.DirectMethodHandle$Holder.newInvokeSpecial(java.lang.Object, java.lang.Object, int, java.lang.Object, long)'> (0x000000008bd69550) 
thrown [./src/hotspot/share/interpreter/linkResolver.cpp, line 758]
Event: 33.340 Thread 0x00007f58d179eaf0 Exception <a 'java/lang/NoSuchMethodError'{0x000000008bdb5d00}: static Lorg/jetbrains/kotlin/daemon/common/CompileService$CallResult;.<clinit>()V> (0x000000008bdb5d00) 
thrown [./src/hotspot/share/prims/jni.cpp, line 1112]
Event: 33.341 Thread 0x00007f58d179eaf0 Exception <a 'java/lang/NoSuchMethodError'{0x000000008bdc1e38}: static Lorg/jetbrains/kotlin/daemon/common/CompileService$CallResult$Good;.<clinit>()V> (0x000000008bdc1e38) 
thrown [./src/hotspot/share/prims/jni.cpp, line 1112]
Event: 33.342 Thread 0x00007f58d179eaf0 Exception <a 'java/lang/NoSuchMethodError'{0x000000008bdcf0a0}: static Lorg/jetbrains/kotlin/daemon/common/DaemonJVMOptions;.<clinit>()V> (0x000000008bdcf0a0) 
thrown [./src/hotspot/share/prims/jni.cpp, line 1112]
Event: 33.443 Thread 0x00007f58d179eaf0 Exception <a 'java/lang/NoSuchMethodError'{0x000000008bb96c48}: 'java.lang.Object java.lang.invoke.DirectMethodHandle$Holder.invokeStatic(java.lang.Object, java.lang.Object, long, java.lang.Object)'> (0x000000008bb96c48) 
thrown [./src/hotspot/share/interpreter/linkResolver.cpp, line 758]
Event: 33.444 Thread 0x00007f58d179eaf0 Exception <a 'java/lang/NoSuchMethodError'{0x000000008bb9a6c8}: 'java.lang.Object java.lang.invoke.DirectMethodHandle$Holder.invokeStaticInit(java.lang.Object, java.lang.Object, long, java.lang.Object)'> (0x000000008bb9a6c8) 
thrown [./src/hotspot/share/interpreter/linkResolver.cpp, line 758]
Event: 33.455 Thread 0x00007f58a80a13f0 Implicit null exception at 0x00007f58c12585a3 to 0x00007f58c125877c
Event: 34.339 Thread 0x00007f58a80a13f0 Exception <a 'java/lang/InterruptedException'{0x000000008ba60e70}> (0x000000008ba60e70) 
thrown [./src/hotspot/share/runtime/objectMonitor.cpp, line 1658]
Event: 34.413 Thread 0x00007f58a80a2570 Exception <a 'java/lang/InterruptedException'{0x000000008ba90088}> (0x000000008ba90088) 
thrown [./src/hotspot/share/runtime/objectMonitor.cpp, line 1658]
Event: 34.420 Thread 0x00007f58d179eaf0 Exception <a 'java/lang/NoSuchMethodError'{0x000000008babf9d0}: static Lorg/jetbrains/kotlin/daemon/common/CompileService$CallResult$Ok;.<clinit>()V> (0x000000008babf9d0) 
thrown [./src/hotspot/share/prims/jni.cpp, line 1112]
Event: 34.452 Thread 0x00007f58d179eaf0 Exception <a 'java/lang/NoSuchMethodError'{0x000000008b87f880}: static [Ljava/lang/Integer;.<clinit>()V> (0x000000008b87f880) 
thrown [./src/hotspot/share/prims/jni.cpp, line 1112]
Event: 42.930 Thread 0x00005634ca67ef60 Exception <a 'java/lang/NoSuchMethodError'{0x0000000089f37020}: static Lorg/jetbrains/kotlin/gradle/internal/kapt/incremental/ClasspathEntryData;.<clinit>()V> (0x0000000089f37020) 
thrown [./src/hotspot/share/prims/jni.cpp, line 1112]
Event: 42.947 Thread 0x00007f58d0203e60 Implicit null exception at 0x00007f58c1019fa0 to 0x00007f58c101a410

VM Operations (20 events):
Event: 43.145 Executing VM operation: G1CollectForAllocation done
Event: 43.901 Executing VM operation: G1CollectForAllocation
Event: 43.919 Executing VM operation: G1CollectForAllocation done
Event: 43.922 Executing VM operation: G1PauseRemark
Event: 43.934 Executing VM operation: G1PauseRemark done
Event: 44.134 Executing VM operation: G1PauseCleanup
Event: 44.134 Executing VM operation: G1PauseCleanup done
Event: 44.325 Executing VM operation: HandshakeAllThreads
Event: 44.327 Executing VM operation: HandshakeAllThreads done
Event: 44.618 Executing VM operation: G1CollectForAllocation
Event: 44.618 Executing VM operation: G1CollectForAllocation done
Event: 44.619 Executing VM operation: G1CollectForAllocation
Event: 44.634 Executing VM operation: G1CollectForAllocation done
Event: 45.006 Executing VM operation: G1CollectForAllocation
Event: 45.023 Executing VM operation: G1CollectForAllocation done
Event: 45.320 Executing VM operation: G1CollectForAllocation
Event: 45.341 Executing VM operation: G1CollectForAllocation done
Event: 45.711 Executing VM operation: HandshakeAllThreads
Event: 45.711 Executing VM operation: HandshakeAllThreads done
Event: 46.127 Executing VM operation: G1CollectForAllocation

Memory protections (20 events):
Event: 29.115 Protecting memory [0x00007f58a52f4000,0x00007f58a52f8000] with protection modes 0
Event: 29.218 Protecting memory [0x00007f58a51f3000,0x00007f58a51f7000] with protection modes 0
Event: 29.421 Protecting memory [0x00007f58a50f2000,0x00007f58a50f6000] with protection modes 0
Event: 29.502 Protecting memory [0x00007f58a4ff1000,0x00007f58a4ff5000] with protection modes 0
Event: 29.839 Protecting memory [0x00007f58a4ef0000,0x00007f58a4ef4000] with protection modes 0
Event: 30.237 Protecting memory [0x00007f58a4def000,0x00007f58a4df3000] with protection modes 0
Event: 30.428 Protecting memory [0x00007f58a4cee000,0x00007f58a4cf2000] with protection modes 0
Event: 30.633 Protecting memory [0x00007f58a4bed000,0x00007f58a4bf1000] with protection modes 0
Event: 33.045 Protecting memory [0x00007f58a4aec000,0x00007f58a4af0000] with protection modes 0
Event: 33.302 Protecting memory [0x00007f58a49eb000,0x00007f58a49ef000] with protection modes 0
Event: 33.310 Protecting memory [0x00007f58a48ea000,0x00007f58a48ee000] with protection modes 0
Event: 33.316 Protecting memory [0x00007f58a47e9000,0x00007f58a47ed000] with protection modes 0
Event: 33.451 Protecting memory [0x00007f58d477d000,0x00007f58d4781000] with protection modes 0
Event: 33.454 Protecting memory [0x00007f58a46e8000,0x00007f58a46ec000] with protection modes 0
Event: 34.332 Protecting memory [0x00007f58a46e8000,0x00007f58a46ec000] with protection modes 0
Event: 34.411 Protecting memory [0x00007f58a4300000,0x00007f58a4304000] with protection modes 0
Event: 34.439 Protecting memory [0x00007f58a41ff000,0x00007f58a4203000] with protection modes 0
Event: 34.440 Protecting memory [0x00007f58a40fe000,0x00007f58a4102000] with protection modes 0
Event: 34.635 Protecting memory [0x00007f5856f00000,0x00007f5856f04000] with protection modes 0
Event: 42.706 Protecting memory [0x00007f5856dff000,0x00007f5856e03000] with protection modes 0

Nmethod flushes (20 events):
Event: 28.433 Thread 0x00007f58d00e6670 flushing  nmethod 0x00007f58ba4f2210
Event: 28.433 Thread 0x00007f58d00e6670 flushing  nmethod 0x00007f58ba4f3210
Event: 28.433 Thread 0x00007f58d00e6670 flushing  nmethod 0x00007f58ba4f4010
Event: 28.433 Thread 0x00007f58d00e6670 flushing  nmethod 0x00007f58ba4f4810
Event: 28.433 Thread 0x00007f58d00e6670 flushing  nmethod 0x00007f58ba4f5a90
Event: 28.433 Thread 0x00007f58d00e6670 flushing  nmethod 0x00007f58ba51ea10
Event: 28.433 Thread 0x00007f58d00e6670 flushing  nmethod 0x00007f58ba51ef10
Event: 28.433 Thread 0x00007f58d00e6670 flushing  nmethod 0x00007f58ba51f290
Event: 28.433 Thread 0x00007f58d00e6670 flushing  nmethod 0x00007f58ba520990
Event: 28.433 Thread 0x00007f58d00e6670 flushing  nmethod 0x00007f58ba521b10
Event: 28.433 Thread 0x00007f58d00e6670 flushing  nmethod 0x00007f58ba524790
Event: 28.433 Thread 0x00007f58d00e6670 flushing  nmethod 0x00007f58ba55b490
Event: 28.433 Thread 0x00007f58d00e6670 flushing  nmethod 0x00007f58ba55b910
Event: 28.434 Thread 0x00007f58d00e6670 flushing  nmethod 0x00007f58ba5dd090
Event: 28.434 Thread 0x00007f58d00e6670 flushing  nmethod 0x00007f58ba5ddc10
Event: 28.434 Thread 0x00007f58d00e6670 flushing  nmethod 0x00007f58ba5de790
Event: 28.434 Thread 0x00007f58d00e6670 flushing  nmethod 0x00007f58ba5e9e90
Event: 44.346 Thread 0x00007f58d00e6670 flushing  nmethod 0x00007f58b9f2cb10
Event: 44.407 Thread 0x00007f58d00e6670 flushing  nmethod 0x00007f58ba4c6510
Event: 44.408 Thread 0x00007f58d00e6670 flushing  nmethod 0x00007f58ba5e1110

Events (20 events):
Event: 29.836 Thread 0x00007f58d0203e60 Thread added: 0x00005634ca68b410
Event: 30.236 Thread 0x00007f58a202ee90 Thread added: 0x00007f58d0152bd0
Event: 30.426 Thread 0x00007f58a202ee90 Thread added: 0x00007f58d0a5b460
Event: 30.633 Thread 0x00007f58a202ee90 Thread added: 0x00007f58d0a5d140
Event: 33.044 Thread 0x00007f58a202ee90 Thread added: 0x00007f58d179eaf0
Event: 33.302 Thread 0x00007f58d179eaf0 Thread added: 0x00007f58a80755f0
Event: 33.309 Thread 0x00007f58d179eaf0 Thread added: 0x00007f58a807c010
Event: 33.311 Thread 0x00007f58d179eaf0 Thread added: 0x00007f58a807e170
Event: 33.451 Thread 0x00007f58d179eaf0 Thread added: 0x00007f58a809ebd0
Event: 33.454 Thread 0x00007f58d179eaf0 Thread added: 0x00007f58a80a13f0
Event: 34.217 Thread 0x00007f58a80a13f0 Thread exited: 0x00007f58a80a13f0
Event: 34.330 Thread 0x00007f58d179eaf0 Thread added: 0x00007f58a80a13f0
Event: 34.410 Thread 0x00007f58d179eaf0 Thread added: 0x00007f58a80a2570
Event: 34.438 Thread 0x00007f58d179eaf0 Thread added: 0x00007f58a80aa750
Event: 34.439 Thread 0x00007f58d179eaf0 Thread added: 0x00007f58a80ab810
Event: 34.635 Thread 0x00007f58a80aa750 Thread added: 0x00007f584400ca30
Event: 42.704 Thread 0x00007f58d0203e60 Thread added: 0x00005634ca67ef60
Event: 43.211 Thread 0x00007f58a807c010 Thread exited: 0x00007f58a807c010
Event: 43.214 Thread 0x00007f58a80a2570 Thread exited: 0x00007f58a80a2570
Event: 43.218 Thread 0x00007f58a80a13f0 Thread exited: 0x00007f58a80a13f0


Dynamic libraries:
80000000-90300000 rw-p 00000000 00:00 0 
94d00000-ffe00000 ---p 00000000 00:00 0 
ffe00000-ffe75000 rw-p 00c7a000 00:25 13853                              /usr/lib/jvm/java-17-openjdk-amd64/lib/server/classes.jsa
ffe75000-fff00000 rw-p 00000000 00:00 0 
fff00000-fff78000 rw-p 00c02000 00:25 13853                              /usr/lib/jvm/java-17-openjdk-amd64/lib/server/classes.jsa
fff78000-100000000 rw-p 00000000 00:00 0 
5634ca1bc000-5634ca1bd000 r--p 00000000 00:25 13495                      /usr/lib/jvm/java-17-openjdk-amd64/bin/java
5634ca1bd000-5634ca1be000 r-xp 00001000 00:25 13495                      /usr/lib/jvm/java-17-openjdk-amd64/bin/java
5634ca1be000-5634ca1bf000 r--p 00002000 00:25 13495                      /usr/lib/jvm/java-17-openjdk-amd64/bin/java
5634ca1bf000-5634ca1c0000 r--p 00002000 00:25 13495                      /usr/lib/jvm/java-17-openjdk-amd64/bin/java
5634ca1c0000-5634ca1c1000 rw-p 00003000 00:25 13495                      /usr/lib/jvm/java-17-openjdk-amd64/bin/java
5634ca4b7000-5634ca6bd000 rw-p 00000000 00:00 0                          [heap]
7f582c000000-7f582c1e0000 rw-p 00000000 00:00 0 
7f582c1e0000-7f582c300000 rw-p 00000000 00:00 0 
7f582c300000-7f582cd00000 rw-p 00000000 00:00 0 
7f582cd00000-7f582cd60000 rw-p 00000000 00:00 0 
7f582cd60000-7f582ce00000 ---p 00000000 00:00 0 
7f582ce00000-7f582ced0000 rw-p 00000000 00:00 0 
7f582ced0000-7f5830000000 ---p 00000000 00:00 0 
7f5830000000-7f58308dc000 rw-p 00000000 00:00 0 
7f58308dc000-7f5834000000 ---p 00000000 00:00 0 
7f5834000000-7f583403a000 rw-p 00000000 00:00 0 
7f583403a000-7f5838000000 ---p 00000000 00:00 0 
7f5838000000-7f5838021000 rw-p 00000000 00:00 0 
7f5838021000-7f583c000000 ---p 00000000 00:00 0 
7f583c000000-7f583dea0000 rw-p 00000000 00:00 0 
7f583dea0000-7f5840000000 ---p 00000000 00:00 0 
7f5840000000-7f5840055000 rw-p 00000000 00:00 0 
7f5840055000-7f5844000000 ---p 00000000 00:00 0 
7f5844000000-7f5844022000 rw-p 00000000 00:00 0 
7f5844022000-7f5848000000 ---p 00000000 00:00 0 
7f5848000000-7f58480ea000 rw-p 00000000 00:00 0 
7f58480ea000-7f584c000000 ---p 00000000 00:00 0 
7f584c000000-7f584c021000 rw-p 00000000 00:00 0 
7f584c021000-7f5850000000 ---p 00000000 00:00 0 
7f5850000000-7f585022f000 rw-p 00000000 00:00 0 
7f585022f000-7f5854000000 ---p 00000000 00:00 0 
7f5856b70000-7f5856dfe000 rw-p 00000000 00:00 0 
7f5856dfe000-7f5856dff000 ---p 00000000 00:00 0 
7f5856dff000-7f5856e03000 ---p 00000000 00:00 0 
7f5856e03000-7f5856eff000 rw-p 00000000 00:00 0 
7f5856eff000-7f5856f00000 ---p 00000000 00:00 0 
7f5856f00000-7f5856f04000 ---p 00000000 00:00 0 
7f5856f04000-7f5857000000 rw-p 00000000 00:00 0 
7f5857000000-7f5857455000 rw-p 00001000 00:25 13853                      /usr/lib/jvm/java-17-openjdk-amd64/lib/server/classes.jsa
7f5857455000-7f5857bca000 rw-p 00456000 00:25 13853                      /usr/lib/jvm/java-17-openjdk-amd64/lib/server/classes.jsa
7f5857bca000-7f5858000000 ---p 00000000 00:00 0 
7f5858000000-7f5858040000 rw-p 00000000 00:00 0 
7f5858040000-7f5858080000 rw-p 00000000 00:00 0 
7f5858080000-7f5858140000 rw-p 00000000 00:00 0 
7f5858140000-7f5858180000 rw-p 00000000 00:00 0 
7f5858180000-7f5858440000 rw-p 00000000 00:00 0 
7f5858440000-7f5858640000 rw-p 00000000 00:00 0 
7f5858640000-7f5858680000 rw-p 00000000 00:00 0 
7f5858680000-7f5858880000 rw-p 00000000 00:00 0 
7f5858880000-7f5858c60000 rw-p 00000000 00:00 0 
7f5858c60000-7f5858c80000 rw-p 00000000 00:00 0 
7f5858c80000-7f5858cc0000 rw-p 00000000 00:00 0 
7f5858cc0000-7f5858cd0000 rw-p 00000000 00:00 0 
7f5858cd0000-7f5858d00000 ---p 00000000 00:00 0 
7f5858d00000-7f5858d10000 rw-p 00000000 00:00 0 
7f5858d10000-7f5898000000 ---p 00000000 00:00 0 
7f5898000000-7f5898021000 rw-p 00000000 00:00 0 
7f5898021000-7f589c000000 ---p 00000000 00:00 0 
7f589c000000-7f589c400000 rw-p 00000000 00:00 0 
7f589c400000-7f589c800000 rw-p 00000000 00:00 0 
7f589c800000-7f589c980000 rw-p 00000000 00:00 0 
7f589c980000-7f589ca00000 rw-p 00000000 00:00 0 
7f589ca00000-7f589cdc0000 rw-p 00000000 00:00 0 
7f589cdc0000-7f589ce00000 rw-p 00000000 00:00 0 
7f589ce00000-7f589d180000 rw-p 00000000 00:00 0 
7f589d180000-7f589d200000 rw-p 00000000 00:00 0 
7f589d200000-7f589d780000 rw-p 00000000 00:00 0 
7f589d780000-7f589d900000 rw-p 00000000 00:00 0 
7f589d900000-7f589db00000 rw-p 00000000 00:00 0 
7f589db00000-7f589dc00000 rw-p 00000000 00:00 0 
7f589dc00000-7f589ea00000 rw-p 00000000 00:00 0 
7f589ea00000-7f589ef00000 rw-p 00000000 00:00 0 
7f589ef00000-7f589f000000 rw-p 00000000 00:00 0 
7f589f000000-7f589f3a0000 rw-p 00000000 00:00 0 
7f589f3a0000-7f589f3c0000 rw-p 00000000 00:00 0 
7f589f3c0000-7f589f500000 rw-p 00000000 00:00 0 
7f589f500000-7f58a0000000 rw-p 00000000 00:00 0 
7f58a0000000-7f58a2036000 rw-p 00000000 00:00 0 
7f58a2036000-7f58a4000000 ---p 00000000 00:00 0 
7f58a40fd000-7f58a40fe000 ---p 00000000 00:00 0 
7f58a40fe000-7f58a4102000 ---p 00000000 00:00 0 
7f58a4102000-7f58a41fe000 rw-p 00000000 00:00 0 
7f58a41fe000-7f58a41ff000 ---p 00000000 00:00 0 
7f58a41ff000-7f58a4203000 ---p 00000000 00:00 0 
7f58a4203000-7f58a42ff000 rw-p 00000000 00:00 0 
7f58a42ff000-7f58a4300000 ---p 00000000 00:00 0 
7f58a4300000-7f58a4304000 ---p 00000000 00:00 0 
7f58a4304000-7f58a4400000 rw-p 00000000 00:00 0 
7f58a4400000-7f58a4405000 r-xp 00000000 fe:00 410801                     /tmp/native-platform18176966020162911515dir/libnative-platform.so
7f58a4405000-7f58a4604000 ---p 00005000 fe:00 410801                     /tmp/native-platform18176966020162911515dir/libnative-platform.so
7f58a4604000-7f58a4605000 rw-p 00004000 fe:00 410801                     /tmp/native-platform18176966020162911515dir/libnative-platform.so
7f58a46e7000-7f58a46e8000 ---p 00000000 00:00 0 
7f58a46e8000-7f58a46ec000 ---p 00000000 00:00 0 
7f58a46ec000-7f58a47e8000 rw-p 00000000 00:00 0 
7f58a47e8000-7f58a47e9000 ---p 00000000 00:00 0 
7f58a47e9000-7f58a47ed000 ---p 00000000 00:00 0 
7f58a47ed000-7f58a48e9000 rw-p 00000000 00:00 0 
7f58a48e9000-7f58a48ea000 ---p 00000000 00:00 0 
7f58a48ea000-7f58a48ee000 ---p 00000000 00:00 0 
7f58a48ee000-7f58a49ea000 rw-p 00000000 00:00 0 
7f58a49ea000-7f58a49eb000 ---p 00000000 00:00 0 
7f58a49eb000-7f58a49ef000 ---p 00000000 00:00 0 
7f58a49ef000-7f58a4aeb000 rw-p 00000000 00:00 0 
7f58a4aeb000-7f58a4aec000 ---p 00000000 00:00 0 
7f58a4aec000-7f58a4af0000 ---p 00000000 00:00 0 
7f58a4af0000-7f58a4bec000 rw-p 00000000 00:00 0 
7f58a4bec000-7f58a4bed000 ---p 00000000 00:00 0 
7f58a4bed000-7f58a4bf1000 ---p 00000000 00:00 0 
7f58a4bf1000-7f58a4ced000 rw-p 00000000 00:00 0 
7f58a4ced000-7f58a4cee000 ---p 00000000 00:00 0 
7f58a4cee000-7f58a4cf2000 ---p 00000000 00:00 0 
7f58a4cf2000-7f58a4dee000 rw-p 00000000 00:00 0 
7f58a4dee000-7f58a4def000 ---p 00000000 00:00 0 
7f58a4def000-7f58a4df3000 ---p 00000000 00:00 0 
7f58a4df3000-7f58a4eef000 rw-p 00000000 00:00 0 
7f58a4eef000-7f58a4ef0000 ---p 00000000 00:00 0 
7f58a4ef0000-7f58a4ef4000 ---p 00000000 00:00 0 
7f58a4ef4000-7f58a4ff0000 rw-p 00000000 00:00 0 
7f58a4ff0000-7f58a4ff1000 ---p 00000000 00:00 0 
7f58a4ff1000-7f58a4ff5000 ---p 00000000 00:00 0 
7f58a4ff5000-7f58a50f1000 rw-p 00000000 00:00 0 
7f58a50f1000-7f58a50f2000 ---p 00000000 00:00 0 
7f58a50f2000-7f58a50f6000 ---p 00000000 00:00 0 
7f58a50f6000-7f58a51f2000 rw-p 00000000 00:00 0 
7f58a51f2000-7f58a51f3000 ---p 00000000 00:00 0 
7f58a51f3000-7f58a51f7000 ---p 00000000 00:00 0 
7f58a51f7000-7f58a52f3000 rw-p 00000000 00:00 0 
7f58a52f3000-7f58a52f4000 ---p 00000000 00:00 0 
7f58a52f4000-7f58a52f8000 ---p 00000000 00:00 0 
7f58a52f8000-7f58a53f4000 rw-p 00000000 00:00 0 
7f58a53f4000-7f58a53f5000 ---p 00000000 00:00 0 
7f58a53f5000-7f58a53f9000 ---p 00000000 00:00 0 
7f58a53f9000-7f58a54f5000 rw-p 00000000 00:00 0 
7f58a54f5000-7f58a54f6000 ---p 00000000 00:00 0 
7f58a54f6000-7f58a54fa000 ---p 00000000 00:00 0 
7f58a54fa000-7f58a55f6000 rw-p 00000000 00:00 0 
7f58a55f6000-7f58a55f7000 ---p 00000000 00:00 0 
7f58a55f7000-7f58a55fb000 ---p 00000000 00:00 0 
7f58a55fb000-7f58a56f7000 rw-p 00000000 00:00 0 
7f58a56f7000-7f58a56f8000 ---p 00000000 00:00 0 
7f58a56f8000-7f58a56fc000 ---p 00000000 00:00 0 
7f58a56fc000-7f58a57f8000 rw-p 00000000 00:00 0 
7f58a57f8000-7f58a57f9000 ---p 00000000 00:00 0 
7f58a57f9000-7f58a57fd000 ---p 00000000 00:00 0 
7f58a57fd000-7f58a58f9000 rw-p 00000000 00:00 0 
7f58a58f9000-7f58a58fa000 ---p 00000000 00:00 0 
7f58a58fa000-7f58a58fe000 ---p 00000000 00:00 0 
7f58a58fe000-7f58a59fa000 rw-p 00000000 00:00 0 
7f58a59fa000-7f58a59fb000 ---p 00000000 00:00 0 
7f58a59fb000-7f58a59ff000 ---p 00000000 00:00 0 
7f58a59ff000-7f58a5afb000 rw-p 00000000 00:00 0 
7f58a5afb000-7f58a5afc000 ---p 00000000 00:00 0 
7f58a5afc000-7f58a5b00000 ---p 00000000 00:00 0 
7f58a5b00000-7f58a5bfc000 rw-p 00000000 00:00 0 
7f58a5bfc000-7f58a5bfd000 ---p 00000000 00:00 0 
7f58a5bfd000-7f58a5c01000 ---p 00000000 00:00 0 
7f58a5c01000-7f58a5cfd000 rw-p 00000000 00:00 0 
7f58a5cfd000-7f58a5cfe000 ---p 00000000 00:00 0 
7f58a5cfe000-7f58a5d02000 ---p 00000000 00:00 0 
7f58a5d02000-7f58a5dfe000 rw-p 00000000 00:00 0 
7f58a5dfe000-7f58a5dff000 ---p 00000000 00:00 0 
7f58a5dff000-7f58a5e03000 ---p 00000000 00:00 0 
7f58a5e03000-7f58a5eff000 rw-p 00000000 00:00 0 
7f58a5eff000-7f58a5f00000 ---p 00000000 00:00 0 
7f58a5f00000-7f58a5f04000 ---p 00000000 00:00 0 
7f58a5f04000-7f58a8000000 rw-p 00000000 00:00 0 
7f58a8000000-7f58a80bd000 rw-p 00000000 00:00 0 
7f58a80bd000-7f58ac000000 ---p 00000000 00:00 0 
7f58ac000000-7f58ac027000 rw-p 00000000 00:00 0 
7f58ac027000-7f58b0000000 ---p 00000000 00:00 0 
7f58b0000000-7f58b0044000 rw-p 00000000 00:00 0 
7f58b0044000-7f58b4000000 ---p 00000000 00:00 0 
7f58b40ef000-7f58b40f0000 ---p 00000000 00:00 0 
7f58b40f0000-7f58b40f4000 ---p 00000000 00:00 0 
7f58b40f4000-7f58b41f0000 rw-p 00000000 00:00 0 
7f58b41f0000-7f58b41f1000 ---p 00000000 00:00 0 
7f58b41f1000-7f58b41f5000 ---p 00000000 00:00 0 
7f58b41f5000-7f58b42f1000 rw-p 00000000 00:00 0 
7f58b42f1000-7f58b42f2000 ---p 00000000 00:00 0 
7f58b42f2000-7f58b42f6000 ---p 00000000 00:00 0 
7f58b42f6000-7f58b43f2000 rw-p 00000000 00:00 0 
7f58b43f2000-7f58b43f3000 ---p 00000000 00:00 0 
7f58b43f3000-7f58b43f7000 ---p 00000000 00:00 0 
7f58b43f7000-7f58b44f3000 rw-p 00000000 00:00 0 
7f58b44f3000-7f58b44f4000 ---p 00000000 00:00 0 
7f58b44f4000-7f58b44f8000 ---p 00000000 00:00 0 
7f58b44f8000-7f58b45f4000 rw-p 00000000 00:00 0 
7f58b45f4000-7f58b45f5000 ---p 00000000 00:00 0 
7f58b45f5000-7f58b45f9000 ---p 00000000 00:00 0 
7f58b45f9000-7f58b46f5000 rw-p 00000000 00:00 0 
7f58b46f5000-7f58b46f6000 ---p 00000000 00:00 0 
7f58b46f6000-7f58b46fa000 ---p 00000000 00:00 0 
7f58b46fa000-7f58b47f6000 rw-p 00000000 00:00 0 
7f58b47f6000-7f58b47f7000 ---p 00000000 00:00 0 
7f58b47f7000-7f58b47fb000 ---p 00000000 00:00 0 
7f58b47fb000-7f58b48f7000 rw-p 00000000 00:00 0 
7f58b48f7000-7f58b48f8000 ---p 00000000 00:00 0 
7f58b48f8000-7f58b48fc000 ---p 00000000 00:00 0 
7f58b48fc000-7f58b49f8000 rw-p 00000000 00:00 0 
7f58b49f8000-7f58b49f9000 ---p 00000000 00:00 0 
7f58b49f9000-7f58b49fd000 ---p 00000000 00:00 0 
7f58b49fd000-7f58b4af9000 rw-p 00000000 00:00 0 
7f58b4af9000-7f58b4afa000 ---p 00000000 00:00 0 
7f58b4afa000-7f58b4afe000 ---p 00000000 00:00 0 
7f58b4afe000-7f58b4bfa000 rw-p 00000000 00:00 0 
7f58b4bfa000-7f58b4bfb000 ---p 00000000 00:00 0 
7f58b4bfb000-7f58b4bff000 ---p 00000000 00:00 0 
7f58b4bff000-7f58b4cfb000 rw-p 00000000 00:00 0 
7f58b4cfb000-7f58b4cfc000 ---p 00000000 00:00 0 
7f58b4cfc000-7f58b4d00000 ---p 00000000 00:00 0 
7f58b4d00000-7f58b4dfc000 rw-p 00000000 00:00 0 
7f58b4dfc000-7f58b4dfd000 ---p 00000000 00:00 0 
7f58b4dfd000-7f58b4e01000 ---p 00000000 00:00 0 
7f58b4e01000-7f58b4efd000 rw-p 00000000 00:00 0 
7f58b4efd000-7f58b4efe000 ---p 00000000 00:00 0 
7f58b4efe000-7f58b4f02000 ---p 00000000 00:00 0 
7f58b4f02000-7f58b4ffe000 rw-p 00000000 00:00 0 
7f58b4ffe000-7f58b4fff000 ---p 00000000 00:00 0 
7f58b4fff000-7f58b5003000 ---p 00000000 00:00 0 
7f58b5003000-7f58b50ff000 rw-p 00000000 00:00 0 
7f58b50ff000-7f58b5100000 ---p 00000000 00:00 0 
7f58b5100000-7f58b5104000 ---p 00000000 00:00 0 
7f58b5104000-7f58b5200000 rw-p 00000000 00:00 0 
7f58b5200000-7f58b5253000 r-xp 00000000 fe:00 393840                     /root/.gradle/native/100fb08df4bc3b14c8652ba06237920a3bd2aa13389f12d3474272988ae205f9/linux-amd64/libnative-platform-file-events.so
7f58b5253000-7f58b5452000 ---p 00053000 fe:00 393840                     /root/.gradle/native/100fb08df4bc3b14c8652ba06237920a3bd2aa13389f12d3474272988ae205f9/linux-amd64/libnative-platform-file-events.so
7f58b5452000-7f58b5453000 r--p 00052000 fe:00 393840                     /root/.gradle/native/100fb08df4bc3b14c8652ba06237920a3bd2aa13389f12d3474272988ae205f9/linux-amd64/libnative-platform-file-events.so
7f58b5453000-7f58b5455000 rw-p 00053000 fe:00 393840                     /root/.gradle/native/100fb08df4bc3b14c8652ba06237920a3bd2aa13389f12d3474272988ae205f9/linux-amd64/libnative-platform-file-events.so
7f58b5511000-7f58b591d000 rw-p 00000000 00:00 0 
7f58b591d000-7f58b7509000 ---p 00000000 00:00 0 
7f58b7509000-7f58b791d000 rw-p 00000000 00:00 0 
7f58b791d000-7f58b9509000 ---p 00000000 00:00 0 
7f58b9509000-7f58b9511000 rw-p 00000000 00:00 0 
7f58b9511000-7f58ba891000 rwxp 00000000 00:00 0 
7f58ba891000-7f58c0a49000 ---p 00000000 00:00 0 
7f58c0a49000-7f58c0cd9000 rwxp 00000000 00:00 0 
7f58c0cd9000-7f58c0fd8000 ---p 00000000 00:00 0 
7f58c0fd8000-7f58c14f8000 rwxp 00000000 00:00 0 
7f58c14f8000-7f58c8511000 ---p 00000000 00:00 0 
7f58c8511000-7f58d0000000 r--s 00000000 00:25 13844                      /usr/lib/jvm/java-17-openjdk-amd64/lib/modules
7f58d0000000-7f58d17a7000 rw-p 00000000 00:00 0 
7f58d17a7000-7f58d4000000 ---p 00000000 00:00 0 
7f58d40fd000-7f58d40fe000 ---p 00000000 00:00 0 
7f58d40fe000-7f58d4102000 ---p 00000000 00:00 0 
7f58d4102000-7f58d41fe000 rw-p 00000000 00:00 0 
7f58d41fe000-7f58d41ff000 ---p 00000000 00:00 0 
7f58d41ff000-7f58d4203000 ---p 00000000 00:00 0 
7f58d4203000-7f58d42ff000 rw-p 00000000 00:00 0 
7f58d42ff000-7f58d4300000 ---p 00000000 00:00 0 
7f58d4300000-7f58d4304000 ---p 00000000 00:00 0 
7f58d4304000-7f58d4400000 rw-p 00000000 00:00 0 
7f58d4400000-7f58d4405000 r-xp 00000000 fe:00 393821                     /root/.gradle/native/c067742578af261105cb4f569cf0c3c89f3d7b1fecec35dd04571415982c5e48/linux-amd64/libnative-platform.so
7f58d4405000-7f58d4605000 ---p 00005000 fe:00 393821                     /root/.gradle/native/c067742578af261105cb4f569cf0c3c89f3d7b1fecec35dd04571415982c5e48/linux-amd64/libnative-platform.so
7f58d4605000-7f58d4606000 r--p 00005000 fe:00 393821                     /root/.gradle/native/c067742578af261105cb4f569cf0c3c89f3d7b1fecec35dd04571415982c5e48/linux-amd64/libnative-platform.so
7f58d4606000-7f58d4607000 rw-p 00006000 fe:00 393821                     /root/.gradle/native/c067742578af261105cb4f569cf0c3c89f3d7b1fecec35dd04571415982c5e48/linux-amd64/libnative-platform.so
7f58d463e000-7f58d463f000 ---p 00000000 00:00 0 
7f58d463f000-7f58d473f000 rw-p 00000000 00:00 0 
7f58d473f000-7f58d4743000 r--p 00000000 00:25 13842                      /usr/lib/jvm/java-17-openjdk-amd64/lib/libverify.so
7f58d4743000-7f58d474a000 r-xp 00004000 00:25 13842                      /usr/lib/jvm/java-17-openjdk-amd64/lib/libverify.so
7f58d474a000-7f58d474c000 r--p 0000b000 00:25 13842                      /usr/lib/jvm/java-17-openjdk-amd64/lib/libverify.so
7f58d474c000-7f58d474e000 r--p 0000c000 00:25 13842                      /usr/lib/jvm/java-17-openjdk-amd64/lib/libverify.so
7f58d474e000-7f58d474f000 rw-p 0000e000 00:25 13842                      /usr/lib/jvm/java-17-openjdk-amd64/lib/libverify.so
7f58d477c000-7f58d477d000 ---p 00000000 00:00 0 
7f58d477d000-7f58d4781000 ---p 00000000 00:00 0 
7f58d4781000-7f58d479f000 rw-p 00000000 00:00 0 
7f58d479f000-7f58d47a0000 r--p 00000000 00:25 13837                      /usr/lib/jvm/java-17-openjdk-amd64/lib/librmi.so
7f58d47a0000-7f58d47a1000 r-xp 00001000 00:25 13837                      /usr/lib/jvm/java-17-openjdk-amd64/lib/librmi.so
7f58d47a1000-7f58d47a2000 r--p 00002000 00:25 13837                      /usr/lib/jvm/java-17-openjdk-amd64/lib/librmi.so
7f58d47a2000-7f58d47a3000 r--p 00002000 00:25 13837                      /usr/lib/jvm/java-17-openjdk-amd64/lib/librmi.so
7f58d47a3000-7f58d47a4000 rw-p 00003000 00:25 13837                      /usr/lib/jvm/java-17-openjdk-amd64/lib/librmi.so
7f58d47a4000-7f58d47a5000 r--p 00000000 00:25 13813                      /usr/lib/jvm/java-17-openjdk-amd64/lib/libextnet.so
7f58d47a5000-7f58d47a6000 r-xp 00001000 00:25 13813                      /usr/lib/jvm/java-17-openjdk-amd64/lib/libextnet.so
7f58d47a6000-7f58d47a7000 r--p 00002000 00:25 13813                      /usr/lib/jvm/java-17-openjdk-amd64/lib/libextnet.so
7f58d47a7000-7f58d47a8000 r--p 00002000 00:25 13813                      /usr/lib/jvm/java-17-openjdk-amd64/lib/libextnet.so
7f58d47a8000-7f58d47a9000 rw-p 00003000 00:25 13813                      /usr/lib/jvm/java-17-openjdk-amd64/lib/libextnet.so
7f58d47a9000-7f58d47ab000 r--p 00000000 00:25 13832                      /usr/lib/jvm/java-17-openjdk-amd64/lib/libmanagement_ext.so
7f58d47ab000-7f58d47ae000 r-xp 00002000 00:25 13832                      /usr/lib/jvm/java-17-openjdk-amd64/lib/libmanagement_ext.so
7f58d47ae000-7f58d47af000 r--p 00005000 00:25 13832                      /usr/lib/jvm/java-17-openjdk-amd64/lib/libmanagement_ext.so
7f58d47af000-7f58d47b0000 r--p 00006000 00:25 13832                      /usr/lib/jvm/java-17-openjdk-amd64/lib/libmanagement_ext.so
7f58d47b0000-7f58d47b1000 rw-p 00007000 00:25 13832                      /usr/lib/jvm/java-17-openjdk-amd64/lib/libmanagement_ext.so
7f58d47b1000-7f58d47b2000 r--p 00000000 00:25 18162                      /usr/lib/x86_64-linux-gnu/libpthread.so.0
7f58d47b2000-7f58d47b3000 r-xp 00001000 00:25 18162                      /usr/lib/x86_64-linux-gnu/libpthread.so.0
7f58d47b3000-7f58d47b4000 r--p 00002000 00:25 18162                      /usr/lib/x86_64-linux-gnu/libpthread.so.0
7f58d47b4000-7f58d47b5000 r--p 00002000 00:25 18162                      /usr/lib/x86_64-linux-gnu/libpthread.so.0
7f58d47b5000-7f58d47b6000 rw-p 00003000 00:25 18162                      /usr/lib/x86_64-linux-gnu/libpthread.so.0
7f58d47b6000-7f58d47b7000 ---p 00000000 00:00 0 
7f58d47b7000-7f58d48b7000 rw-p 00000000 00:00 0 
7f58d48b7000-7f58d48b8000 ---p 00000000 00:00 0 
7f58d48b8000-7f58d49b8000 rw-p 00000000 00:00 0 
7f58d49b8000-7f58d49b9000 ---p 00000000 00:00 0 
7f58d49b9000-7f58d49bd000 ---p 00000000 00:00 0 
7f58d49bd000-7f58d4ab9000 rw-p 00000000 00:00 0 
7f58d4ab9000-7f58d4abd000 r--p 00000000 00:25 13834                      /usr/lib/jvm/java-17-openjdk-amd64/lib/libnet.so
7f58d4abd000-7f58d4acb000 r-xp 00004000 00:25 13834                      /usr/lib/jvm/java-17-openjdk-amd64/lib/libnet.so
7f58d4acb000-7f58d4acf000 r--p 00012000 00:25 13834                      /usr/lib/jvm/java-17-openjdk-amd64/lib/libnet.so
7f58d4acf000-7f58d4ad0000 r--p 00015000 00:25 13834                      /usr/lib/jvm/java-17-openjdk-amd64/lib/libnet.so
7f58d4ad0000-7f58d4ad1000 rw-p 00016000 00:25 13834                      /usr/lib/jvm/java-17-openjdk-amd64/lib/libnet.so
7f58d4ad1000-7f58d4ad2000 ---p 00000000 00:00 0 
7f58d4ad2000-7f58d4ad6000 ---p 00000000 00:00 0 
7f58d4ad6000-7f58d4bd2000 rw-p 00000000 00:00 0 
7f58d4bd2000-7f58d4bd3000 ---p 00000000 00:00 0 
7f58d4bd3000-7f58d4bd7000 ---p 00000000 00:00 0 
7f58d4bd7000-7f58d4cd3000 rw-p 00000000 00:00 0 
7f58d4cd3000-7f58d4cd4000 ---p 00000000 00:00 0 
7f58d4cd4000-7f58d4cd8000 ---p 00000000 00:00 0 
7f58d4cd8000-7f58d4dd4000 rw-p 00000000 00:00 0 
7f58d4dd4000-7f58d4dd5000 ---p 00000000 00:00 0 
7f58d4dd5000-7f58d4dd9000 ---p 00000000 00:00 0 
7f58d4dd9000-7f58d4ed5000 rw-p 00000000 00:00 0 
7f58d4ed5000-7f58d4ed6000 ---p 00000000 00:00 0 
7f58d4ed6000-7f58d4eda000 ---p 00000000 00:00 0 
7f58d4eda000-7f58d4fd6000 rw-p 00000000 00:00 0 
7f58d4fd6000-7f58d4fd7000 ---p 00000000 00:00 0 
7f58d4fd7000-7f58d4fdb000 ---p 00000000 00:00 0 
7f58d4fdb000-7f58d50d7000 rw-p 00000000 00:00 0 
7f58d50d7000-7f58d50d8000 ---p 00000000 00:00 0 
7f58d50d8000-7f58d50dc000 ---p 00000000 00:00 0 
7f58d50dc000-7f58d51d8000 rw-p 00000000 00:00 0 
7f58d51d8000-7f58d522f000 r--p 00000000 00:25 13893                      /usr/lib/locale/C.utf8/LC_CTYPE
7f58d522f000-7f58d5230000 ---p 00000000 00:00 0 
7f58d5230000-7f58d5234000 ---p 00000000 00:00 0 
7f58d5234000-7f58d5330000 rw-p 00000000 00:00 0 
7f58d5330000-7f58d5331000 ---p 00000000 00:00 0 
7f58d5331000-7f58d5335000 ---p 00000000 00:00 0 
7f58d5335000-7f58d5431000 rw-p 00000000 00:00 0 
7f58d5431000-7f58d5432000 ---p 00000000 00:00 0 
7f58d5432000-7f58d5532000 rw-p 00000000 00:00 0 
7f58d5532000-7f58d5537000 r--p 00000000 00:25 13828                      /usr/lib/jvm/java-17-openjdk-amd64/lib/libjsvml.so
7f58d5537000-7f58d5578000 r-xp 00005000 00:25 13828                      /usr/lib/jvm/java-17-openjdk-amd64/lib/libjsvml.so
7f58d5578000-7f58d5601000 r--p 00046000 00:25 13828                      /usr/lib/jvm/java-17-openjdk-amd64/lib/libjsvml.so
7f58d5601000-7f58d5602000 r--p 000ce000 00:25 13828                      /usr/lib/jvm/java-17-openjdk-amd64/lib/libjsvml.so
7f58d5602000-7f58d5603000 rw-p 000cf000 00:25 13828                      /usr/lib/jvm/java-17-openjdk-amd64/lib/libjsvml.so
7f58d5603000-7f58d5720000 rw-p 00000000 00:00 0 
7f58d5723000-7f58d5725000 r--p 00000000 00:25 13830                      /usr/lib/jvm/java-17-openjdk-amd64/lib/libmanagement.so
7f58d5725000-7f58d5726000 r-xp 00002000 00:25 13830                      /usr/lib/jvm/java-17-openjdk-amd64/lib/libmanagement.so
7f58d5726000-7f58d5727000 r--p 00003000 00:25 13830                      /usr/lib/jvm/java-17-openjdk-amd64/lib/libmanagement.so
7f58d5727000-7f58d5728000 r--p 00003000 00:25 13830                      /usr/lib/jvm/java-17-openjdk-amd64/lib/libmanagement.so
7f58d5728000-7f58d5729000 rw-p 00004000 00:25 13830                      /usr/lib/jvm/java-17-openjdk-amd64/lib/libmanagement.so
7f58d5729000-7f58d5730000 r--p 00000000 00:25 13835                      /usr/lib/jvm/java-17-openjdk-amd64/lib/libnio.so
7f58d5730000-7f58d5739000 r-xp 00007000 00:25 13835                      /usr/lib/jvm/java-17-openjdk-amd64/lib/libnio.so
7f58d5739000-7f58d573d000 r--p 00010000 00:25 13835                      /usr/lib/jvm/java-17-openjdk-amd64/lib/libnio.so
7f58d573d000-7f58d573e000 r--p 00014000 00:25 13835                      /usr/lib/jvm/java-17-openjdk-amd64/lib/libnio.so
7f58d573e000-7f58d573f000 rw-p 00015000 00:25 13835                      /usr/lib/jvm/java-17-openjdk-amd64/lib/libnio.so
7f58d573f000-7f58d5741000 r--p 00000000 00:25 13843                      /usr/lib/jvm/java-17-openjdk-amd64/lib/libzip.so
7f58d5741000-7f58d5745000 r-xp 00002000 00:25 13843                      /usr/lib/jvm/java-17-openjdk-amd64/lib/libzip.so
7f58d5745000-7f58d5747000 r--p 00006000 00:25 13843                      /usr/lib/jvm/java-17-openjdk-amd64/lib/libzip.so
7f58d5747000-7f58d5748000 r--p 00007000 00:25 13843                      /usr/lib/jvm/java-17-openjdk-amd64/lib/libzip.so
7f58d5748000-7f58d5749000 rw-p 00008000 00:25 13843                      /usr/lib/jvm/java-17-openjdk-amd64/lib/libzip.so
7f58d5749000-7f58d574a000 r--p 00000000 00:25 13899                      /usr/lib/locale/C.utf8/LC_NUMERIC
7f58d574a000-7f58d574b000 r--p 00000000 00:25 13902                      /usr/lib/locale/C.utf8/LC_TIME
7f58d574b000-7f58d574c000 r--p 00000000 00:25 13892                      /usr/lib/locale/C.utf8/LC_COLLATE
7f58d574c000-7f58d574d000 r--p 00000000 00:25 13897                      /usr/lib/locale/C.utf8/LC_MONETARY
7f58d574d000-7f58d574e000 r--p 00000000 00:25 13896                      /usr/lib/locale/C.utf8/LC_MESSAGES/SYS_LC_MESSAGES
7f58d574e000-7f58d574f000 r--p 00000000 00:25 13900                      /usr/lib/locale/C.utf8/LC_PAPER
7f58d574f000-7f58d5750000 r--p 00000000 00:25 13898                      /usr/lib/locale/C.utf8/LC_NAME
7f58d5750000-7f58d5757000 r--s 00000000 00:25 17585                      /usr/lib/x86_64-linux-gnu/gconv/gconv-modules.cache
7f58d5757000-7f58d5758000 ---p 00000000 00:00 0 
7f58d5758000-7f58d5858000 rw-p 00000000 00:00 0 
7f58d5858000-7f58d5859000 ---p 00000000 00:00 0 
7f58d5859000-7f58d5b5b000 rw-p 00000000 00:00 0 
7f58d5b5b000-7f58d5b5c000 ---p 00000000 00:00 0 
7f58d5b5c000-7f58d5c5c000 rw-p 00000000 00:00 0 
7f58d5c5c000-7f58d5c5d000 ---p 00000000 00:00 0 
7f58d5c5d000-7f58d5d5d000 rw-p 00000000 00:00 0 
7f58d5d5d000-7f58d5d5e000 ---p 00000000 00:00 0 
7f58d5d5e000-7f58d5f25000 rw-p 00000000 00:00 0 
7f58d5f25000-7f58d62a2000 ---p 00000000 00:00 0 
7f58d62a2000-7f58d6325000 rw-p 00000000 00:00 0 
7f58d6325000-7f58d66a2000 ---p 00000000 00:00 0 
7f58d66a2000-7f58d6725000 rw-p 00000000 00:00 0 
7f58d6725000-7f58d6aa2000 ---p 00000000 00:00 0 
7f58d6aa2000-7f58d6cb0000 rw-p 00000000 00:00 0 
7f58d6cb0000-7f58d6d90000 ---p 00000000 00:00 0 
7f58d6d90000-7f58d6db7000 rw-p 00000000 00:00 0 
7f58d6db7000-7f58d6e7b000 ---p 00000000 00:00 0 
7f58d6e7b000-7f58d6e81000 rw-p 00000000 00:00 0 
7f58d6e81000-7f58d6e87000 ---p 00000000 00:00 0 
7f58d6e87000-7f58d6e8f000 rw-s 00000000 fe:00 406840                     /tmp/hsperfdata_root/3244
7f58d6e8f000-7f58d6e9b000 r--p 00000000 00:25 13820                      /usr/lib/jvm/java-17-openjdk-amd64/lib/libjava.so
7f58d6e9b000-7f58d6eac000 r-xp 0000c000 00:25 13820                      /usr/lib/jvm/java-17-openjdk-amd64/lib/libjava.so
7f58d6eac000-7f58d6eb2000 r--p 0001d000 00:25 13820                      /usr/lib/jvm/java-17-openjdk-amd64/lib/libjava.so
7f58d6eb2000-7f58d6eb3000 r--p 00022000 00:25 13820                      /usr/lib/jvm/java-17-openjdk-amd64/lib/libjava.so
7f58d6eb3000-7f58d6eb4000 rw-p 00023000 00:25 13820                      /usr/lib/jvm/java-17-openjdk-amd64/lib/libjava.so
7f58d6eb4000-7f58d6eb5000 rw-p 00000000 00:00 0 
7f58d6eb5000-7f58d6eb6000 r--p 00000000 00:25 13815                      /usr/lib/jvm/java-17-openjdk-amd64/lib/libinstrument.so
7f58d6eb6000-7f58d6ebc000 r-xp 00001000 00:25 13815                      /usr/lib/jvm/java-17-openjdk-amd64/lib/libinstrument.so
7f58d6ebc000-7f58d6ebf000 r--p 00007000 00:25 13815                      /usr/lib/jvm/java-17-openjdk-amd64/lib/libinstrument.so
7f58d6ebf000-7f58d6ec0000 r--p 00009000 00:25 13815                      /usr/lib/jvm/java-17-openjdk-amd64/lib/libinstrument.so
7f58d6ec0000-7f58d6ec1000 rw-p 0000a000 00:25 13815                      /usr/lib/jvm/java-17-openjdk-amd64/lib/libinstrument.so
7f58d6ec1000-7f58d6ec3000 r--p 00000000 00:25 13824                      /usr/lib/jvm/java-17-openjdk-amd64/lib/libjimage.so
7f58d6ec3000-7f58d6ec6000 r-xp 00002000 00:25 13824                      /usr/lib/jvm/java-17-openjdk-amd64/lib/libjimage.so
7f58d6ec6000-7f58d6ec7000 r--p 00005000 00:25 13824                      /usr/lib/jvm/java-17-openjdk-amd64/lib/libjimage.so
7f58d6ec7000-7f58d6ec8000 r--p 00006000 00:25 13824                      /usr/lib/jvm/java-17-openjdk-amd64/lib/libjimage.so
7f58d6ec8000-7f58d6ec9000 rw-p 00007000 00:25 13824                      /usr/lib/jvm/java-17-openjdk-amd64/lib/libjimage.so
7f58d6ec9000-7f58d6ecd000 ---p 00000000 00:00 0 
7f58d6ecd000-7f58d6fc9000 rw-p 00000000 00:00 0 
7f58d6fc9000-7f58d6fcc000 r--p 00000000 00:25 17971                      /usr/lib/x86_64-linux-gnu/libgcc_s.so.1
7f58d6fcc000-7f58d6fe3000 r-xp 00003000 00:25 17971                      /usr/lib/x86_64-linux-gnu/libgcc_s.so.1
7f58d6fe3000-7f58d6fe7000 r--p 0001a000 00:25 17971                      /usr/lib/x86_64-linux-gnu/libgcc_s.so.1
7f58d6fe7000-7f58d6fe8000 r--p 0001d000 00:25 17971                      /usr/lib/x86_64-linux-gnu/libgcc_s.so.1
7f58d6fe8000-7f58d6fe9000 rw-p 0001e000 00:25 17971                      /usr/lib/x86_64-linux-gnu/libgcc_s.so.1
7f58d6fe9000-7f58d6ff9000 r--p 00000000 00:25 18072                      /usr/lib/x86_64-linux-gnu/libm.so.6
7f58d6ff9000-7f58d706d000 r-xp 00010000 00:25 18072                      /usr/lib/x86_64-linux-gnu/libm.so.6
7f58d706d000-7f58d70c7000 r--p 00084000 00:25 18072                      /usr/lib/x86_64-linux-gnu/libm.so.6
7f58d70c7000-7f58d70c8000 r--p 000dd000 00:25 18072                      /usr/lib/x86_64-linux-gnu/libm.so.6
7f58d70c8000-7f58d70c9000 rw-p 000de000 00:25 18072                      /usr/lib/x86_64-linux-gnu/libm.so.6
7f58d70c9000-7f58d7162000 r--p 00000000 00:25 18239                      /usr/lib/x86_64-linux-gnu/libstdc++.so.6.0.30
7f58d7162000-7f58d7263000 r-xp 00099000 00:25 18239                      /usr/lib/x86_64-linux-gnu/libstdc++.so.6.0.30
7f58d7263000-7f58d72d2000 r--p 0019a000 00:25 18239                      /usr/lib/x86_64-linux-gnu/libstdc++.so.6.0.30
7f58d72d2000-7f58d72dd000 r--p 00209000 00:25 18239                      /usr/lib/x86_64-linux-gnu/libstdc++.so.6.0.30
7f58d72dd000-7f58d72e0000 rw-p 00214000 00:25 18239                      /usr/lib/x86_64-linux-gnu/libstdc++.so.6.0.30
7f58d72e0000-7f58d72e3000 rw-p 00000000 00:00 0 
7f58d72e3000-7f58d7534000 r--p 00000000 00:25 13856                      /usr/lib/jvm/java-17-openjdk-amd64/lib/server/libjvm.so
7f58d7534000-7f58d8286000 r-xp 00251000 00:25 13856                      /usr/lib/jvm/java-17-openjdk-amd64/lib/server/libjvm.so
7f58d8286000-7f58d8508000 r--p 00fa3000 00:25 13856                      /usr/lib/jvm/java-17-openjdk-amd64/lib/server/libjvm.so
7f58d8508000-7f58d85c0000 r--p 01225000 00:25 13856                      /usr/lib/jvm/java-17-openjdk-amd64/lib/server/libjvm.so
7f58d85c0000-7f58d85f5000 rw-p 012dd000 00:25 13856                      /usr/lib/jvm/java-17-openjdk-amd64/lib/server/libjvm.so
7f58d85f5000-7f58d8651000 rw-p 00000000 00:00 0 
7f58d8651000-7f58d8677000 r--p 00000000 00:25 17860                      /usr/lib/x86_64-linux-gnu/libc.so.6
7f58d8677000-7f58d87cd000 r-xp 00026000 00:25 17860                      /usr/lib/x86_64-linux-gnu/libc.so.6
7f58d87cd000-7f58d8820000 r--p 0017c000 00:25 17860                      /usr/lib/x86_64-linux-gnu/libc.so.6
7f58d8820000-7f58d8824000 r--p 001cf000 00:25 17860                      /usr/lib/x86_64-linux-gnu/libc.so.6
7f58d8824000-7f58d8826000 rw-p 001d3000 00:25 17860                      /usr/lib/x86_64-linux-gnu/libc.so.6
7f58d8826000-7f58d8833000 rw-p 00000000 00:00 0 
7f58d8833000-7f58d8835000 r--p 00000000 00:25 13825                      /usr/lib/jvm/java-17-openjdk-amd64/lib/libjli.so
7f58d8835000-7f58d883e000 r-xp 00002000 00:25 13825                      /usr/lib/jvm/java-17-openjdk-amd64/lib/libjli.so
7f58d883e000-7f58d8841000 r--p 0000b000 00:25 13825                      /usr/lib/jvm/java-17-openjdk-amd64/lib/libjli.so
7f58d8841000-7f58d8842000 r--p 0000d000 00:25 13825                      /usr/lib/jvm/java-17-openjdk-amd64/lib/libjli.so
7f58d8842000-7f58d8843000 rw-p 0000e000 00:25 13825                      /usr/lib/jvm/java-17-openjdk-amd64/lib/libjli.so
7f58d8843000-7f58d8846000 r--p 00000000 00:25 1006                       /usr/lib/x86_64-linux-gnu/libz.so.1.2.13
7f58d8846000-7f58d8859000 r-xp 00003000 00:25 1006                       /usr/lib/x86_64-linux-gnu/libz.so.1.2.13
7f58d8859000-7f58d8860000 r--p 00016000 00:25 1006                       /usr/lib/x86_64-linux-gnu/libz.so.1.2.13
7f58d8860000-7f58d8861000 r--p 0001c000 00:25 1006                       /usr/lib/x86_64-linux-gnu/libz.so.1.2.13
7f58d8861000-7f58d8862000 rw-p 0001d000 00:25 1006                       /usr/lib/x86_64-linux-gnu/libz.so.1.2.13
7f58d8862000-7f58d8863000 r--p 00000000 00:25 13891                      /usr/lib/locale/C.utf8/LC_ADDRESS
7f58d8863000-7f58d8864000 r--p 00000000 00:25 13901                      /usr/lib/locale/C.utf8/LC_TELEPHONE
7f58d8864000-7f58d8865000 r--p 00000000 00:25 13895                      /usr/lib/locale/C.utf8/LC_MEASUREMENT
7f58d8865000-7f58d8866000 r--p 00000000 00:25 13894                      /usr/lib/locale/C.utf8/LC_IDENTIFICATION
7f58d8866000-7f58d8867000 ---p 00000000 00:00 0 
7f58d8867000-7f58d8868000 r--p 00000000 00:00 0 
7f58d8868000-7f58d8869000 ---p 00000000 00:00 0 
7f58d8869000-7f58d886b000 rw-p 00000000 00:00 0 
7f58d886b000-7f58d886c000 r--p 00000000 00:25 17646                      /usr/lib/x86_64-linux-gnu/ld-linux-x86-64.so.2
7f58d886c000-7f58d8892000 r-xp 00001000 00:25 17646                      /usr/lib/x86_64-linux-gnu/ld-linux-x86-64.so.2
7f58d8892000-7f58d889c000 r--p 00027000 00:25 17646                      /usr/lib/x86_64-linux-gnu/ld-linux-x86-64.so.2
7f58d889c000-7f58d889e000 r--p 00031000 00:25 17646                      /usr/lib/x86_64-linux-gnu/ld-linux-x86-64.so.2
7f58d889e000-7f58d88a0000 rw-p 00033000 00:25 17646                      /usr/lib/x86_64-linux-gnu/ld-linux-x86-64.so.2
7fffc1184000-7fffc11a5000 rw-p 00000000 00:00 0                          [stack]
7fffc11b2000-7fffc11b5000 r--p 00000000 00:00 0                          [vvar]
7fffc11b5000-7fffc11b7000 r-xp 00000000 00:00 0                          [vdso]
ffffffffff600000-ffffffffff601000 r-xp 00000000 00:00 0                  [vsyscall]


VM Arguments:
jvm_args: --add-opens=java.base/java.lang=ALL-UNNAMED --add-opens=java.base/java.lang.invoke=ALL-UNNAMED --add-opens=java.base/java.util=ALL-UNNAMED --add-opens=java.prefs/java.util.prefs=ALL-UNNAMED --add-exports=jdk.compiler/com.sun.tools.javac.api=ALL-UNNAMED --add-exports=jdk.compiler/com.sun.tools.javac.util=ALL-UNNAMED --add-opens=java.base/java.util=ALL-UNNAMED --add-opens=java.prefs/java.util.prefs=ALL-UNNAMED --add-opens=java.base/java.nio.charset=ALL-UNNAMED --add-opens=java.base/java.net=ALL-UNNAMED --add-opens=java.base/java.util.concurrent.atomic=ALL-UNNAMED --add-opens=java.xml/javax.xml.namespace=ALL-UNNAMED -Xmx2g -Dfile.encoding=UTF-8 -Duser.country -Duser.language=en -Duser.variant -javaagent:/tmp/gradle-8.11.1/lib/agents/gradle-instrumentation-agent-8.11.1.jar 
java_command: org.gradle.launcher.daemon.bootstrap.GradleDaemon 8.11.1
java_class_path (initial): /tmp/gradle-8.11.1/lib/gradle-daemon-main-8.11.1.jar
Launcher Type: SUN_STANDARD

[Global flags]
     intx CICompilerCount                          = 2                                         {product} {ergonomic}
     uint ConcGCThreads                            = 1                                         {product} {ergonomic}
     uint G1ConcRefinementThreads                  = 2                                         {product} {ergonomic}
   size_t G1HeapRegionSize                         = 1048576                                   {product} {ergonomic}
    uintx GCDrainStackTargetSize                   = 64                                        {product} {ergonomic}
   size_t InitialHeapSize                          = 33554432                                  {product} {ergonomic}
   size_t MarkStackSize                            = 4194304                                   {product} {ergonomic}
   size_t MaxHeapSize                              = 2147483648                                {product} {command line}
   size_t MaxNewSize                               = 1287651328                                {product} {ergonomic}
   size_t MinHeapDeltaBytes                        = 1048576                                   {product} {ergonomic}
   size_t MinHeapSize                              = 8388608                                   {product} {ergonomic}
    uintx NonNMethodCodeHeapSize                   = 5826188                                {pd product} {ergonomic}
    uintx NonProfiledCodeHeapSize                  = 122916026                              {pd product} {ergonomic}
    uintx ProfiledCodeHeapSize                     = 122916026                              {pd product} {ergonomic}
    uintx ReservedCodeCacheSize                    = 251658240                              {pd product} {ergonomic}
     bool SegmentedCodeCache                       = true                                      {product} {ergonomic}
   size_t SoftMaxHeapSize                          = 2147483648                             {manageable} {ergonomic}
     bool UseCompressedClassPointers               = true                           {product lp64_product} {ergonomic}
     bool UseCompressedOops                        = true                           {product lp64_product} {ergonomic}
     bool UseG1GC                                  = true                                      {product} {ergonomic}

Logging:
Log output configuration:
 #0: stdout all=warning uptime,level,tags
 #1: stderr all=off uptime,level,tags

Environment Variables:
PATH=/usr/local/sbin:/usr/local/bin:/usr/sbin:/usr/bin:/sbin:/bin
SHELL=/bin/bash
LANG=C.UTF-8
LC_ALL=C.UTF-8
TERM=tmux-256color

Active Locale:
LC_ALL=C.UTF-8
LC_COLLATE=C.UTF-8
LC_CTYPE=C.UTF-8
LC_MESSAGES=C.UTF-8
LC_MONETARY=C.UTF-8
LC_NUMERIC=C.UTF-8
LC_TIME=C.UTF-8

Signal Handlers:
   SIGSEGV: crash_handler in libjvm.so, mask=11100100010111111101111111111110, flags=SA_RESTART|SA_SIGINFO, unblocked
    SIGBUS: crash_handler in libjvm.so, mask=11100100010111111101111111111110, flags=SA_RESTART|SA_SIGINFO, unblocked
    SIGFPE: crash_handler in libjvm.so, mask=11100100010111111101111111111110, flags=SA_RESTART|SA_SIGINFO, unblocked
   SIGPIPE: javaSignalHandler in libjvm.so, mask=11100100010111111101111111111110, flags=SA_RESTART|SA_SIGINFO, unblocked
   SIGXFSZ: javaSignalHandler in libjvm.so, mask=11100100010111111101111111111110, flags=SA_RESTART|SA_SIGINFO, unblocked
    SIGILL: crash_handler in libjvm.so, mask=11100100010111111101111111111110, flags=SA_RESTART|SA_SIGINFO, unblocked
   SIGUSR2: SR_handler in libjvm.so, mask=00100000000000000000000000000000, flags=SA_RESTART|SA_SIGINFO, unblocked
    SIGHUP: UserHandler in libjvm.so, mask=11100100010111111101111111111110, flags=SA_RESTART|SA_SIGINFO, unblocked
    SIGINT: UserHandler in libjvm.so, mask=11100100010111111101111111111110, flags=SA_RESTART|SA_SIGINFO, unblocked
   SIGTERM: UserHandler in libjvm.so, mask=11100100010111111101111111111110, flags=SA_RESTART|SA_SIGINFO, unblocked
   SIGQUIT: UserHandler in libjvm.so, mask=11100100010111111101111111111110, flags=SA_RESTART|SA_SIGINFO, unblocked
   SIGTRAP: crash_handler in libjvm.so, mask=11100100010111111101111111111110, flags=SA_RESTART|SA_SIGINFO, unblocked


Periodic native trim disabled


---------------  S Y S T E M  ---------------

OS:
PRETTY_NAME="Debian GNU/Linux 12 (bookworm)"
NAME="Debian GNU/Linux"
VERSION_ID="12"
VERSION="12 (bookworm)"
VERSION_CODENAME=bookworm
ID=debian
HOME_URL="https://www.debian.org/"
SUPPORT_URL="https://www.debian.org/support"
BUG_REPORT_URL="https://bugs.debian.org/"
uname: Linux 4.19.91-c8dfc93.al7.x86_64 #1 SMP Tue Sep 26 10:25:51 UTC 2023 x86_64
OS uptime: 0 days 0:16 hours
libc: glibc 2.36 NPTL 2.36 
rlimit (soft/hard): STACK 8192k/infinity , CORE 0k/0k , NPROC 100000/100000 , NOFILE 100000/100000 , AS infinity/infinity , CPU infinity/infinity , DATA infinity/infinity , FSIZE infinity/infinity , MEMLOCK 64k/64k
load average: 3.47 2.28 1.16

/proc/meminfo:
MemTotal:        2152516 kB
MemFree:           38236 kB
MemAvailable:      34720 kB
Buffers:            2144 kB
Cached:            36736 kB
SwapCached:            0 kB
Active:          2002912 kB
Inactive:          22272 kB
Active(anon):    1986540 kB
Inactive(anon):       16 kB
Active(file):      16372 kB
Inactive(file):    22256 kB
Unevictable:           0 kB
Mlocked:               0 kB
SwapTotal:             0 kB
SwapFree:              0 kB
Dirty:               348 kB
Writeback:             0 kB
AnonPages:       1986480 kB
Mapped:            15236 kB
Shmem:                32 kB
Slab:              35640 kB
SReclaimable:      21696 kB
SUnreclaim:        13944 kB
KernelStack:        4448 kB
PageTables:         6376 kB
NFS_Unstable:          0 kB
Bounce:                0 kB
WritebackTmp:          0 kB
CommitLimit:     1076256 kB
Committed_AS:    2305632 kB
VmallocTotal:   34359738367 kB
VmallocUsed:           0 kB
VmallocChunk:          0 kB
Percpu:              384 kB
AnonHugePages:    434176 kB
ShmemHugePages:        0 kB
ShmemPmdMapped:        0 kB
HugePages_Total:       0
HugePages_Free:        0
HugePages_Rsvd:        0
HugePages_Surp:        0
Hugepagesize:       2048 kB
Hugetlb:               0 kB
DirectMap4k:        8192 kB
DirectMap2M:     2523136 kB
DirectMap1G:           0 kB

/sys/kernel/mm/transparent_hugepage/enabled: [always] madvise never
/sys/kernel/mm/transparent_hugepage/hpage_pmd_size: 2097152
/sys/kernel/mm/transparent_hugepage/defrag (defrag/compaction efforts parameter): always defer defer+madvise madvise [never]

Process Memory:
Virtual Size: 4800972K (peak: 4874132K)
Resident Set Size: 515892K (peak: 517464K) (anon: 504116K, file: 11776K, shmem: 0K)
Swapped out: 0K
C-Heap outstanding allocations: 96011K, retained: 17024K
glibc malloc tunables: (default)

/proc/sys/kernel/threads-max (system-wide limit on the number of threads): 1129
/proc/sys/vm/max_map_count (maximum number of memory map areas a process may have): 65530
/proc/sys/vm/swappiness (control to define how aggressively the kernel swaps out anonymous memory): 60
/proc/sys/kernel/pid_max (system-wide limit on number of process identifiers): 32768

container (cgroup) information:
container_type: cgroupv1
cpu_cpuset_cpus: 0-1
cpu_memory_nodes: 0
active_processor_count: 2
cpu_quota: no quota
cpu_period: 100000
cpu_shares: 12288
memory_limit_in_bytes: 2097152 k
memory_and_swap_limit_in_bytes: unlimited
memory_soft_limit_in_bytes: unlimited
memory_usage_in_bytes: 2052152 k
memory_max_usage_in_bytes: 2070992 k
rss_usage_in_bytes: 1979896 k
cache_usage_in_bytes: 38484 k
kernel_memory_limit_in_bytes: unlimited
kernel_memory_usage_in_bytes: 33720 k
kernel_memory_max_usage_in_bytes: 87728 k
maximum number of tasks: unlimited
current number of tasks: 203

KVM virtualization detected
Steal ticks since vm start: 3878
Steal ticks percentage since vm start:  0.401

CPU: total 2 (initial active 2) (2 cores per cpu, 1 threads per core) family 6 model 85 stepping 7 microcode 0x1, cx8, cmov, fxsr, mmx, 3dnowpref, sse, sse2, sse3, ssse3, sse4.1, sse4.2, popcnt, lzcnt, tsc, tscinvbit, avx, avx2, aes, erms, clmul, bmi1, bmi2, adx, avx512f, avx512dq, avx512cd, avx512bw, avx512vl, fma, vzeroupper, avx512_vnni, clflush, clflushopt, clwb, hv
CPU Model and flags from /proc/cpuinfo:
model name	: Intel(R) Xeon(R) Processor @ 2.50GHz
flags		: fpu vme de pse tsc msr pae mce cx8 apic sep mtrr pge mca cmov pat pse36 clflush mmx fxsr sse sse2 ss ht syscall nx pdpe1gb rdtscp lm constant_tsc rep_good nopl xtopology nonstop_tsc cpuid tsc_known_freq pni pclmulqdq ssse3 fma cx16 pcid sse4_1 sse4_2 x2apic movbe popcnt tsc_deadline_timer aes xsave avx f16c rdrand hypervisor lahf_lm abm 3dnowprefetch cpuid_fault invpcid_single ssbd ibrs ibpb stibp ibrs_enhanced fsgsbase tsc_adjust bmi1 avx2 smep bmi2 erms invpcid mpx avx512f avx512dq rdseed adx smap clflushopt clwb avx512cd avx512bw avx512vl xsaveopt xsavec xgetbv1 xsaves umip avx512_vnni md_clear arch_capabilities

Online cpus: 0-1
Offline cpus: 
BIOS frequency limitation: <Not Available>
Frequency switch latency (ns): <Not Available>
Available cpu frequencies: <Not Available>
Current governor: <Not Available>
Core performance/turbo boost: <Not Available>

Memory: 4k page, physical 2097152k(45000k free), swap 0k(0k free)
Page Sizes: 4k

vm_info: OpenJDK 64-Bit Server VM (17.0.20+8-1-deb12u1-Debian) for linux-amd64 JRE (17.0.20+8-1-deb12u1-Debian), built on Jul 28 2026 07:08:51 by "buildd" with gcc 12.2.0

END.
