#
# There is insufficient memory for the Java Runtime Environment to continue.
# Native memory allocation (mmap) failed to map 85983232 bytes. Error detail: committing reserved memory.
# Possible reasons:
#   The system is out of physical RAM or swap space
#   This process is running with CompressedOops enabled, and the Java Heap may be blocking the growth of the native heap
# Possible solutions:
#   Reduce memory load on the system
#   Increase physical memory or swap space
#   Check if swap backing store is full
#   Decrease Java heap size (-Xmx/-Xms)
#   Decrease number of Java threads
#   Decrease Java thread stack sizes (-Xss)
#   Set larger code cache with -XX:ReservedCodeCacheSize=
#   JVM is running with Unscaled Compressed Oops mode in which the Java heap is
#     placed in the first 4GB address space. The Java Heap base address is the
#     maximum limit for the native heap growth. Please use -XX:HeapBaseMinAddress
#     to set the Java Heap base and to place the Java Heap above 4GB virtual address.
# This output file may be truncated or incomplete.
#
#  Out of Memory Error (os_linux.cpp:2834), pid=4388, tid=4398
#
# JRE version: OpenJDK Runtime Environment (17.0.20+8) (build 17.0.20+8-1-deb12u1-Debian)
# Java VM: OpenJDK 64-Bit Server VM (17.0.20+8-1-deb12u1-Debian, mixed mode, sharing, tiered, compressed oops, compressed class ptrs, g1 gc, linux-amd64)
# No core dump will be written. Core dumps have been disabled. To enable core dumping, try "ulimit -c unlimited" before starting Java again
#

---------------  S U M M A R Y ------------

Command Line: --add-opens=java.base/java.lang=ALL-UNNAMED --add-opens=java.base/java.lang.invoke=ALL-UNNAMED --add-opens=java.base/java.util=ALL-UNNAMED --add-opens=java.prefs/java.util.prefs=ALL-UNNAMED --add-exports=jdk.compiler/com.sun.tools.javac.api=ALL-UNNAMED --add-exports=jdk.compiler/com.sun.tools.javac.util=ALL-UNNAMED --add-opens=java.base/java.util=ALL-UNNAMED --add-opens=java.prefs/java.util.prefs=ALL-UNNAMED --add-opens=java.base/java.nio.charset=ALL-UNNAMED --add-opens=java.base/java.net=ALL-UNNAMED --add-opens=java.base/java.util.concurrent.atomic=ALL-UNNAMED --add-opens=java.xml/javax.xml.namespace=ALL-UNNAMED -XX:MaxMetaspaceSize=512m -Xmx1024m -Dfile.encoding=UTF-8 -Duser.country -Duser.language=en -Duser.variant -javaagent:/tmp/gradle-8.11.1/lib/agents/gradle-instrumentation-agent-8.11.1.jar org.gradle.launcher.daemon.bootstrap.GradleDaemon 8.11.1

Host: Intel(R) Xeon(R) Processor @ 2.50GHz, 2 cores, 2G, Debian GNU/Linux 12 (bookworm)
Time: Tue Sep 29 05:32:39 2026 UTC elapsed time: 93.826128 seconds (0d 0h 1m 33s)

---------------  T H R E A D  ---------------

Current thread (0x00007f98c80a72b0):  VMThread "VM Thread" [stack: 0x00007f98acd1e000,0x00007f98ace1e000] [id=4398]

Stack: [0x00007f98acd1e000,0x00007f98ace1e000],  sp=0x00007f98ace1bd70,  free space=1015k
Native frames: (J=compiled Java code, j=interpreted, Vv=VM code, C=native code)
V  [libjvm.so+0xf21211]  VMError::report_and_die(int, char const*, char const*, __va_list_tag*, Thread*, unsigned char*, void*, void*, char const*, int, unsigned long)+0x171
V  [libjvm.so+0xf21d7d]  VMError::report_and_die(Thread*, char const*, int, unsigned long, VMErrorType, char const*, __va_list_tag*)+0x2d
V  [libjvm.so+0x60378c]  report_vm_out_of_memory(char const*, int, unsigned long, VMErrorType, char const*, ...)+0xdc
V  [libjvm.so+0xc2a14b]  os::pd_commit_memory_or_exit(char*, unsigned long, unsigned long, bool, char const*)+0xeb
V  [libjvm.so+0xc23ffb]  os::commit_memory_or_exit(char*, unsigned long, unsigned long, bool, char const*)+0x1b
V  [libjvm.so+0x733436]  G1PageBasedVirtualSpace::commit(unsigned long, unsigned long)+0x66
V  [libjvm.so+0x7473e0]  G1RegionsLargerThanCommitSizeMapper::commit_regions(unsigned int, unsigned long, WorkGang*)+0x110
V  [libjvm.so+0x7dadc8]  HeapRegionManager::commit_regions(unsigned int, unsigned long, WorkGang*)+0x88
V  [libjvm.so+0x7dcc0b]  HeapRegionManager::expand(unsigned int, unsigned int, WorkGang*)+0x2b
V  [libjvm.so+0x7dce27]  HeapRegionManager::expand_by(unsigned int, WorkGang*)+0x77
V  [libjvm.so+0x6ebed8]  G1CollectedHeap::expand(unsigned long, WorkGang*, double*)+0xe8
V  [libjvm.so+0x6efb29]  G1CollectedHeap::do_collection_pause_at_safepoint_helper(double)+0x8a9
V  [libjvm.so+0x6efb8f]  G1CollectedHeap::do_collection_pause_at_safepoint(double)+0x2f
V  [libjvm.so+0x76b9d7]  VM_G1CollectForAllocation::doit()+0x47
V  [libjvm.so+0xf26715]  VM_Operation::evaluate()+0xe5
V  [libjvm.so+0xf28005]  VMThread::evaluate_operation(VM_Operation*)+0x105
V  [libjvm.so+0xf2857f]  VMThread::inner_execute(VM_Operation*)+0x28f
V  [libjvm.so+0xf2878f]  VMThread::run()+0xbf
V  [libjvm.so+0xea40a5]  Thread::call_run()+0xa5
V  [libjvm.so+0xc2c8f3]  thread_native_entry(Thread*)+0xe3

VM_Operation (0x00007f9852b005c0): G1CollectForAllocation, mode: safepoint, requested by thread 0x000055dc28efbc20


---------------  P R O C E S S  ---------------

Threads class SMR info:
_java_thread_list=0x000055dc29af3820, length=60, elements={
0x00007f98c801ab50, 0x00007f98c80ab3b0, 0x00007f98c80ac790, 0x00007f98c80b3470,
0x00007f98c80b4820, 0x00007f98c80b5c30, 0x00007f98c80b75e0, 0x00007f98c80b8b10,
0x00007f98c80b9f80, 0x00007f98c80c5b30, 0x00007f98c81871d0, 0x00007f98c92f1120,
0x00007f98c935a750, 0x00007f98c93921e0, 0x00007f9864016f20, 0x00007f986c0064e0,
0x00007f986c009480, 0x00007f986c00f0b0, 0x00007f98980066f0, 0x00007f9898008800,
0x00007f989800a290, 0x00007f989819a820, 0x00007f98981a1f10, 0x00007f98981db370,
0x00007f9898936350, 0x00007f9898b1e340, 0x00007f9898b22e50, 0x00007f9898546930,
0x00007f9898731650, 0x00007f9898363e90, 0x00007f98989e78a0, 0x00007f9898c5e8e0,
0x00007f989923dac0, 0x00007f98992549f0, 0x00007f9899260c50, 0x00007f98997f1dd0,
0x00007f98999588e0, 0x00007f9899c65720, 0x00007f989a5f0770, 0x000055dc28efbc20,
0x00007f985802f5b0, 0x00007f9858086ca0, 0x000055dc28f15230, 0x000055dc28f0c6c0,
0x000055dc28f0df30, 0x000055dc28f1c680, 0x00007f985801ab50, 0x00007f985801fd90,
0x00007f9858020d40, 0x000055dc28f1ff20, 0x000055dc28f26390, 0x000055dc28f2bf40,
0x000055dc28f275a0, 0x000055dc2907baf0, 0x00007f985818af00, 0x00007f98580fc760,
0x00007f985810eb20, 0x00007f98582feb90, 0x000055dc29bf0010, 0x000055dc29bf95f0
}

Java Threads: ( => current thread )
  0x00007f98c801ab50 JavaThread "main" [_thread_blocked, id=4390, stack(0x00007f98cccbc000,0x00007f98ccdbc000)]
  0x00007f98c80ab3b0 JavaThread "Reference Handler" daemon [_thread_blocked, id=4399, stack(0x00007f98acc1d000,0x00007f98acd1d000)]
  0x00007f98c80ac790 JavaThread "Finalizer" daemon [_thread_blocked, id=4400, stack(0x00007f98acb1c000,0x00007f98acc1c000)]
  0x00007f98c80b3470 JavaThread "Signal Dispatcher" daemon [_thread_blocked, id=4401, stack(0x00007f98aca1b000,0x00007f98acb1b000)]
  0x00007f98c80b4820 JavaThread "Service Thread" daemon [_thread_blocked, id=4402, stack(0x00007f98ac91a000,0x00007f98aca1a000)]
  0x00007f98c80b5c30 JavaThread "Monitor Deflation Thread" daemon [_thread_blocked, id=4403, stack(0x00007f98ac819000,0x00007f98ac919000)]
  0x00007f98c80b75e0 JavaThread "C2 CompilerThread0" daemon [_thread_blocked, id=4404, stack(0x00007f98ac718000,0x00007f98ac818000)]
  0x00007f98c80b8b10 JavaThread "C1 CompilerThread0" daemon [_thread_blocked, id=4405, stack(0x00007f98ac617000,0x00007f98ac717000)]
  0x00007f98c80b9f80 JavaThread "Sweeper thread" daemon [_thread_blocked, id=4406, stack(0x00007f98ac516000,0x00007f98ac616000)]
  0x00007f98c80c5b30 JavaThread "Common-Cleaner" daemon [_thread_blocked, id=4407, stack(0x00007f98ac415000,0x00007f98ac515000)]
  0x00007f98c81871d0 JavaThread "Notification Thread" daemon [_thread_blocked, id=4408, stack(0x00007f98ac2e6000,0x00007f98ac3e6000)]
  0x00007f98c92f1120 JavaThread "Daemon health stats" [_thread_blocked, id=4416, stack(0x00007f9878b00000,0x00007f9878c00000)]
  0x00007f98c935a750 JavaThread "Incoming local TCP Connector on port 45193" [_thread_in_native, id=4417, stack(0x00007f9878700000,0x00007f9878800000)]
  0x00007f98c93921e0 JavaThread "Daemon periodic checks" [_thread_blocked, id=4418, stack(0x00007f98785ff000,0x00007f98786ff000)]
  0x00007f9864016f20 JavaThread "Daemon" [_thread_blocked, id=4420, stack(0x00007f98784fe000,0x00007f98785fe000)]
  0x00007f986c0064e0 JavaThread "Handler for socket connection from /127.0.0.1:45193 to /127.0.0.1:38312" [_thread_in_native, id=4421, stack(0x00007f98783fd000,0x00007f98784fd000)]
  0x00007f986c009480 JavaThread "Cancel handler" [_thread_blocked, id=4422, stack(0x00007f98782fc000,0x00007f98783fc000)]
  0x00007f986c00f0b0 JavaThread "Daemon worker" [_thread_blocked, id=4423, stack(0x00007f98781fb000,0x00007f98782fb000)]
  0x00007f98980066f0 JavaThread "Asynchronous log dispatcher for DefaultDaemonConnection: socket connection from /127.0.0.1:45193 to /127.0.0.1:38312" [_thread_blocked, id=4424, stack(0x00007f98780fa000,0x00007f98781fa000)]
  0x00007f9898008800 JavaThread "Stdin handler" [_thread_blocked, id=4425, stack(0x00007f9853f00000,0x00007f9854000000)]
  0x00007f989800a290 JavaThread "Daemon client event forwarder" [_thread_blocked, id=4426, stack(0x00007f9853dff000,0x00007f9853eff000)]
  0x00007f989819a820 JavaThread "Cache worker for journal cache (/root/.gradle/caches/journal-1)" [_thread_blocked, id=4428, stack(0x00007f9853cfe000,0x00007f9853dfe000)]
  0x00007f98981a1f10 JavaThread "File lock request listener" [_thread_in_native, id=4429, stack(0x00007f9853bfd000,0x00007f9853cfd000)]
  0x00007f98981db370 JavaThread "Cache worker for file hash cache (/root/.gradle/caches/8.11.1/fileHashes)" [_thread_blocked, id=4430, stack(0x00007f9853afc000,0x00007f9853bfc000)]
  0x00007f9898936350 JavaThread "Cache worker for file content cache (/root/.gradle/caches/8.11.1/fileContent)" [_thread_blocked, id=4433, stack(0x00007f9853717000,0x00007f9853817000)]
  0x00007f9898b1e340 JavaThread "Cache worker for file hash cache (/workspace/repro/.gradle/8.11.1/fileHashes)" [_thread_blocked, id=4435, stack(0x00007f98539fb000,0x00007f9853afb000)]
  0x00007f9898b22e50 JavaThread "Cache worker for Build Output Cleanup Cache (/workspace/repro/.gradle/buildOutputCleanup)" [_thread_blocked, id=4436, stack(0x00007f98538fa000,0x00007f98539fa000)]
  0x00007f9898546930 JavaThread "Cache worker for checksums cache (/workspace/repro/.gradle/8.11.1/checksums)" [_thread_blocked, id=4439, stack(0x00007f9853616000,0x00007f9853716000)]
  0x00007f9898731650 JavaThread "Cache worker for cache directory md-rule (/root/.gradle/caches/8.11.1/md-rule)" [_thread_blocked, id=4440, stack(0x00007f9853515000,0x00007f9853615000)]
  0x00007f9898363e90 JavaThread "Cache worker for cache directory md-supplier (/root/.gradle/caches/8.11.1/md-supplier)" [_thread_blocked, id=4442, stack(0x00007f9853414000,0x00007f9853514000)]
  0x00007f98989e78a0 JavaThread "jar transforms" [_thread_blocked, id=4445, stack(0x00007f9853313000,0x00007f9853413000)]
  0x00007f9898c5e8e0 JavaThread "jar transforms Thread 2" [_thread_blocked, id=4447, stack(0x00007f9853212000,0x00007f9853312000)]
  0x00007f989923dac0 JavaThread "Unconstrained build operations" [_thread_blocked, id=4458, stack(0x00007f9853111000,0x00007f9853211000)]
  0x00007f98992549f0 JavaThread "Unconstrained build operations Thread 2" [_thread_blocked, id=4459, stack(0x00007f9853010000,0x00007f9853110000)]
  0x00007f9899260c50 JavaThread "Unconstrained build operations Thread 3" [_thread_blocked, id=4462, stack(0x00007f9852f0f000,0x00007f985300f000)]
  0x00007f98997f1dd0 JavaThread "Problems report writer" [_thread_blocked, id=4469, stack(0x00007f9852e0e000,0x00007f9852f0e000)]
  0x00007f98999588e0 JavaThread "Memory manager" [_thread_blocked, id=4472, stack(0x00007f9852d0d000,0x00007f9852e0d000)]
  0x00007f9899c65720 JavaThread "build event listener" [_thread_blocked, id=4478, stack(0x00007f9852c0c000,0x00007f9852d0c000)]
  0x00007f989a5f0770 JavaThread "included builds" [_thread_blocked, id=4494, stack(0x00007f9852b0b000,0x00007f9852c0b000)]
  0x000055dc28efbc20 JavaThread "Execution worker" [_thread_blocked, id=4495, stack(0x00007f9852a0a000,0x00007f9852b0a000)]
  0x00007f985802f5b0 JavaThread "Cache worker for execution history cache (/workspace/repro/.gradle/8.11.1/executionHistory)" [_thread_blocked, id=4496, stack(0x00007f9852909000,0x00007f9852a09000)]
  0x00007f9858086ca0 JavaThread "Unconstrained build operations Thread 4" [_thread_blocked, id=4498, stack(0x00007f9852808000,0x00007f9852908000)]
  0x000055dc28f15230 JavaThread "Unconstrained build operations Thread 5" [_thread_blocked, id=4500, stack(0x00007f9852707000,0x00007f9852807000)]
  0x000055dc28f0c6c0 JavaThread "Unconstrained build operations Thread 6" [_thread_blocked, id=4502, stack(0x00007f9852606000,0x00007f9852706000)]
  0x000055dc28f0df30 JavaThread "Unconstrained build operations Thread 7" [_thread_blocked, id=4503, stack(0x00007f9852505000,0x00007f9852605000)]
  0x000055dc28f1c680 JavaThread "Unconstrained build operations Thread 8" [_thread_blocked, id=4504, stack(0x00007f9852404000,0x00007f9852504000)]
  0x00007f985801ab50 JavaThread "Unconstrained build operations Thread 9" [_thread_blocked, id=4505, stack(0x00007f9852303000,0x00007f9852403000)]
  0x00007f985801fd90 JavaThread "Unconstrained build operations Thread 10" [_thread_blocked, id=4506, stack(0x00007f9852202000,0x00007f9852302000)]
  0x00007f9858020d40 JavaThread "Unconstrained build operations Thread 11" [_thread_blocked, id=4507, stack(0x00007f9852101000,0x00007f9852201000)]
  0x000055dc28f1ff20 JavaThread "Unconstrained build operations Thread 12" [_thread_blocked, id=4509, stack(0x00007f984df00000,0x00007f984e000000)]
  0x000055dc28f26390 JavaThread "Unconstrained build operations Thread 13" [_thread_blocked, id=4510, stack(0x00007f984ddff000,0x00007f984deff000)]
  0x000055dc28f2bf40 JavaThread "Unconstrained build operations Thread 14" [_thread_blocked, id=4512, stack(0x00007f984dcfe000,0x00007f984ddfe000)]
  0x000055dc28f275a0 JavaThread "Unconstrained build operations Thread 15" [_thread_blocked, id=4513, stack(0x00007f984dbfd000,0x00007f984dcfd000)]
  0x000055dc2907baf0 JavaThread "WorkerExecutor Queue" [_thread_blocked, id=4515, stack(0x00007f984dafc000,0x00007f984dbfc000)]
  0x00007f985818af00 JavaThread "WorkerExecutor Queue Thread 2" [_thread_blocked, id=4517, stack(0x00007f984d8fa000,0x00007f984d9fa000)]
  0x00007f98580fc760 JavaThread "Unconstrained build operations Thread 16" [_thread_blocked, id=4520, stack(0x00007f984d7f9000,0x00007f984d8f9000)]
  0x00007f985810eb20 JavaThread "Unconstrained build operations Thread 17" [_thread_blocked, id=4522, stack(0x00007f984d6f8000,0x00007f984d7f8000)]
  0x00007f98582feb90 JavaThread "Unconstrained build operations Thread 18" [_thread_blocked, id=4537, stack(0x00007f984d9fb000,0x00007f984dafb000)]
  0x000055dc29bf0010 JavaThread "Unconstrained build operations Thread 19" [_thread_blocked, id=4541, stack(0x00007f984d5f7000,0x00007f984d6f7000)]
  0x000055dc29bf95f0 JavaThread "Unconstrained build operations Thread 20" [_thread_blocked, id=4542, stack(0x00007f984d4f6000,0x00007f984d5f6000)]

Other Threads:
=>0x00007f98c80a72b0 VMThread "VM Thread" [stack: 0x00007f98acd1e000,0x00007f98ace1e000] [id=4398]
  0x00007f98c801cf10 WatcherThread [stack: 0x00007f98ac1e5000,0x00007f98ac2e5000] [id=4409]
  0x00007f98c80571d0 GCTaskThread "GC Thread#0" [stack: 0x00007f98cc173000,0x00007f98cc273000] [id=4393]
  0x00007f9874004990 GCTaskThread "GC Thread#1" [stack: 0x00007f98ac0e4000,0x00007f98ac1e4000] [id=4410]
  0x00007f98c80607b0 ConcurrentGCThread "G1 Main Marker" [stack: 0x00007f98cc072000,0x00007f98cc172000] [id=4394]
  0x00007f98c8061720 ConcurrentGCThread "G1 Conc#0" [stack: 0x00007f98af411000,0x00007f98af511000] [id=4395]
  0x00007f98c8080350 ConcurrentGCThread "G1 Refine#0" [stack: 0x00007f98ad10e000,0x00007f98ad20e000] [id=4396]
  0x00007f9898000ea0 ConcurrentGCThread "G1 Refine#1" [stack: 0x00007f9878f00000,0x00007f9879000000] [id=4413]
  0x00007f98c8081250 ConcurrentGCThread "G1 Service" [stack: 0x00007f98ad00d000,0x00007f98ad10d000] [id=4397]

Threads with active compile tasks:
C2 CompilerThread0  93902 27333 %     4       com.android.tools.r8.ir.regalloc.b::a @ 682 (1831 bytes)

VM state: at safepoint (normal execution)

VM Mutex/Monitor currently owned by a thread:  ([mutex/lock_event])
[0x00007f98c8017940] Threads_lock - owner thread: 0x00007f98c80a72b0
[0x00007f98c80180f0] Heap_lock - owner thread: 0x000055dc28efbc20

Heap address: 0x00000000c0000000, size: 1024 MB, Compressed Oops mode: 32-bit

CDS archive(s) mapped at: [0x00007f987d000000-0x00007f987dbca000-0x00007f987dbca000), size 12361728, SharedBaseAddress: 0x00007f987d000000, ArchiveRelocationMode: 1.
Compressed class space mapped at: 0x00007f987e000000-0x00007f9898000000, reserved size: 436207616
Narrow klass base: 0x00007f987d000000, Narrow klass shift: 0, Narrow klass range: 0x100000000

GC Precious Log:
 CPUs: 2 total, 2 available
 Memory: 2048M
 Large Page Support: Disabled
 NUMA Support: Disabled
 Compressed Oops: Enabled (32-bit)
 Heap Region Size: 1M
 Heap Min Capacity: 8M
 Heap Initial Capacity: 32M
 Heap Max Capacity: 1G
 Pre-touch: Disabled
 Parallel Workers: 2
 Concurrent Workers: 1
 Concurrent Refinement Workers: 2
 Periodic GC: Disabled

Heap:
 garbage-first heap   total 432128K, used 247067K [0x00000000c0000000, 0x0000000100000000)
  region size 1024K, 2 young (2048K), 2 survivors (2048K)
 Metaspace       used 157085K, committed 157888K, reserved 622592K
  class space    used 21298K, committed 21696K, reserved 425984K

Heap Regions: E=young(eden), S=young(survivor), O=old, HS=humongous(starts), HC=humongous(continues), CS=collection set, F=free, OA=open archive, CA=closed archive, TAMS=top-at-mark-start (previous, next)
|   0|0x00000000c0000000, 0x00000000c0100000, 0x00000000c0100000|100%|HS|  |TAMS 0x00000000c0100000, 0x00000000c0000000| Complete 
|   1|0x00000000c0100000, 0x00000000c0200000, 0x00000000c0200000|100%|HC|  |TAMS 0x00000000c0200000, 0x00000000c0100000| Complete 
|   2|0x00000000c0200000, 0x00000000c0300000, 0x00000000c0300000|100%|HC|  |TAMS 0x00000000c0300000, 0x00000000c0200000| Complete 
|   3|0x00000000c0300000, 0x00000000c0400000, 0x00000000c0400000|100%| O|  |TAMS 0x00000000c0400000, 0x00000000c0300000| Untracked 
|   4|0x00000000c0400000, 0x00000000c0500000, 0x00000000c0500000|100%| O|  |TAMS 0x00000000c0500000, 0x00000000c0400000| Untracked 
|   5|0x00000000c0500000, 0x00000000c0600000, 0x00000000c0600000|100%| O|  |TAMS 0x00000000c0600000, 0x00000000c0500000| Untracked 
|   6|0x00000000c0600000, 0x00000000c0700000, 0x00000000c0700000|100%| O|  |TAMS 0x00000000c0700000, 0x00000000c0600000| Untracked 
|   7|0x00000000c0700000, 0x00000000c0800000, 0x00000000c0800000|100%| O|  |TAMS 0x00000000c0800000, 0x00000000c0700000| Untracked 
|   8|0x00000000c0800000, 0x00000000c0900000, 0x00000000c0900000|100%| O|  |TAMS 0x00000000c0900000, 0x00000000c0800000| Untracked 
|   9|0x00000000c0900000, 0x00000000c0a00000, 0x00000000c0a00000|100%| O|  |TAMS 0x00000000c0a00000, 0x00000000c0900000| Untracked 
|  10|0x00000000c0a00000, 0x00000000c0b00000, 0x00000000c0b00000|100%|HS|  |TAMS 0x00000000c0b00000, 0x00000000c0a00000| Complete 
|  11|0x00000000c0b00000, 0x00000000c0c00000, 0x00000000c0c00000|100%| O|  |TAMS 0x00000000c0c00000, 0x00000000c0b00000| Untracked 
|  12|0x00000000c0c00000, 0x00000000c0d00000, 0x00000000c0d00000|100%| O|  |TAMS 0x00000000c0d00000, 0x00000000c0c00000| Untracked 
|  13|0x00000000c0d00000, 0x00000000c0e00000, 0x00000000c0e00000|100%| O|  |TAMS 0x00000000c0e00000, 0x00000000c0d00000| Untracked 
|  14|0x00000000c0e00000, 0x00000000c0f00000, 0x00000000c0f00000|100%| O|  |TAMS 0x00000000c0f00000, 0x00000000c0e00000| Untracked 
|  15|0x00000000c0f00000, 0x00000000c1000000, 0x00000000c1000000|100%| O|  |TAMS 0x00000000c1000000, 0x00000000c0f00000| Untracked 
|  16|0x00000000c1000000, 0x00000000c1100000, 0x00000000c1100000|100%| O|  |TAMS 0x00000000c1100000, 0x00000000c1000000| Untracked 
|  17|0x00000000c1100000, 0x00000000c1200000, 0x00000000c1200000|100%| O|  |TAMS 0x00000000c1200000, 0x00000000c1100000| Untracked 
|  18|0x00000000c1200000, 0x00000000c1300000, 0x00000000c1300000|100%| O|  |TAMS 0x00000000c1300000, 0x00000000c1200000| Untracked 
|  19|0x00000000c1300000, 0x00000000c1400000, 0x00000000c1400000|100%| O|  |TAMS 0x00000000c1400000, 0x00000000c1300000| Untracked 
|  20|0x00000000c1400000, 0x00000000c1500000, 0x00000000c1500000|100%| O|  |TAMS 0x00000000c1500000, 0x00000000c1400000| Untracked 
|  21|0x00000000c1500000, 0x00000000c1600000, 0x00000000c1600000|100%| O|  |TAMS 0x00000000c1600000, 0x00000000c1500000| Untracked 
|  22|0x00000000c1600000, 0x00000000c1700000, 0x00000000c1700000|100%| O|  |TAMS 0x00000000c1700000, 0x00000000c1600000| Untracked 
|  23|0x00000000c1700000, 0x00000000c1800000, 0x00000000c1800000|100%|HS|  |TAMS 0x00000000c1800000, 0x00000000c1700000| Complete 
|  24|0x00000000c1800000, 0x00000000c1900000, 0x00000000c1900000|100%| O|  |TAMS 0x00000000c1900000, 0x00000000c1800000| Untracked 
|  25|0x00000000c1900000, 0x00000000c1a00000, 0x00000000c1a00000|100%| O|  |TAMS 0x00000000c1a00000, 0x00000000c1900000| Untracked 
|  26|0x00000000c1a00000, 0x00000000c1b00000, 0x00000000c1b00000|100%| O|  |TAMS 0x00000000c1b00000, 0x00000000c1a00000| Untracked 
|  27|0x00000000c1b00000, 0x00000000c1c00000, 0x00000000c1c00000|100%| O|  |TAMS 0x00000000c1c00000, 0x00000000c1b00000| Untracked 
|  28|0x00000000c1c00000, 0x00000000c1d00000, 0x00000000c1d00000|100%| O|  |TAMS 0x00000000c1d00000, 0x00000000c1c00000| Untracked 
|  29|0x00000000c1d00000, 0x00000000c1e00000, 0x00000000c1e00000|100%| O|  |TAMS 0x00000000c1e00000, 0x00000000c1d00000| Untracked 
|  30|0x00000000c1e00000, 0x00000000c1f00000, 0x00000000c1f00000|100%| O|  |TAMS 0x00000000c1f00000, 0x00000000c1e00000| Untracked 
|  31|0x00000000c1f00000, 0x00000000c2000000, 0x00000000c2000000|100%| O|  |TAMS 0x00000000c2000000, 0x00000000c1f00000| Untracked 
|  32|0x00000000c2000000, 0x00000000c2100000, 0x00000000c2100000|100%| O|  |TAMS 0x00000000c2100000, 0x00000000c2000000| Untracked 
|  33|0x00000000c2100000, 0x00000000c2200000, 0x00000000c2200000|100%| O|  |TAMS 0x00000000c2200000, 0x00000000c2100000| Untracked 
|  34|0x00000000c2200000, 0x00000000c2300000, 0x00000000c2300000|100%| O|  |TAMS 0x00000000c2300000, 0x00000000c2200000| Untracked 
|  35|0x00000000c2300000, 0x00000000c2400000, 0x00000000c2400000|100%| O|  |TAMS 0x00000000c2400000, 0x00000000c2300000| Untracked 
|  36|0x00000000c2400000, 0x00000000c2500000, 0x00000000c2500000|100%| O|  |TAMS 0x00000000c2500000, 0x00000000c2400000| Untracked 
|  37|0x00000000c2500000, 0x00000000c2600000, 0x00000000c2600000|100%| O|  |TAMS 0x00000000c2600000, 0x00000000c2500000| Untracked 
|  38|0x00000000c2600000, 0x00000000c2700000, 0x00000000c2700000|100%| O|  |TAMS 0x00000000c2700000, 0x00000000c2600000| Untracked 
|  39|0x00000000c2700000, 0x00000000c2800000, 0x00000000c2800000|100%| O|  |TAMS 0x00000000c2800000, 0x00000000c2700000| Untracked 
|  40|0x00000000c2800000, 0x00000000c2900000, 0x00000000c2900000|100%| O|  |TAMS 0x00000000c2900000, 0x00000000c2800000| Untracked 
|  41|0x00000000c2900000, 0x00000000c2a00000, 0x00000000c2a00000|100%| O|  |TAMS 0x00000000c2900000, 0x00000000c2900000| Untracked 
|  42|0x00000000c2a00000, 0x00000000c2b00000, 0x00000000c2b00000|100%|HS|  |TAMS 0x00000000c2b00000, 0x00000000c2a00000| Complete 
|  43|0x00000000c2b00000, 0x00000000c2c00000, 0x00000000c2c00000|100%|HC|  |TAMS 0x00000000c2c00000, 0x00000000c2b00000| Complete 
|  44|0x00000000c2c00000, 0x00000000c2d00000, 0x00000000c2d00000|100%|HS|  |TAMS 0x00000000c2d00000, 0x00000000c2c00000| Complete 
|  45|0x00000000c2d00000, 0x00000000c2e00000, 0x00000000c2e00000|100%|HS|  |TAMS 0x00000000c2e00000, 0x00000000c2d00000| Complete 
|  46|0x00000000c2e00000, 0x00000000c2f00000, 0x00000000c2f00000|100%|HS|  |TAMS 0x00000000c2f00000, 0x00000000c2e00000| Complete 
|  47|0x00000000c2f00000, 0x00000000c3000000, 0x00000000c3000000|100%|HC|  |TAMS 0x00000000c3000000, 0x00000000c2f00000| Complete 
|  48|0x00000000c3000000, 0x00000000c3100000, 0x00000000c3100000|100%|HC|  |TAMS 0x00000000c3100000, 0x00000000c3000000| Complete 
|  49|0x00000000c3100000, 0x00000000c3200000, 0x00000000c3200000|100%|HC|  |TAMS 0x00000000c3200000, 0x00000000c3100000| Complete 
|  50|0x00000000c3200000, 0x00000000c3300000, 0x00000000c3300000|100%|HS|  |TAMS 0x00000000c3300000, 0x00000000c3200000| Complete 
|  51|0x00000000c3300000, 0x00000000c3400000, 0x00000000c3400000|100%| O|  |TAMS 0x00000000c3400000, 0x00000000c3300000| Untracked 
|  52|0x00000000c3400000, 0x00000000c3500000, 0x00000000c3500000|100%| O|  |TAMS 0x00000000c3500000, 0x00000000c3400000| Untracked 
|  53|0x00000000c3500000, 0x00000000c3600000, 0x00000000c3600000|100%| O|  |TAMS 0x00000000c3600000, 0x00000000c3500000| Untracked 
|  54|0x00000000c3600000, 0x00000000c3700000, 0x00000000c3700000|100%| O|  |TAMS 0x00000000c3700000, 0x00000000c3600000| Untracked 
|  55|0x00000000c3700000, 0x00000000c3800000, 0x00000000c3800000|100%| O|  |TAMS 0x00000000c3800000, 0x00000000c3700000| Untracked 
|  56|0x00000000c3800000, 0x00000000c3900000, 0x00000000c3900000|100%| O|  |TAMS 0x00000000c3900000, 0x00000000c3800000| Untracked 
|  57|0x00000000c3900000, 0x00000000c3a00000, 0x00000000c3a00000|100%| O|  |TAMS 0x00000000c3a00000, 0x00000000c3900000| Untracked 
|  58|0x00000000c3a00000, 0x00000000c3b00000, 0x00000000c3b00000|100%| O|  |TAMS 0x00000000c3b00000, 0x00000000c3a00000| Untracked 
|  59|0x00000000c3b00000, 0x00000000c3c00000, 0x00000000c3c00000|100%| O|  |TAMS 0x00000000c3c00000, 0x00000000c3b00000| Untracked 
|  60|0x00000000c3c00000, 0x00000000c3d00000, 0x00000000c3d00000|100%| O|  |TAMS 0x00000000c3d00000, 0x00000000c3c00000| Untracked 
|  61|0x00000000c3d00000, 0x00000000c3e00000, 0x00000000c3e00000|100%| O|  |TAMS 0x00000000c3e00000, 0x00000000c3d00000| Untracked 
|  62|0x00000000c3e00000, 0x00000000c3f00000, 0x00000000c3f00000|100%| O|  |TAMS 0x00000000c3f00000, 0x00000000c3e00000| Untracked 
|  63|0x00000000c3f00000, 0x00000000c4000000, 0x00000000c4000000|100%| O|  |TAMS 0x00000000c4000000, 0x00000000c3f00000| Untracked 
|  64|0x00000000c4000000, 0x00000000c4100000, 0x00000000c4100000|100%| O|  |TAMS 0x00000000c4100000, 0x00000000c4000000| Untracked 
|  65|0x00000000c4100000, 0x00000000c4200000, 0x00000000c4200000|100%| O|  |TAMS 0x00000000c4200000, 0x00000000c4100000| Untracked 
|  66|0x00000000c4200000, 0x00000000c4300000, 0x00000000c4300000|100%| O|  |TAMS 0x00000000c4300000, 0x00000000c4200000| Untracked 
|  67|0x00000000c4300000, 0x00000000c4400000, 0x00000000c4400000|100%| O|  |TAMS 0x00000000c4400000, 0x00000000c4300000| Untracked 
|  68|0x00000000c4400000, 0x00000000c4500000, 0x00000000c4500000|100%| O|  |TAMS 0x00000000c4500000, 0x00000000c4400000| Untracked 
|  69|0x00000000c4500000, 0x00000000c4600000, 0x00000000c4600000|100%|HS|  |TAMS 0x00000000c4600000, 0x00000000c4500000| Complete 
|  70|0x00000000c4600000, 0x00000000c4700000, 0x00000000c4700000|100%|HC|  |TAMS 0x00000000c4700000, 0x00000000c4600000| Complete 
|  71|0x00000000c4700000, 0x00000000c4800000, 0x00000000c4800000|100%|HS|  |TAMS 0x00000000c4800000, 0x00000000c4700000| Complete 
|  72|0x00000000c4800000, 0x00000000c4900000, 0x00000000c4900000|100%|HC|  |TAMS 0x00000000c4900000, 0x00000000c4800000| Complete 
|  73|0x00000000c4900000, 0x00000000c4a00000, 0x00000000c4a00000|100%|HC|  |TAMS 0x00000000c4a00000, 0x00000000c4900000| Complete 
|  74|0x00000000c4a00000, 0x00000000c4b00000, 0x00000000c4b00000|100%|HC|  |TAMS 0x00000000c4b00000, 0x00000000c4a00000| Complete 
|  75|0x00000000c4b00000, 0x00000000c4c00000, 0x00000000c4c00000|100%| O|  |TAMS 0x00000000c4c00000, 0x00000000c4b00000| Untracked 
|  76|0x00000000c4c00000, 0x00000000c4d00000, 0x00000000c4d00000|100%| O|  |TAMS 0x00000000c4d00000, 0x00000000c4c00000| Untracked 
|  77|0x00000000c4d00000, 0x00000000c4e00000, 0x00000000c4e00000|100%| O|  |TAMS 0x00000000c4e00000, 0x00000000c4d00000| Untracked 
|  78|0x00000000c4e00000, 0x00000000c4f00000, 0x00000000c4f00000|100%| O|  |TAMS 0x00000000c4f00000, 0x00000000c4e00000| Untracked 
|  79|0x00000000c4f00000, 0x00000000c5000000, 0x00000000c5000000|100%| O|  |TAMS 0x00000000c5000000, 0x00000000c4f00000| Untracked 
|  80|0x00000000c5000000, 0x00000000c5100000, 0x00000000c5100000|100%| O|  |TAMS 0x00000000c5100000, 0x00000000c5000000| Untracked 
|  81|0x00000000c5100000, 0x00000000c5200000, 0x00000000c5200000|100%| O|  |TAMS 0x00000000c5200000, 0x00000000c5100000| Untracked 
|  82|0x00000000c5200000, 0x00000000c52d9c00, 0x00000000c5300000| 85%| O|  |TAMS 0x00000000c52d9c00, 0x00000000c5200000| Untracked 
|  83|0x00000000c5300000, 0x00000000c5400000, 0x00000000c5400000|100%|HS|  |TAMS 0x00000000c5300000, 0x00000000c5300000| Complete 
|  84|0x00000000c5400000, 0x00000000c5500000, 0x00000000c5500000|100%| O|  |TAMS 0x00000000c5400000, 0x00000000c5400000| Untracked 
|  85|0x00000000c5500000, 0x00000000c5600000, 0x00000000c5600000|100%| O|  |TAMS 0x00000000c5500000, 0x00000000c5500000| Untracked 
|  86|0x00000000c5600000, 0x00000000c5700000, 0x00000000c5700000|100%| O|  |TAMS 0x00000000c5600000, 0x00000000c5600000| Untracked 
|  87|0x00000000c5700000, 0x00000000c5800000, 0x00000000c5800000|100%| O|  |TAMS 0x00000000c5700000, 0x00000000c5700000| Untracked 
|  88|0x00000000c5800000, 0x00000000c5900000, 0x00000000c5900000|100%| O|  |TAMS 0x00000000c5800000, 0x00000000c5800000| Untracked 
|  89|0x00000000c5900000, 0x00000000c5a00000, 0x00000000c5a00000|100%| O|  |TAMS 0x00000000c5900000, 0x00000000c5900000| Untracked 
|  90|0x00000000c5a00000, 0x00000000c5b00000, 0x00000000c5b00000|100%| O|  |TAMS 0x00000000c5a00000, 0x00000000c5a00000| Untracked 
|  91|0x00000000c5b00000, 0x00000000c5c00000, 0x00000000c5c00000|100%| O|  |TAMS 0x00000000c5b00000, 0x00000000c5b00000| Untracked 
|  92|0x00000000c5c00000, 0x00000000c5d00000, 0x00000000c5d00000|100%| O|  |TAMS 0x00000000c5c00000, 0x00000000c5c00000| Untracked 
|  93|0x00000000c5d00000, 0x00000000c5e00000, 0x00000000c5e00000|100%| O|  |TAMS 0x00000000c5d00000, 0x00000000c5d00000| Untracked 
|  94|0x00000000c5e00000, 0x00000000c5f00000, 0x00000000c5f00000|100%| O|  |TAMS 0x00000000c5e00000, 0x00000000c5e00000| Untracked 
|  95|0x00000000c5f00000, 0x00000000c6000000, 0x00000000c6000000|100%| O|  |TAMS 0x00000000c5f00000, 0x00000000c5f00000| Untracked 
|  96|0x00000000c6000000, 0x00000000c6100000, 0x00000000c6100000|100%| O|  |TAMS 0x00000000c6000000, 0x00000000c6000000| Untracked 
|  97|0x00000000c6100000, 0x00000000c6200000, 0x00000000c6200000|100%| O|  |TAMS 0x00000000c6100000, 0x00000000c6100000| Untracked 
|  98|0x00000000c6200000, 0x00000000c6300000, 0x00000000c6300000|100%| O|  |TAMS 0x00000000c6200000, 0x00000000c6200000| Untracked 
|  99|0x00000000c6300000, 0x00000000c6400000, 0x00000000c6400000|100%| O|  |TAMS 0x00000000c6300000, 0x00000000c6300000| Untracked 
| 100|0x00000000c6400000, 0x00000000c6500000, 0x00000000c6500000|100%| O|  |TAMS 0x00000000c6400000, 0x00000000c6400000| Untracked 
| 101|0x00000000c6500000, 0x00000000c6600000, 0x00000000c6600000|100%| O|  |TAMS 0x00000000c6500000, 0x00000000c6500000| Untracked 
| 102|0x00000000c6600000, 0x00000000c6700000, 0x00000000c6700000|100%| O|  |TAMS 0x00000000c6600000, 0x00000000c6600000| Untracked 
| 103|0x00000000c6700000, 0x00000000c6800000, 0x00000000c6800000|100%| O|  |TAMS 0x00000000c6700000, 0x00000000c6700000| Untracked 
| 104|0x00000000c6800000, 0x00000000c6900000, 0x00000000c6900000|100%| O|  |TAMS 0x00000000c6800000, 0x00000000c6800000| Untracked 
| 105|0x00000000c6900000, 0x00000000c6a00000, 0x00000000c6a00000|100%| O|  |TAMS 0x00000000c6900000, 0x00000000c6900000| Untracked 
| 106|0x00000000c6a00000, 0x00000000c6b00000, 0x00000000c6b00000|100%| O|  |TAMS 0x00000000c6a00000, 0x00000000c6a00000| Untracked 
| 107|0x00000000c6b00000, 0x00000000c6c00000, 0x00000000c6c00000|100%| O|  |TAMS 0x00000000c6b00000, 0x00000000c6b00000| Untracked 
| 108|0x00000000c6c00000, 0x00000000c6d00000, 0x00000000c6d00000|100%| O|  |TAMS 0x00000000c6c00000, 0x00000000c6c00000| Untracked 
| 109|0x00000000c6d00000, 0x00000000c6e00000, 0x00000000c6e00000|100%| O|  |TAMS 0x00000000c6d00000, 0x00000000c6d00000| Untracked 
| 110|0x00000000c6e00000, 0x00000000c6f00000, 0x00000000c6f00000|100%| O|  |TAMS 0x00000000c6e00000, 0x00000000c6e00000| Untracked 
| 111|0x00000000c6f00000, 0x00000000c7000000, 0x00000000c7000000|100%| O|  |TAMS 0x00000000c6f00000, 0x00000000c6f00000| Untracked 
| 112|0x00000000c7000000, 0x00000000c7100000, 0x00000000c7100000|100%| O|  |TAMS 0x00000000c7000000, 0x00000000c7000000| Untracked 
| 113|0x00000000c7100000, 0x00000000c7200000, 0x00000000c7200000|100%| O|  |TAMS 0x00000000c7100000, 0x00000000c7100000| Untracked 
| 114|0x00000000c7200000, 0x00000000c7300000, 0x00000000c7300000|100%| O|  |TAMS 0x00000000c7200000, 0x00000000c7200000| Untracked 
| 115|0x00000000c7300000, 0x00000000c7400000, 0x00000000c7400000|100%| O|  |TAMS 0x00000000c7300000, 0x00000000c7300000| Untracked 
| 116|0x00000000c7400000, 0x00000000c7500000, 0x00000000c7500000|100%| O|  |TAMS 0x00000000c7400000, 0x00000000c7400000| Untracked 
| 117|0x00000000c7500000, 0x00000000c7600000, 0x00000000c7600000|100%| O|  |TAMS 0x00000000c7500000, 0x00000000c7500000| Untracked 
| 118|0x00000000c7600000, 0x00000000c7700000, 0x00000000c7700000|100%| O|  |TAMS 0x00000000c7600000, 0x00000000c7600000| Untracked 
| 119|0x00000000c7700000, 0x00000000c7800000, 0x00000000c7800000|100%| O|  |TAMS 0x00000000c7700000, 0x00000000c7700000| Untracked 
| 120|0x00000000c7800000, 0x00000000c7900000, 0x00000000c7900000|100%| O|  |TAMS 0x00000000c7800000, 0x00000000c7800000| Untracked 
| 121|0x00000000c7900000, 0x00000000c7a00000, 0x00000000c7a00000|100%| O|  |TAMS 0x00000000c7900000, 0x00000000c7900000| Untracked 
| 122|0x00000000c7a00000, 0x00000000c7b00000, 0x00000000c7b00000|100%| O|  |TAMS 0x00000000c7a00000, 0x00000000c7a00000| Untracked 
| 123|0x00000000c7b00000, 0x00000000c7c00000, 0x00000000c7c00000|100%| O|  |TAMS 0x00000000c7b00000, 0x00000000c7b00000| Untracked 
| 124|0x00000000c7c00000, 0x00000000c7d00000, 0x00000000c7d00000|100%| O|  |TAMS 0x00000000c7c00000, 0x00000000c7c00000| Untracked 
| 125|0x00000000c7d00000, 0x00000000c7e00000, 0x00000000c7e00000|100%| O|  |TAMS 0x00000000c7d00000, 0x00000000c7d00000| Untracked 
| 126|0x00000000c7e00000, 0x00000000c7f00000, 0x00000000c7f00000|100%| O|  |TAMS 0x00000000c7e00000, 0x00000000c7e00000| Untracked 
| 127|0x00000000c7f00000, 0x00000000c8000000, 0x00000000c8000000|100%| O|  |TAMS 0x00000000c7f00000, 0x00000000c7f00000| Untracked 
| 128|0x00000000c8000000, 0x00000000c8100000, 0x00000000c8100000|100%| O|  |TAMS 0x00000000c8000000, 0x00000000c8000000| Untracked 
| 129|0x00000000c8100000, 0x00000000c8200000, 0x00000000c8200000|100%| O|  |TAMS 0x00000000c8100000, 0x00000000c8100000| Untracked 
| 130|0x00000000c8200000, 0x00000000c8300000, 0x00000000c8300000|100%|HS|  |TAMS 0x00000000c8200000, 0x00000000c8200000| Complete 
| 131|0x00000000c8300000, 0x00000000c8400000, 0x00000000c8400000|100%|HC|  |TAMS 0x00000000c8300000, 0x00000000c8300000| Complete 
| 132|0x00000000c8400000, 0x00000000c8500000, 0x00000000c8500000|100%|HC|  |TAMS 0x00000000c8400000, 0x00000000c8400000| Complete 
| 133|0x00000000c8500000, 0x00000000c8600000, 0x00000000c8600000|100%|HC|  |TAMS 0x00000000c8500000, 0x00000000c8500000| Complete 
| 134|0x00000000c8600000, 0x00000000c8700000, 0x00000000c8700000|100%|HC|  |TAMS 0x00000000c8600000, 0x00000000c8600000| Complete 
| 135|0x00000000c8700000, 0x00000000c8800000, 0x00000000c8800000|100%|HC|  |TAMS 0x00000000c8700000, 0x00000000c8700000| Complete 
| 136|0x00000000c8800000, 0x00000000c8900000, 0x00000000c8900000|100%|HC|  |TAMS 0x00000000c8800000, 0x00000000c8800000| Complete 
| 137|0x00000000c8900000, 0x00000000c8a00000, 0x00000000c8a00000|100%| O|  |TAMS 0x00000000c8900000, 0x00000000c8900000| Untracked 
| 138|0x00000000c8a00000, 0x00000000c8b00000, 0x00000000c8b00000|100%| O|  |TAMS 0x00000000c8a00000, 0x00000000c8a00000| Untracked 
| 139|0x00000000c8b00000, 0x00000000c8c00000, 0x00000000c8c00000|100%| O|  |TAMS 0x00000000c8b00000, 0x00000000c8b00000| Untracked 
| 140|0x00000000c8c00000, 0x00000000c8d00000, 0x00000000c8d00000|100%| O|  |TAMS 0x00000000c8c00000, 0x00000000c8c00000| Untracked 
| 141|0x00000000c8d00000, 0x00000000c8e00000, 0x00000000c8e00000|100%| O|  |TAMS 0x00000000c8d00000, 0x00000000c8d00000| Untracked 
| 142|0x00000000c8e00000, 0x00000000c8f00000, 0x00000000c8f00000|100%| O|  |TAMS 0x00000000c8e00000, 0x00000000c8e00000| Untracked 
| 143|0x00000000c8f00000, 0x00000000c9000000, 0x00000000c9000000|100%| O|  |TAMS 0x00000000c8f00000, 0x00000000c8f00000| Untracked 
| 144|0x00000000c9000000, 0x00000000c9100000, 0x00000000c9100000|100%| O|  |TAMS 0x00000000c9000000, 0x00000000c9000000| Untracked 
| 145|0x00000000c9100000, 0x00000000c9200000, 0x00000000c9200000|100%| O|  |TAMS 0x00000000c9100000, 0x00000000c9100000| Untracked 
| 146|0x00000000c9200000, 0x00000000c9300000, 0x00000000c9300000|100%| O|  |TAMS 0x00000000c9200000, 0x00000000c9200000| Untracked 
| 147|0x00000000c9300000, 0x00000000c9400000, 0x00000000c9400000|100%| O|  |TAMS 0x00000000c9300000, 0x00000000c9300000| Untracked 
| 148|0x00000000c9400000, 0x00000000c9500000, 0x00000000c9500000|100%| O|  |TAMS 0x00000000c9400000, 0x00000000c9400000| Untracked 
| 149|0x00000000c9500000, 0x00000000c9600000, 0x00000000c9600000|100%| O|  |TAMS 0x00000000c9500000, 0x00000000c9500000| Untracked 
| 150|0x00000000c9600000, 0x00000000c9700000, 0x00000000c9700000|100%| O|  |TAMS 0x00000000c9600000, 0x00000000c9600000| Untracked 
| 151|0x00000000c9700000, 0x00000000c9800000, 0x00000000c9800000|100%| O|  |TAMS 0x00000000c9700000, 0x00000000c9700000| Untracked 
| 152|0x00000000c9800000, 0x00000000c9900000, 0x00000000c9900000|100%| O|  |TAMS 0x00000000c9800000, 0x00000000c9800000| Untracked 
| 153|0x00000000c9900000, 0x00000000c9a00000, 0x00000000c9a00000|100%| O|  |TAMS 0x00000000c9900000, 0x00000000c9900000| Untracked 
| 154|0x00000000c9a00000, 0x00000000c9b00000, 0x00000000c9b00000|100%| O|  |TAMS 0x00000000c9a00000, 0x00000000c9a00000| Untracked 
| 155|0x00000000c9b00000, 0x00000000c9c00000, 0x00000000c9c00000|100%| O|  |TAMS 0x00000000c9b00000, 0x00000000c9b00000| Untracked 
| 156|0x00000000c9c00000, 0x00000000c9d00000, 0x00000000c9d00000|100%| O|  |TAMS 0x00000000c9c00000, 0x00000000c9c00000| Untracked 
| 157|0x00000000c9d00000, 0x00000000c9e00000, 0x00000000c9e00000|100%| O|  |TAMS 0x00000000c9d00000, 0x00000000c9d00000| Untracked 
| 158|0x00000000c9e00000, 0x00000000c9f00000, 0x00000000c9f00000|100%| O|  |TAMS 0x00000000c9e00000, 0x00000000c9e00000| Untracked 
| 159|0x00000000c9f00000, 0x00000000ca000000, 0x00000000ca000000|100%| O|  |TAMS 0x00000000c9f00000, 0x00000000c9f00000| Untracked 
| 160|0x00000000ca000000, 0x00000000ca100000, 0x00000000ca100000|100%| O|  |TAMS 0x00000000ca000000, 0x00000000ca000000| Untracked 
| 161|0x00000000ca100000, 0x00000000ca200000, 0x00000000ca200000|100%| O|  |TAMS 0x00000000ca100000, 0x00000000ca100000| Untracked 
| 162|0x00000000ca200000, 0x00000000ca300000, 0x00000000ca300000|100%| O|  |TAMS 0x00000000ca200000, 0x00000000ca200000| Untracked 
| 163|0x00000000ca300000, 0x00000000ca400000, 0x00000000ca400000|100%| O|  |TAMS 0x00000000ca300000, 0x00000000ca300000| Untracked 
| 164|0x00000000ca400000, 0x00000000ca500000, 0x00000000ca500000|100%| O|  |TAMS 0x00000000ca400000, 0x00000000ca400000| Untracked 
| 165|0x00000000ca500000, 0x00000000ca600000, 0x00000000ca600000|100%| O|  |TAMS 0x00000000ca500000, 0x00000000ca500000| Untracked 
| 166|0x00000000ca600000, 0x00000000ca700000, 0x00000000ca700000|100%| O|  |TAMS 0x00000000ca600000, 0x00000000ca600000| Untracked 
| 167|0x00000000ca700000, 0x00000000ca800000, 0x00000000ca800000|100%| O|  |TAMS 0x00000000ca700000, 0x00000000ca700000| Untracked 
| 168|0x00000000ca800000, 0x00000000ca900000, 0x00000000ca900000|100%| O|  |TAMS 0x00000000ca800000, 0x00000000ca800000| Untracked 
| 169|0x00000000ca900000, 0x00000000caa00000, 0x00000000caa00000|100%| O|  |TAMS 0x00000000ca900000, 0x00000000ca900000| Untracked 
| 170|0x00000000caa00000, 0x00000000cab00000, 0x00000000cab00000|100%| O|  |TAMS 0x00000000caa00000, 0x00000000caa00000| Untracked 
| 171|0x00000000cab00000, 0x00000000cac00000, 0x00000000cac00000|100%| O|  |TAMS 0x00000000cab00000, 0x00000000cab00000| Untracked 
| 172|0x00000000cac00000, 0x00000000cad00000, 0x00000000cad00000|100%| O|  |TAMS 0x00000000cac00000, 0x00000000cac00000| Untracked 
| 173|0x00000000cad00000, 0x00000000cae00000, 0x00000000cae00000|100%| O|  |TAMS 0x00000000cad00000, 0x00000000cad00000| Untracked 
| 174|0x00000000cae00000, 0x00000000caf00000, 0x00000000caf00000|100%| O|  |TAMS 0x00000000cae00000, 0x00000000cae00000| Untracked 
| 175|0x00000000caf00000, 0x00000000cb000000, 0x00000000cb000000|100%| O|  |TAMS 0x00000000caf00000, 0x00000000caf00000| Untracked 
| 176|0x00000000cb000000, 0x00000000cb100000, 0x00000000cb100000|100%| O|  |TAMS 0x00000000cb000000, 0x00000000cb000000| Untracked 
| 177|0x00000000cb100000, 0x00000000cb200000, 0x00000000cb200000|100%| O|  |TAMS 0x00000000cb100000, 0x00000000cb100000| Untracked 
| 178|0x00000000cb200000, 0x00000000cb300000, 0x00000000cb300000|100%|HS|  |TAMS 0x00000000cb200000, 0x00000000cb200000| Complete 
| 179|0x00000000cb300000, 0x00000000cb400000, 0x00000000cb400000|100%| O|  |TAMS 0x00000000cb300000, 0x00000000cb300000| Untracked 
| 180|0x00000000cb400000, 0x00000000cb500000, 0x00000000cb500000|100%| O|  |TAMS 0x00000000cb400000, 0x00000000cb400000| Untracked 
| 181|0x00000000cb500000, 0x00000000cb600000, 0x00000000cb600000|100%| O|  |TAMS 0x00000000cb500000, 0x00000000cb500000| Untracked 
| 182|0x00000000cb600000, 0x00000000cb700000, 0x00000000cb700000|100%| O|  |TAMS 0x00000000cb600000, 0x00000000cb600000| Untracked 
| 183|0x00000000cb700000, 0x00000000cb800000, 0x00000000cb800000|100%| O|  |TAMS 0x00000000cb700000, 0x00000000cb700000| Untracked 
| 184|0x00000000cb800000, 0x00000000cb900000, 0x00000000cb900000|100%| O|  |TAMS 0x00000000cb800000, 0x00000000cb800000| Untracked 
| 185|0x00000000cb900000, 0x00000000cba00000, 0x00000000cba00000|100%| O|  |TAMS 0x00000000cb900000, 0x00000000cb900000| Untracked 
| 186|0x00000000cba00000, 0x00000000cbb00000, 0x00000000cbb00000|100%| O|  |TAMS 0x00000000cba00000, 0x00000000cba00000| Untracked 
| 187|0x00000000cbb00000, 0x00000000cbc00000, 0x00000000cbc00000|100%| O|  |TAMS 0x00000000cbb00000, 0x00000000cbb00000| Untracked 
| 188|0x00000000cbc00000, 0x00000000cbd00000, 0x00000000cbd00000|100%| O|  |TAMS 0x00000000cbc00000, 0x00000000cbc00000| Untracked 
| 189|0x00000000cbd00000, 0x00000000cbe00000, 0x00000000cbe00000|100%| O|  |TAMS 0x00000000cbd00000, 0x00000000cbd00000| Untracked 
| 190|0x00000000cbe00000, 0x00000000cbf00000, 0x00000000cbf00000|100%| O|  |TAMS 0x00000000cbe00000, 0x00000000cbe00000| Untracked 
| 191|0x00000000cbf00000, 0x00000000cc000000, 0x00000000cc000000|100%| O|  |TAMS 0x00000000cbf00000, 0x00000000cbf00000| Untracked 
| 192|0x00000000cc000000, 0x00000000cc100000, 0x00000000cc100000|100%| O|  |TAMS 0x00000000cc000000, 0x00000000cc000000| Untracked 
| 193|0x00000000cc100000, 0x00000000cc200000, 0x00000000cc200000|100%| O|  |TAMS 0x00000000cc100000, 0x00000000cc100000| Untracked 
| 194|0x00000000cc200000, 0x00000000cc300000, 0x00000000cc300000|100%| O|  |TAMS 0x00000000cc200000, 0x00000000cc200000| Untracked 
| 195|0x00000000cc300000, 0x00000000cc400000, 0x00000000cc400000|100%| O|  |TAMS 0x00000000cc300000, 0x00000000cc300000| Untracked 
| 196|0x00000000cc400000, 0x00000000cc500000, 0x00000000cc500000|100%| O|  |TAMS 0x00000000cc400000, 0x00000000cc400000| Untracked 
| 197|0x00000000cc500000, 0x00000000cc600000, 0x00000000cc600000|100%| O|  |TAMS 0x00000000cc500000, 0x00000000cc500000| Untracked 
| 198|0x00000000cc600000, 0x00000000cc700000, 0x00000000cc700000|100%| O|  |TAMS 0x00000000cc600000, 0x00000000cc600000| Untracked 
| 199|0x00000000cc700000, 0x00000000cc800000, 0x00000000cc800000|100%|HS|  |TAMS 0x00000000cc700000, 0x00000000cc700000| Complete 
| 200|0x00000000cc800000, 0x00000000cc900000, 0x00000000cc900000|100%|HC|  |TAMS 0x00000000cc800000, 0x00000000cc800000| Complete 
| 201|0x00000000cc900000, 0x00000000cca00000, 0x00000000cca00000|100%| O|  |TAMS 0x00000000cc900000, 0x00000000cc900000| Untracked 
| 202|0x00000000cca00000, 0x00000000ccb00000, 0x00000000ccb00000|100%| O|  |TAMS 0x00000000cca00000, 0x00000000cca00000| Untracked 
| 203|0x00000000ccb00000, 0x00000000ccc00000, 0x00000000ccc00000|100%| O|  |TAMS 0x00000000ccb00000, 0x00000000ccb00000| Untracked 
| 204|0x00000000ccc00000, 0x00000000ccd00000, 0x00000000ccd00000|100%| O|  |TAMS 0x00000000ccc00000, 0x00000000ccc00000| Untracked 
| 205|0x00000000ccd00000, 0x00000000cce00000, 0x00000000cce00000|100%| O|  |TAMS 0x00000000ccd00000, 0x00000000ccd00000| Untracked 
| 206|0x00000000cce00000, 0x00000000ccf00000, 0x00000000ccf00000|100%| O|  |TAMS 0x00000000cce00000, 0x00000000cce00000| Untracked 
| 207|0x00000000ccf00000, 0x00000000cd000000, 0x00000000cd000000|100%| O|  |TAMS 0x00000000ccf00000, 0x00000000ccf00000| Untracked 
| 208|0x00000000cd000000, 0x00000000cd100000, 0x00000000cd100000|100%| O|  |TAMS 0x00000000cd000000, 0x00000000cd000000| Untracked 
| 209|0x00000000cd100000, 0x00000000cd200000, 0x00000000cd200000|100%| O|  |TAMS 0x00000000cd100000, 0x00000000cd100000| Untracked 
| 210|0x00000000cd200000, 0x00000000cd300000, 0x00000000cd300000|100%| O|  |TAMS 0x00000000cd200000, 0x00000000cd200000| Untracked 
| 211|0x00000000cd300000, 0x00000000cd400000, 0x00000000cd400000|100%| O|  |TAMS 0x00000000cd300000, 0x00000000cd300000| Untracked 
| 212|0x00000000cd400000, 0x00000000cd500000, 0x00000000cd500000|100%| O|  |TAMS 0x00000000cd400000, 0x00000000cd400000| Untracked 
| 213|0x00000000cd500000, 0x00000000cd600000, 0x00000000cd600000|100%| O|  |TAMS 0x00000000cd500000, 0x00000000cd500000| Untracked 
| 214|0x00000000cd600000, 0x00000000cd700000, 0x00000000cd700000|100%| O|  |TAMS 0x00000000cd600000, 0x00000000cd600000| Untracked 
| 215|0x00000000cd700000, 0x00000000cd800000, 0x00000000cd800000|100%| O|  |TAMS 0x00000000cd700000, 0x00000000cd700000| Untracked 
| 216|0x00000000cd800000, 0x00000000cd900000, 0x00000000cd900000|100%| O|  |TAMS 0x00000000cd800000, 0x00000000cd800000| Untracked 
| 217|0x00000000cd900000, 0x00000000cda00000, 0x00000000cda00000|100%| O|  |TAMS 0x00000000cd900000, 0x00000000cd900000| Untracked 
| 218|0x00000000cda00000, 0x00000000cdb00000, 0x00000000cdb00000|100%| O|  |TAMS 0x00000000cda00000, 0x00000000cda00000| Untracked 
| 219|0x00000000cdb00000, 0x00000000cdc00000, 0x00000000cdc00000|100%| O|  |TAMS 0x00000000cdb00000, 0x00000000cdb00000| Untracked 
| 220|0x00000000cdc00000, 0x00000000cdd00000, 0x00000000cdd00000|100%| O|  |TAMS 0x00000000cdc00000, 0x00000000cdc00000| Untracked 
| 221|0x00000000cdd00000, 0x00000000cde00000, 0x00000000cde00000|100%| O|  |TAMS 0x00000000cdd00000, 0x00000000cdd00000| Untracked 
| 222|0x00000000cde00000, 0x00000000cdf00000, 0x00000000cdf00000|100%| O|  |TAMS 0x00000000cde00000, 0x00000000cde00000| Untracked 
| 223|0x00000000cdf00000, 0x00000000ce000000, 0x00000000ce000000|100%| O|  |TAMS 0x00000000cdf00000, 0x00000000cdf00000| Untracked 
| 224|0x00000000ce000000, 0x00000000ce100000, 0x00000000ce100000|100%| O|  |TAMS 0x00000000ce000000, 0x00000000ce000000| Untracked 
| 225|0x00000000ce100000, 0x00000000ce200000, 0x00000000ce200000|100%| O|  |TAMS 0x00000000ce100000, 0x00000000ce100000| Untracked 
| 226|0x00000000ce200000, 0x00000000ce300000, 0x00000000ce300000|100%| O|  |TAMS 0x00000000ce200000, 0x00000000ce200000| Untracked 
| 227|0x00000000ce300000, 0x00000000ce400000, 0x00000000ce400000|100%| O|  |TAMS 0x00000000ce300000, 0x00000000ce300000| Untracked 
| 228|0x00000000ce400000, 0x00000000ce500000, 0x00000000ce500000|100%| O|  |TAMS 0x00000000ce400000, 0x00000000ce400000| Untracked 
| 229|0x00000000ce500000, 0x00000000ce600000, 0x00000000ce600000|100%| O|  |TAMS 0x00000000ce500000, 0x00000000ce500000| Untracked 
| 230|0x00000000ce600000, 0x00000000ce700000, 0x00000000ce700000|100%| O|  |TAMS 0x00000000ce600000, 0x00000000ce600000| Untracked 
| 231|0x00000000ce700000, 0x00000000ce800000, 0x00000000ce800000|100%| O|  |TAMS 0x00000000ce700000, 0x00000000ce700000| Untracked 
| 232|0x00000000ce800000, 0x00000000ce900000, 0x00000000ce900000|100%| O|  |TAMS 0x00000000ce800000, 0x00000000ce800000| Untracked 
| 233|0x00000000ce900000, 0x00000000cea00000, 0x00000000cea00000|100%| O|  |TAMS 0x00000000ce900000, 0x00000000ce900000| Untracked 
| 234|0x00000000cea00000, 0x00000000ceb00000, 0x00000000ceb00000|100%| O|  |TAMS 0x00000000cea00000, 0x00000000cea00000| Untracked 
| 235|0x00000000ceb00000, 0x00000000cec00000, 0x00000000cec00000|100%| O|  |TAMS 0x00000000ceb00000, 0x00000000ceb00000| Untracked 
| 236|0x00000000cec00000, 0x00000000ced00000, 0x00000000ced00000|100%| O|  |TAMS 0x00000000cec00000, 0x00000000cec00000| Untracked 
| 237|0x00000000ced00000, 0x00000000ced00000, 0x00000000cee00000|  0%| F|  |TAMS 0x00000000ced00000, 0x00000000ced00000| Untracked 
| 238|0x00000000cee00000, 0x00000000cee00000, 0x00000000cef00000|  0%| F|  |TAMS 0x00000000cee00000, 0x00000000cee00000| Untracked 
| 239|0x00000000cef00000, 0x00000000cef00000, 0x00000000cf000000|  0%| F|  |TAMS 0x00000000cef00000, 0x00000000cef00000| Untracked 
| 240|0x00000000cf000000, 0x00000000cf000000, 0x00000000cf100000|  0%| F|  |TAMS 0x00000000cf000000, 0x00000000cf000000| Untracked 
| 241|0x00000000cf100000, 0x00000000cf100000, 0x00000000cf200000|  0%| F|  |TAMS 0x00000000cf100000, 0x00000000cf100000| Untracked 
| 242|0x00000000cf200000, 0x00000000cf200000, 0x00000000cf300000|  0%| F|  |TAMS 0x00000000cf200000, 0x00000000cf200000| Untracked 
| 243|0x00000000cf300000, 0x00000000cf300000, 0x00000000cf400000|  0%| F|  |TAMS 0x00000000cf300000, 0x00000000cf300000| Untracked 
| 244|0x00000000cf400000, 0x00000000cf400000, 0x00000000cf500000|  0%| F|  |TAMS 0x00000000cf400000, 0x00000000cf400000| Untracked 
| 245|0x00000000cf500000, 0x00000000cf500000, 0x00000000cf600000|  0%| F|  |TAMS 0x00000000cf500000, 0x00000000cf500000| Untracked 
| 246|0x00000000cf600000, 0x00000000cf600000, 0x00000000cf700000|  0%| F|  |TAMS 0x00000000cf600000, 0x00000000cf600000| Untracked 
| 247|0x00000000cf700000, 0x00000000cf700000, 0x00000000cf800000|  0%| F|  |TAMS 0x00000000cf700000, 0x00000000cf700000| Untracked 
| 248|0x00000000cf800000, 0x00000000cf800000, 0x00000000cf900000|  0%| F|  |TAMS 0x00000000cf800000, 0x00000000cf800000| Untracked 
| 249|0x00000000cf900000, 0x00000000cf900000, 0x00000000cfa00000|  0%| F|  |TAMS 0x00000000cf900000, 0x00000000cf900000| Untracked 
| 250|0x00000000cfa00000, 0x00000000cfa00000, 0x00000000cfb00000|  0%| F|  |TAMS 0x00000000cfa00000, 0x00000000cfa00000| Untracked 
| 251|0x00000000cfb00000, 0x00000000cfb00000, 0x00000000cfc00000|  0%| F|  |TAMS 0x00000000cfb00000, 0x00000000cfb00000| Untracked 
| 252|0x00000000cfc00000, 0x00000000cfc00000, 0x00000000cfd00000|  0%| F|  |TAMS 0x00000000cfc00000, 0x00000000cfc00000| Untracked 
| 253|0x00000000cfd00000, 0x00000000cfd00000, 0x00000000cfe00000|  0%| F|  |TAMS 0x00000000cfd00000, 0x00000000cfd00000| Untracked 
| 254|0x00000000cfe00000, 0x00000000cfe00000, 0x00000000cff00000|  0%| F|  |TAMS 0x00000000cfe00000, 0x00000000cfe00000| Untracked 
| 255|0x00000000cff00000, 0x00000000cff00000, 0x00000000d0000000|  0%| F|  |TAMS 0x00000000cff00000, 0x00000000cff00000| Untracked 
| 256|0x00000000d0000000, 0x00000000d0000000, 0x00000000d0100000|  0%| F|  |TAMS 0x00000000d0000000, 0x00000000d0000000| Untracked 
| 257|0x00000000d0100000, 0x00000000d0100000, 0x00000000d0200000|  0%| F|  |TAMS 0x00000000d0100000, 0x00000000d0100000| Untracked 
| 258|0x00000000d0200000, 0x00000000d0200000, 0x00000000d0300000|  0%| F|  |TAMS 0x00000000d0200000, 0x00000000d0200000| Untracked 
| 259|0x00000000d0300000, 0x00000000d0300000, 0x00000000d0400000|  0%| F|  |TAMS 0x00000000d0300000, 0x00000000d0300000| Untracked 
| 260|0x00000000d0400000, 0x00000000d0400000, 0x00000000d0500000|  0%| F|  |TAMS 0x00000000d0400000, 0x00000000d0400000| Untracked 
| 261|0x00000000d0500000, 0x00000000d0500000, 0x00000000d0600000|  0%| F|  |TAMS 0x00000000d0500000, 0x00000000d0500000| Untracked 
| 262|0x00000000d0600000, 0x00000000d0600000, 0x00000000d0700000|  0%| F|  |TAMS 0x00000000d0600000, 0x00000000d0600000| Untracked 
| 263|0x00000000d0700000, 0x00000000d0700000, 0x00000000d0800000|  0%| F|  |TAMS 0x00000000d0700000, 0x00000000d0700000| Untracked 
| 264|0x00000000d0800000, 0x00000000d0800000, 0x00000000d0900000|  0%| F|  |TAMS 0x00000000d0800000, 0x00000000d0800000| Untracked 
| 265|0x00000000d0900000, 0x00000000d0900000, 0x00000000d0a00000|  0%| F|  |TAMS 0x00000000d0900000, 0x00000000d0900000| Untracked 
| 266|0x00000000d0a00000, 0x00000000d0a00000, 0x00000000d0b00000|  0%| F|  |TAMS 0x00000000d0a00000, 0x00000000d0a00000| Untracked 
| 267|0x00000000d0b00000, 0x00000000d0b00000, 0x00000000d0c00000|  0%| F|  |TAMS 0x00000000d0b00000, 0x00000000d0b00000| Untracked 
| 268|0x00000000d0c00000, 0x00000000d0c00000, 0x00000000d0d00000|  0%| F|  |TAMS 0x00000000d0c00000, 0x00000000d0c00000| Untracked 
| 269|0x00000000d0d00000, 0x00000000d0d00000, 0x00000000d0e00000|  0%| F|  |TAMS 0x00000000d0d00000, 0x00000000d0d00000| Untracked 
| 270|0x00000000d0e00000, 0x00000000d0e00000, 0x00000000d0f00000|  0%| F|  |TAMS 0x00000000d0e00000, 0x00000000d0e00000| Untracked 
| 271|0x00000000d0f00000, 0x00000000d0f00000, 0x00000000d1000000|  0%| F|  |TAMS 0x00000000d0f00000, 0x00000000d0f00000| Untracked 
| 272|0x00000000d1000000, 0x00000000d1000000, 0x00000000d1100000|  0%| F|  |TAMS 0x00000000d1000000, 0x00000000d1000000| Untracked 
| 273|0x00000000d1100000, 0x00000000d1100000, 0x00000000d1200000|  0%| F|  |TAMS 0x00000000d1100000, 0x00000000d1100000| Untracked 
| 274|0x00000000d1200000, 0x00000000d1200000, 0x00000000d1300000|  0%| F|  |TAMS 0x00000000d1200000, 0x00000000d1200000| Untracked 
| 275|0x00000000d1300000, 0x00000000d1300000, 0x00000000d1400000|  0%| F|  |TAMS 0x00000000d1300000, 0x00000000d1300000| Untracked 
| 276|0x00000000d1400000, 0x00000000d1400000, 0x00000000d1500000|  0%| F|  |TAMS 0x00000000d1400000, 0x00000000d1400000| Untracked 
| 277|0x00000000d1500000, 0x00000000d1500000, 0x00000000d1600000|  0%| F|  |TAMS 0x00000000d1500000, 0x00000000d1500000| Untracked 
| 278|0x00000000d1600000, 0x00000000d1600000, 0x00000000d1700000|  0%| F|  |TAMS 0x00000000d1600000, 0x00000000d1600000| Untracked 
| 279|0x00000000d1700000, 0x00000000d1700000, 0x00000000d1800000|  0%| F|  |TAMS 0x00000000d1700000, 0x00000000d1700000| Untracked 
| 280|0x00000000d1800000, 0x00000000d1800000, 0x00000000d1900000|  0%| F|  |TAMS 0x00000000d1800000, 0x00000000d1800000| Untracked 
| 281|0x00000000d1900000, 0x00000000d1900000, 0x00000000d1a00000|  0%| F|  |TAMS 0x00000000d1900000, 0x00000000d1900000| Untracked 
| 282|0x00000000d1a00000, 0x00000000d1a00000, 0x00000000d1b00000|  0%| F|  |TAMS 0x00000000d1a00000, 0x00000000d1a00000| Untracked 
| 283|0x00000000d1b00000, 0x00000000d1b00000, 0x00000000d1c00000|  0%| F|  |TAMS 0x00000000d1b00000, 0x00000000d1b00000| Untracked 
| 284|0x00000000d1c00000, 0x00000000d1c00000, 0x00000000d1d00000|  0%| F|  |TAMS 0x00000000d1c00000, 0x00000000d1c00000| Untracked 
| 285|0x00000000d1d00000, 0x00000000d1d00000, 0x00000000d1e00000|  0%| F|  |TAMS 0x00000000d1d00000, 0x00000000d1d00000| Untracked 
| 286|0x00000000d1e00000, 0x00000000d1e00000, 0x00000000d1f00000|  0%| F|  |TAMS 0x00000000d1e00000, 0x00000000d1e00000| Untracked 
| 287|0x00000000d1f00000, 0x00000000d1f00000, 0x00000000d2000000|  0%| F|  |TAMS 0x00000000d1f00000, 0x00000000d1f00000| Untracked 
| 288|0x00000000d2000000, 0x00000000d2000000, 0x00000000d2100000|  0%| F|  |TAMS 0x00000000d2000000, 0x00000000d2000000| Untracked 
| 289|0x00000000d2100000, 0x00000000d2100000, 0x00000000d2200000|  0%| F|  |TAMS 0x00000000d2100000, 0x00000000d2100000| Untracked 
| 290|0x00000000d2200000, 0x00000000d2200000, 0x00000000d2300000|  0%| F|  |TAMS 0x00000000d2200000, 0x00000000d2200000| Untracked 
| 291|0x00000000d2300000, 0x00000000d2300000, 0x00000000d2400000|  0%| F|  |TAMS 0x00000000d2300000, 0x00000000d2300000| Untracked 
| 292|0x00000000d2400000, 0x00000000d2400000, 0x00000000d2500000|  0%| F|  |TAMS 0x00000000d2400000, 0x00000000d2400000| Untracked 
| 293|0x00000000d2500000, 0x00000000d2500000, 0x00000000d2600000|  0%| F|  |TAMS 0x00000000d2500000, 0x00000000d2500000| Untracked 
| 294|0x00000000d2600000, 0x00000000d2600000, 0x00000000d2700000|  0%| F|  |TAMS 0x00000000d2600000, 0x00000000d2600000| Untracked 
| 295|0x00000000d2700000, 0x00000000d2700000, 0x00000000d2800000|  0%| F|  |TAMS 0x00000000d2700000, 0x00000000d2700000| Untracked 
| 296|0x00000000d2800000, 0x00000000d2800000, 0x00000000d2900000|  0%| F|  |TAMS 0x00000000d2800000, 0x00000000d2800000| Untracked 
| 297|0x00000000d2900000, 0x00000000d2900000, 0x00000000d2a00000|  0%| F|  |TAMS 0x00000000d2900000, 0x00000000d2900000| Untracked 
| 298|0x00000000d2a00000, 0x00000000d2a00000, 0x00000000d2b00000|  0%| F|  |TAMS 0x00000000d2a00000, 0x00000000d2a00000| Untracked 
| 299|0x00000000d2b00000, 0x00000000d2b00000, 0x00000000d2c00000|  0%| F|  |TAMS 0x00000000d2b00000, 0x00000000d2b00000| Untracked 
| 300|0x00000000d2c00000, 0x00000000d2c00000, 0x00000000d2d00000|  0%| F|  |TAMS 0x00000000d2c00000, 0x00000000d2c00000| Untracked 
| 301|0x00000000d2d00000, 0x00000000d2d00000, 0x00000000d2e00000|  0%| F|  |TAMS 0x00000000d2d00000, 0x00000000d2d00000| Untracked 
| 302|0x00000000d2e00000, 0x00000000d2e00000, 0x00000000d2f00000|  0%| F|  |TAMS 0x00000000d2e00000, 0x00000000d2e00000| Untracked 
| 303|0x00000000d2f00000, 0x00000000d2f00000, 0x00000000d3000000|  0%| F|  |TAMS 0x00000000d2f00000, 0x00000000d2f00000| Untracked 
| 304|0x00000000d3000000, 0x00000000d3000000, 0x00000000d3100000|  0%| F|  |TAMS 0x00000000d3000000, 0x00000000d3000000| Untracked 
| 305|0x00000000d3100000, 0x00000000d3100000, 0x00000000d3200000|  0%| F|  |TAMS 0x00000000d3100000, 0x00000000d3100000| Untracked 
| 306|0x00000000d3200000, 0x00000000d3200000, 0x00000000d3300000|  0%| F|  |TAMS 0x00000000d3200000, 0x00000000d3200000| Untracked 
| 307|0x00000000d3300000, 0x00000000d3300000, 0x00000000d3400000|  0%| F|  |TAMS 0x00000000d3300000, 0x00000000d3300000| Untracked 
| 308|0x00000000d3400000, 0x00000000d3400000, 0x00000000d3500000|  0%| F|  |TAMS 0x00000000d3400000, 0x00000000d3400000| Untracked 
| 309|0x00000000d3500000, 0x00000000d3500000, 0x00000000d3600000|  0%| F|  |TAMS 0x00000000d3500000, 0x00000000d3500000| Untracked 
| 310|0x00000000d3600000, 0x00000000d3600000, 0x00000000d3700000|  0%| F|  |TAMS 0x00000000d3600000, 0x00000000d3600000| Untracked 
| 311|0x00000000d3700000, 0x00000000d3700000, 0x00000000d3800000|  0%| F|  |TAMS 0x00000000d3700000, 0x00000000d3700000| Untracked 
| 312|0x00000000d3800000, 0x00000000d3800000, 0x00000000d3900000|  0%| F|  |TAMS 0x00000000d3800000, 0x00000000d3800000| Untracked 
| 313|0x00000000d3900000, 0x00000000d3900000, 0x00000000d3a00000|  0%| F|  |TAMS 0x00000000d3900000, 0x00000000d3900000| Untracked 
| 314|0x00000000d3a00000, 0x00000000d3a00000, 0x00000000d3b00000|  0%| F|  |TAMS 0x00000000d3a00000, 0x00000000d3a00000| Untracked 
| 315|0x00000000d3b00000, 0x00000000d3b00000, 0x00000000d3c00000|  0%| F|  |TAMS 0x00000000d3b00000, 0x00000000d3b00000| Untracked 
| 316|0x00000000d3c00000, 0x00000000d3c00000, 0x00000000d3d00000|  0%| F|  |TAMS 0x00000000d3c00000, 0x00000000d3c00000| Untracked 
| 317|0x00000000d3d00000, 0x00000000d3d00000, 0x00000000d3e00000|  0%| F|  |TAMS 0x00000000d3d00000, 0x00000000d3d00000| Untracked 
| 318|0x00000000d3e00000, 0x00000000d3e00000, 0x00000000d3f00000|  0%| F|  |TAMS 0x00000000d3e00000, 0x00000000d3e00000| Untracked 
| 319|0x00000000d3f00000, 0x00000000d3f00000, 0x00000000d4000000|  0%| F|  |TAMS 0x00000000d3f00000, 0x00000000d3f00000| Untracked 
| 320|0x00000000d4000000, 0x00000000d4000000, 0x00000000d4100000|  0%| F|  |TAMS 0x00000000d4000000, 0x00000000d4000000| Untracked 
| 321|0x00000000d4100000, 0x00000000d4100000, 0x00000000d4200000|  0%| F|  |TAMS 0x00000000d4100000, 0x00000000d4100000| Untracked 
| 322|0x00000000d4200000, 0x00000000d4200000, 0x00000000d4300000|  0%| F|  |TAMS 0x00000000d4200000, 0x00000000d4200000| Untracked 
| 323|0x00000000d4300000, 0x00000000d4300000, 0x00000000d4400000|  0%| F|  |TAMS 0x00000000d4300000, 0x00000000d4300000| Untracked 
| 324|0x00000000d4400000, 0x00000000d4400000, 0x00000000d4500000|  0%| F|  |TAMS 0x00000000d4400000, 0x00000000d4400000| Untracked 
| 325|0x00000000d4500000, 0x00000000d4500000, 0x00000000d4600000|  0%| F|  |TAMS 0x00000000d4500000, 0x00000000d4500000| Untracked 
| 326|0x00000000d4600000, 0x00000000d4600000, 0x00000000d4700000|  0%| F|  |TAMS 0x00000000d4600000, 0x00000000d4600000| Untracked 
| 327|0x00000000d4700000, 0x00000000d4700000, 0x00000000d4800000|  0%| F|  |TAMS 0x00000000d4700000, 0x00000000d4700000| Untracked 
| 328|0x00000000d4800000, 0x00000000d4800000, 0x00000000d4900000|  0%| F|  |TAMS 0x00000000d4800000, 0x00000000d4800000| Untracked 
| 329|0x00000000d4900000, 0x00000000d4900000, 0x00000000d4a00000|  0%| F|  |TAMS 0x00000000d4900000, 0x00000000d4900000| Untracked 
| 330|0x00000000d4a00000, 0x00000000d4a00000, 0x00000000d4b00000|  0%| F|  |TAMS 0x00000000d4a00000, 0x00000000d4a00000| Untracked 
| 331|0x00000000d4b00000, 0x00000000d4b00000, 0x00000000d4c00000|  0%| F|  |TAMS 0x00000000d4b00000, 0x00000000d4b00000| Untracked 
| 332|0x00000000d4c00000, 0x00000000d4c00000, 0x00000000d4d00000|  0%| F|  |TAMS 0x00000000d4c00000, 0x00000000d4c00000| Untracked 
| 333|0x00000000d4d00000, 0x00000000d4d00000, 0x00000000d4e00000|  0%| F|  |TAMS 0x00000000d4d00000, 0x00000000d4d00000| Untracked 
| 334|0x00000000d4e00000, 0x00000000d4e00000, 0x00000000d4f00000|  0%| F|  |TAMS 0x00000000d4e00000, 0x00000000d4e00000| Untracked 
| 335|0x00000000d4f00000, 0x00000000d4f00000, 0x00000000d5000000|  0%| F|  |TAMS 0x00000000d4f00000, 0x00000000d4f00000| Untracked 
| 336|0x00000000d5000000, 0x00000000d5000000, 0x00000000d5100000|  0%| F|  |TAMS 0x00000000d5000000, 0x00000000d5000000| Untracked 
| 337|0x00000000d5100000, 0x00000000d5100000, 0x00000000d5200000|  0%| F|  |TAMS 0x00000000d5100000, 0x00000000d5100000| Untracked 
| 338|0x00000000d5200000, 0x00000000d5200000, 0x00000000d5300000|  0%| F|  |TAMS 0x00000000d5200000, 0x00000000d5200000| Untracked 
| 339|0x00000000d5300000, 0x00000000d5300000, 0x00000000d5400000|  0%| F|  |TAMS 0x00000000d5300000, 0x00000000d5300000| Untracked 
| 340|0x00000000d5400000, 0x00000000d5400000, 0x00000000d5500000|  0%| F|  |TAMS 0x00000000d5400000, 0x00000000d5400000| Untracked 
| 341|0x00000000d5500000, 0x00000000d5500000, 0x00000000d5600000|  0%| F|  |TAMS 0x00000000d5500000, 0x00000000d5500000| Untracked 
| 342|0x00000000d5600000, 0x00000000d5600000, 0x00000000d5700000|  0%| F|  |TAMS 0x00000000d5600000, 0x00000000d5600000| Untracked 
| 343|0x00000000d5700000, 0x00000000d5700000, 0x00000000d5800000|  0%| F|  |TAMS 0x00000000d5700000, 0x00000000d5700000| Untracked 
| 344|0x00000000d5800000, 0x00000000d5800000, 0x00000000d5900000|  0%| F|  |TAMS 0x00000000d5800000, 0x00000000d5800000| Untracked 
| 345|0x00000000d5900000, 0x00000000d5900000, 0x00000000d5a00000|  0%| F|  |TAMS 0x00000000d5900000, 0x00000000d5900000| Untracked 
| 346|0x00000000d5a00000, 0x00000000d5a00000, 0x00000000d5b00000|  0%| F|  |TAMS 0x00000000d5a00000, 0x00000000d5a00000| Untracked 
| 347|0x00000000d5b00000, 0x00000000d5b00000, 0x00000000d5c00000|  0%| F|  |TAMS 0x00000000d5b00000, 0x00000000d5b00000| Untracked 
| 348|0x00000000d5c00000, 0x00000000d5c00000, 0x00000000d5d00000|  0%| F|  |TAMS 0x00000000d5c00000, 0x00000000d5c00000| Untracked 
| 349|0x00000000d5d00000, 0x00000000d5d00000, 0x00000000d5e00000|  0%| F|  |TAMS 0x00000000d5d00000, 0x00000000d5d00000| Untracked 
| 350|0x00000000d5e00000, 0x00000000d5e00000, 0x00000000d5f00000|  0%| F|  |TAMS 0x00000000d5e00000, 0x00000000d5e00000| Untracked 
| 351|0x00000000d5f00000, 0x00000000d5f00000, 0x00000000d6000000|  0%| F|  |TAMS 0x00000000d5f00000, 0x00000000d5f00000| Untracked 
| 352|0x00000000d6000000, 0x00000000d6000000, 0x00000000d6100000|  0%| F|  |TAMS 0x00000000d6000000, 0x00000000d6000000| Untracked 
| 353|0x00000000d6100000, 0x00000000d6100000, 0x00000000d6200000|  0%| F|  |TAMS 0x00000000d6100000, 0x00000000d6100000| Untracked 
| 354|0x00000000d6200000, 0x00000000d6200000, 0x00000000d6300000|  0%| F|  |TAMS 0x00000000d6200000, 0x00000000d6200000| Untracked 
| 355|0x00000000d6300000, 0x00000000d6300000, 0x00000000d6400000|  0%| F|  |TAMS 0x00000000d6300000, 0x00000000d6300000| Untracked 
| 356|0x00000000d6400000, 0x00000000d6400000, 0x00000000d6500000|  0%| F|  |TAMS 0x00000000d6400000, 0x00000000d6400000| Untracked 
| 357|0x00000000d6500000, 0x00000000d6500000, 0x00000000d6600000|  0%| F|  |TAMS 0x00000000d6500000, 0x00000000d6500000| Untracked 
| 358|0x00000000d6600000, 0x00000000d6600000, 0x00000000d6700000|  0%| F|  |TAMS 0x00000000d6600000, 0x00000000d6600000| Untracked 
| 359|0x00000000d6700000, 0x00000000d6700000, 0x00000000d6800000|  0%| F|  |TAMS 0x00000000d6700000, 0x00000000d6700000| Untracked 
| 360|0x00000000d6800000, 0x00000000d6800000, 0x00000000d6900000|  0%| F|  |TAMS 0x00000000d6800000, 0x00000000d6800000| Untracked 
| 361|0x00000000d6900000, 0x00000000d6900000, 0x00000000d6a00000|  0%| F|  |TAMS 0x00000000d6900000, 0x00000000d6900000| Untracked 
| 362|0x00000000d6a00000, 0x00000000d6a00000, 0x00000000d6b00000|  0%| F|  |TAMS 0x00000000d6a00000, 0x00000000d6a00000| Untracked 
| 363|0x00000000d6b00000, 0x00000000d6b00000, 0x00000000d6c00000|  0%| F|  |TAMS 0x00000000d6b00000, 0x00000000d6b00000| Untracked 
| 364|0x00000000d6c00000, 0x00000000d6c00000, 0x00000000d6d00000|  0%| F|  |TAMS 0x00000000d6c00000, 0x00000000d6c00000| Untracked 
| 365|0x00000000d6d00000, 0x00000000d6d00000, 0x00000000d6e00000|  0%| F|  |TAMS 0x00000000d6d00000, 0x00000000d6d00000| Untracked 
| 366|0x00000000d6e00000, 0x00000000d6e00000, 0x00000000d6f00000|  0%| F|  |TAMS 0x00000000d6e00000, 0x00000000d6e00000| Untracked 
| 367|0x00000000d6f00000, 0x00000000d6f00000, 0x00000000d7000000|  0%| F|  |TAMS 0x00000000d6f00000, 0x00000000d6f00000| Untracked 
| 368|0x00000000d7000000, 0x00000000d7000000, 0x00000000d7100000|  0%| F|  |TAMS 0x00000000d7000000, 0x00000000d7000000| Untracked 
| 369|0x00000000d7100000, 0x00000000d7100000, 0x00000000d7200000|  0%| F|  |TAMS 0x00000000d7100000, 0x00000000d7100000| Untracked 
| 370|0x00000000d7200000, 0x00000000d7200000, 0x00000000d7300000|  0%| F|  |TAMS 0x00000000d7200000, 0x00000000d7200000| Untracked 
| 371|0x00000000d7300000, 0x00000000d7300000, 0x00000000d7400000|  0%| F|  |TAMS 0x00000000d7300000, 0x00000000d7300000| Untracked 
| 372|0x00000000d7400000, 0x00000000d7400000, 0x00000000d7500000|  0%| F|  |TAMS 0x00000000d7400000, 0x00000000d7400000| Untracked 
| 373|0x00000000d7500000, 0x00000000d7500000, 0x00000000d7600000|  0%| F|  |TAMS 0x00000000d7500000, 0x00000000d7500000| Untracked 
| 374|0x00000000d7600000, 0x00000000d7600000, 0x00000000d7700000|  0%| F|  |TAMS 0x00000000d7600000, 0x00000000d7600000| Untracked 
| 375|0x00000000d7700000, 0x00000000d7700000, 0x00000000d7800000|  0%| F|  |TAMS 0x00000000d7700000, 0x00000000d7700000| Untracked 
| 376|0x00000000d7800000, 0x00000000d7800000, 0x00000000d7900000|  0%| F|  |TAMS 0x00000000d7800000, 0x00000000d7800000| Untracked 
| 377|0x00000000d7900000, 0x00000000d7900000, 0x00000000d7a00000|  0%| F|  |TAMS 0x00000000d7900000, 0x00000000d7900000| Untracked 
| 378|0x00000000d7a00000, 0x00000000d7a00000, 0x00000000d7b00000|  0%| F|  |TAMS 0x00000000d7a00000, 0x00000000d7a00000| Untracked 
| 379|0x00000000d7b00000, 0x00000000d7b00000, 0x00000000d7c00000|  0%| F|  |TAMS 0x00000000d7b00000, 0x00000000d7b00000| Untracked 
| 380|0x00000000d7c00000, 0x00000000d7c00000, 0x00000000d7d00000|  0%| F|  |TAMS 0x00000000d7c00000, 0x00000000d7c00000| Untracked 
| 381|0x00000000d7d00000, 0x00000000d7d00000, 0x00000000d7e00000|  0%| F|  |TAMS 0x00000000d7d00000, 0x00000000d7d00000| Untracked 
| 382|0x00000000d7e00000, 0x00000000d7e00000, 0x00000000d7f00000|  0%| F|  |TAMS 0x00000000d7e00000, 0x00000000d7e00000| Untracked 
| 383|0x00000000d7f00000, 0x00000000d7f00000, 0x00000000d8000000|  0%| F|  |TAMS 0x00000000d7f00000, 0x00000000d7f00000| Untracked 
| 384|0x00000000d8000000, 0x00000000d8000000, 0x00000000d8100000|  0%| F|  |TAMS 0x00000000d8000000, 0x00000000d8000000| Untracked 
| 385|0x00000000d8100000, 0x00000000d8100000, 0x00000000d8200000|  0%| F|  |TAMS 0x00000000d8100000, 0x00000000d8100000| Untracked 
| 386|0x00000000d8200000, 0x00000000d8200000, 0x00000000d8300000|  0%| F|  |TAMS 0x00000000d8200000, 0x00000000d8200000| Untracked 
| 387|0x00000000d8300000, 0x00000000d8300000, 0x00000000d8400000|  0%| F|  |TAMS 0x00000000d8300000, 0x00000000d8300000| Untracked 
| 388|0x00000000d8400000, 0x00000000d8400000, 0x00000000d8500000|  0%| F|  |TAMS 0x00000000d8400000, 0x00000000d8400000| Untracked 
| 389|0x00000000d8500000, 0x00000000d8500000, 0x00000000d8600000|  0%| F|  |TAMS 0x00000000d8500000, 0x00000000d8500000| Untracked 
| 390|0x00000000d8600000, 0x00000000d8600000, 0x00000000d8700000|  0%| F|  |TAMS 0x00000000d8600000, 0x00000000d8600000| Untracked 
| 391|0x00000000d8700000, 0x00000000d8700000, 0x00000000d8800000|  0%| F|  |TAMS 0x00000000d8700000, 0x00000000d8700000| Untracked 
| 392|0x00000000d8800000, 0x00000000d8800000, 0x00000000d8900000|  0%| F|  |TAMS 0x00000000d8800000, 0x00000000d8800000| Untracked 
| 393|0x00000000d8900000, 0x00000000d8900000, 0x00000000d8a00000|  0%| F|  |TAMS 0x00000000d8900000, 0x00000000d8900000| Untracked 
| 394|0x00000000d8a00000, 0x00000000d8a00000, 0x00000000d8b00000|  0%| F|  |TAMS 0x00000000d8a00000, 0x00000000d8a00000| Untracked 
| 395|0x00000000d8b00000, 0x00000000d8b00000, 0x00000000d8c00000|  0%| F|  |TAMS 0x00000000d8b00000, 0x00000000d8b00000| Untracked 
| 396|0x00000000d8c00000, 0x00000000d8c00000, 0x00000000d8d00000|  0%| F|  |TAMS 0x00000000d8c00000, 0x00000000d8c00000| Untracked 
| 397|0x00000000d8d00000, 0x00000000d8d00000, 0x00000000d8e00000|  0%| F|  |TAMS 0x00000000d8d00000, 0x00000000d8d00000| Untracked 
| 398|0x00000000d8e00000, 0x00000000d8e00000, 0x00000000d8f00000|  0%| F|  |TAMS 0x00000000d8e00000, 0x00000000d8e00000| Untracked 
| 399|0x00000000d8f00000, 0x00000000d8f00000, 0x00000000d9000000|  0%| F|  |TAMS 0x00000000d8f00000, 0x00000000d8f00000| Untracked 
| 400|0x00000000d9000000, 0x00000000d9000000, 0x00000000d9100000|  0%| F|  |TAMS 0x00000000d9000000, 0x00000000d9000000| Untracked 
| 401|0x00000000d9100000, 0x00000000d9100000, 0x00000000d9200000|  0%| F|  |TAMS 0x00000000d9100000, 0x00000000d9100000| Untracked 
| 402|0x00000000d9200000, 0x00000000d9200000, 0x00000000d9300000|  0%| F|  |TAMS 0x00000000d9200000, 0x00000000d9200000| Untracked 
| 403|0x00000000d9300000, 0x00000000d9300000, 0x00000000d9400000|  0%| F|  |TAMS 0x00000000d9300000, 0x00000000d9300000| Untracked 
| 404|0x00000000d9400000, 0x00000000d9400000, 0x00000000d9500000|  0%| F|  |TAMS 0x00000000d9400000, 0x00000000d9400000| Untracked 
| 405|0x00000000d9500000, 0x00000000d9500000, 0x00000000d9600000|  0%| F|  |TAMS 0x00000000d9500000, 0x00000000d9500000| Untracked 
| 406|0x00000000d9600000, 0x00000000d9600000, 0x00000000d9700000|  0%| F|  |TAMS 0x00000000d9600000, 0x00000000d9600000| Untracked 
| 407|0x00000000d9700000, 0x00000000d9700000, 0x00000000d9800000|  0%| F|  |TAMS 0x00000000d9700000, 0x00000000d9700000| Untracked 
| 408|0x00000000d9800000, 0x00000000d9800000, 0x00000000d9900000|  0%| F|  |TAMS 0x00000000d9800000, 0x00000000d9800000| Untracked 
| 409|0x00000000d9900000, 0x00000000d9900000, 0x00000000d9a00000|  0%| F|  |TAMS 0x00000000d9900000, 0x00000000d9900000| Untracked 
| 410|0x00000000d9a00000, 0x00000000d9a00000, 0x00000000d9b00000|  0%| F|  |TAMS 0x00000000d9a00000, 0x00000000d9a00000| Untracked 
| 411|0x00000000d9b00000, 0x00000000d9b00000, 0x00000000d9c00000|  0%| F|  |TAMS 0x00000000d9b00000, 0x00000000d9b00000| Untracked 
| 412|0x00000000d9c00000, 0x00000000d9c00000, 0x00000000d9d00000|  0%| F|  |TAMS 0x00000000d9c00000, 0x00000000d9c00000| Untracked 
| 413|0x00000000d9d00000, 0x00000000d9d00000, 0x00000000d9e00000|  0%| F|  |TAMS 0x00000000d9d00000, 0x00000000d9d00000| Untracked 
| 414|0x00000000d9e00000, 0x00000000d9e80000, 0x00000000d9f00000| 50%| S|CS|TAMS 0x00000000d9e00000, 0x00000000d9e00000| Complete 
| 415|0x00000000d9f00000, 0x00000000da000000, 0x00000000da000000|100%| S|CS|TAMS 0x00000000d9f00000, 0x00000000d9f00000| Complete 
| 416|0x00000000da000000, 0x00000000da000000, 0x00000000da100000|  0%| F|  |TAMS 0x00000000da000000, 0x00000000da000000| Untracked 
| 417|0x00000000da100000, 0x00000000da100000, 0x00000000da200000|  0%| F|  |TAMS 0x00000000da100000, 0x00000000da100000| Untracked 
|1020|0x00000000ffc00000, 0x00000000ffd00000, 0x00000000ffd00000|100%| O|  |TAMS 0x00000000ffd00000, 0x00000000ffc00000| Untracked 
|1021|0x00000000ffd00000, 0x00000000ffe00000, 0x00000000ffe00000|100%| O|  |TAMS 0x00000000ffe00000, 0x00000000ffd00000| Untracked 
|1022|0x00000000ffe00000, 0x00000000ffe75000, 0x00000000fff00000| 45%|OA|  |TAMS 0x00000000ffe75000, 0x00000000ffe00000| Untracked 
|1023|0x00000000fff00000, 0x00000000fff78000, 0x0000000100000000| 46%|CA|  |TAMS 0x00000000fff78000, 0x00000000fff00000| Untracked 

Card table byte_map: [0x00007f98cc496000,0x00007f98cc696000] _byte_map_base: 0x00007f98cbe96000

Marking Bits (Prev, Next): (CMBitMap*) 0x00007f98c8057ca0, (CMBitMap*) 0x00007f98c8057c60
 Prev Bits: [0x00007f98af511000, 0x00007f98b0511000)
 Next Bits: [0x00007f98b0511000, 0x00007f98b1511000)

Polling page: 0x00007f98ce659000

Metaspace:

Usage:
  Non-class:    132.60 MB used.
      Class:     20.80 MB used.
       Both:    153.40 MB used.

Virtual space:
  Non-class space:      192.00 MB reserved,     133.00 MB ( 69%) committed,  3 nodes.
      Class space:      416.00 MB reserved,      21.19 MB (  5%) committed,  1 nodes.
             Both:      608.00 MB reserved,     154.19 MB ( 25%) committed. 

Chunk freelists:
   Non-Class:  11.00 MB
       Class:  10.81 MB
        Both:  21.81 MB

MaxMetaspaceSize: 512.00 MB
CompressedClassSpaceSize: 416.00 MB
Initial GC threshold: 21.00 MB
Current GC threshold: 170.94 MB
CDS: on
MetaspaceReclaimPolicy: balanced
 - commit_granule_bytes: 65536.
 - commit_granule_words: 8192.
 - virtual_space_node_default_size: 8388608.
 - enlarge_chunks_in_place: 1.
 - new_chunks_are_fully_committed: 0.
 - uncommit_free_chunks: 1.
 - use_allocation_guard: 0.
 - handle_deallocations: 1.


Internal statistics:

num_allocs_failed_limit: 12.
num_arena_births: 1248.
num_arena_deaths: 4.
num_vsnodes_births: 4.
num_vsnodes_deaths: 0.
num_space_committed: 2465.
num_space_uncommitted: 0.
num_chunks_returned_to_freelist: 22.
num_chunks_taken_from_freelist: 7571.
num_chunk_merges: 12.
num_chunk_splits: 5252.
num_chunks_enlarged: 3787.
num_inconsistent_stats: 0.

CodeHeap 'non-profiled nmethods': size=120036Kb used=9504Kb max_used=9504Kb free=110532Kb
 bounds [0x00007f98b8fd8000, 0x00007f98b9928000, 0x00007f98c0511000]
CodeHeap 'profiled nmethods': size=120032Kb used=39814Kb max_used=39941Kb free=80217Kb
 bounds [0x00007f98b1511000, 0x00007f98b3c21000, 0x00007f98b8a49000]
CodeHeap 'non-nmethods': size=5692Kb used=2524Kb max_used=2636Kb free=3167Kb
 bounds [0x00007f98b8a49000, 0x00007f98b8ce9000, 0x00007f98b8fd8000]
 total_blobs=20942 nmethods=19862 adapters=989
 compilation: enabled
              stopped_count=0, restarted_count=0
 full_count=0

Compilation events (20 events):
Event: 91.835 Thread 0x00007f98c80b8b10 27397       2       org.gradle.internal.execution.impl.DefaultWorkValidationContext::getProblems (8 bytes)
Event: 91.836 Thread 0x00007f98c80b8b10 nmethod 27397 0x00007f98b3099d10 code [0x00007f98b3099ec0, 0x00007f98b309a000]
Event: 91.837 Thread 0x00007f98c80b8b10 27398       3       org.gradle.api.internal.provider.DefaultProperty::calculateValueFrom (11 bytes)
Event: 91.837 Thread 0x00007f98c80b8b10 nmethod 27398 0x00007f98b3099690 code [0x00007f98b3099840, 0x00007f98b3099c00]
Event: 91.909 Thread 0x00007f98c80b8b10 27402       3       com.android.tools.r8.ir.optimize.e::a (1075 bytes)
Event: 91.918 Thread 0x00007f98c80b8b10 nmethod 27402 0x00007f98b3615b10 code [0x00007f98b3616760, 0x00007f98b361ee40]
Event: 92.340 Thread 0x00007f98c80b8b10 27406       2       com.android.tools.r8.internal.YU::h (39 bytes)
Event: 92.349 Thread 0x00007f98c80b8b10 nmethod 27406 0x00007f98b3615610 code [0x00007f98b36157e0, 0x00007f98b36159b0]
Event: 92.731 Thread 0x00007f98c80b8b10 27408       3       com.android.tools.r8.ir.regalloc.c::<init> (108 bytes)
Event: 92.831 Thread 0x00007f98c80b8b10 nmethod 27408 0x00007f98b3098090 code [0x00007f98b3098300, 0x00007f98b30990a0]
Event: 92.905 Thread 0x00007f98c80b8b10 27410       3       com.android.tools.r8.dex.code.M0::hashCode (21 bytes)
Event: 92.915 Thread 0x00007f98c80b8b10 nmethod 27410 0x00007f98b3615010 code [0x00007f98b36151c0, 0x00007f98b36153e0]
Event: 92.915 Thread 0x00007f98c80b8b10 27411       2       com.android.tools.r8.graph.n3::f (40 bytes)
Event: 92.916 Thread 0x00007f98c80b8b10 nmethod 27411 0x00007f98b3097990 code [0x00007f98b3097b40, 0x00007f98b3097d70]
Event: 92.934 Thread 0x00007f98c80b8b10 27412       2       com.android.tools.r8.internal.EZ::a (208 bytes)
Event: 93.007 Thread 0x00007f98c80b8b10 nmethod 27412 0x00007f98b3889e10 code [0x00007f98b388a100, 0x00007f98b388ad00]
Event: 93.007 Thread 0x00007f98c80b8b10 27413       2       com.android.tools.r8.internal.Ia::c (11 bytes)
Event: 93.007 Thread 0x00007f98c80b8b10 nmethod 27413 0x00007f98b3889a90 code [0x00007f98b3889c20, 0x00007f98b3889d50]
Event: 93.009 Thread 0x00007f98c80b8b10 27414       2       com.android.tools.r8.internal.b2::b (231 bytes)
Event: 93.010 Thread 0x00007f98c80b8b10 nmethod 27414 0x00007f98b3889110 code [0x00007f98b3889320, 0x00007f98b38897e0]

GC Heap History (20 events):
Event: 78.334 GC heap after
{Heap after GC invocations=74 (full 0):
 garbage-first heap   total 391168K, used 204764K [0x00000000c0000000, 0x0000000100000000)
  region size 1024K, 18 young (18432K), 18 survivors (18432K)
 Metaspace       used 156742K, committed 157568K, reserved 622592K
  class space    used 21292K, committed 21696K, reserved 425984K
}
Event: 79.348 GC heap before
{Heap before GC invocations=74 (full 0):
 garbage-first heap   total 391168K, used 322524K [0x00000000c0000000, 0x0000000100000000)
  region size 1024K, 133 young (136192K), 18 survivors (18432K)
 Metaspace       used 156759K, committed 157568K, reserved 622592K
  class space    used 21292K, committed 21696K, reserved 425984K
}
Event: 79.500 GC heap after
{Heap after GC invocations=75 (full 0):
 garbage-first heap   total 391168K, used 207536K [0x00000000c0000000, 0x0000000100000000)
  region size 1024K, 4 young (4096K), 4 survivors (4096K)
 Metaspace       used 156759K, committed 157568K, reserved 622592K
  class space    used 21292K, committed 21696K, reserved 425984K
}
Event: 80.509 GC heap before
{Heap before GC invocations=75 (full 0):
 garbage-first heap   total 391168K, used 326320K [0x00000000c0000000, 0x0000000100000000)
  region size 1024K, 120 young (122880K), 4 survivors (4096K)
 Metaspace       used 156768K, committed 157632K, reserved 622592K
  class space    used 21292K, committed 21696K, reserved 425984K
}
Event: 80.600 GC heap after
{Heap after GC invocations=76 (full 0):
 garbage-first heap   total 432128K, used 208560K [0x00000000c0000000, 0x0000000100000000)
  region size 1024K, 5 young (5120K), 5 survivors (5120K)
 Metaspace       used 156768K, committed 157632K, reserved 622592K
  class space    used 21292K, committed 21696K, reserved 425984K
}
Event: 81.927 GC heap before
{Heap before GC invocations=76 (full 0):
 garbage-first heap   total 432128K, used 361136K [0x00000000c0000000, 0x0000000100000000)
  region size 1024K, 154 young (157696K), 5 survivors (5120K)
 Metaspace       used 156779K, committed 157632K, reserved 622592K
  class space    used 21293K, committed 21696K, reserved 425984K
}
Event: 81.943 GC heap after
{Heap after GC invocations=77 (full 0):
 garbage-first heap   total 432128K, used 209975K [0x00000000c0000000, 0x0000000100000000)
  region size 1024K, 6 young (6144K), 6 survivors (6144K)
 Metaspace       used 156779K, committed 157632K, reserved 622592K
  class space    used 21293K, committed 21696K, reserved 425984K
}
Event: 83.202 GC heap before
{Heap before GC invocations=77 (full 0):
 garbage-first heap   total 432128K, used 365623K [0x00000000c0000000, 0x0000000100000000)
  region size 1024K, 158 young (161792K), 6 survivors (6144K)
 Metaspace       used 156791K, committed 157632K, reserved 622592K
  class space    used 21293K, committed 21696K, reserved 425984K
}
Event: 83.219 GC heap after
{Heap after GC invocations=78 (full 0):
 garbage-first heap   total 432128K, used 211120K [0x00000000c0000000, 0x0000000100000000)
  region size 1024K, 7 young (7168K), 7 survivors (7168K)
 Metaspace       used 156791K, committed 157632K, reserved 622592K
  class space    used 21293K, committed 21696K, reserved 425984K
}
Event: 84.524 GC heap before
{Heap before GC invocations=78 (full 0):
 garbage-first heap   total 432128K, used 368816K [0x00000000c0000000, 0x0000000100000000)
  region size 1024K, 161 young (164864K), 7 survivors (7168K)
 Metaspace       used 156801K, committed 157632K, reserved 622592K
  class space    used 21293K, committed 21696K, reserved 425984K
}
Event: 84.617 GC heap after
{Heap after GC invocations=79 (full 0):
 garbage-first heap   total 432128K, used 212656K [0x00000000c0000000, 0x0000000100000000)
  region size 1024K, 9 young (9216K), 9 survivors (9216K)
 Metaspace       used 156801K, committed 157632K, reserved 622592K
  class space    used 21293K, committed 21696K, reserved 425984K
}
Event: 85.906 GC heap before
{Heap before GC invocations=79 (full 0):
 garbage-first heap   total 432128K, used 371376K [0x00000000c0000000, 0x0000000100000000)
  region size 1024K, 164 young (167936K), 9 survivors (9216K)
 Metaspace       used 156807K, committed 157632K, reserved 622592K
  class space    used 21293K, committed 21696K, reserved 425984K
}
Event: 85.928 GC heap after
{Heap after GC invocations=80 (full 0):
 garbage-first heap   total 432128K, used 213680K [0x00000000c0000000, 0x0000000100000000)
  region size 1024K, 10 young (10240K), 10 survivors (10240K)
 Metaspace       used 156807K, committed 157632K, reserved 622592K
  class space    used 21293K, committed 21696K, reserved 425984K
}
Event: 87.430 GC heap before
{Heap before GC invocations=80 (full 0):
 garbage-first heap   total 432128K, used 373424K [0x00000000c0000000, 0x0000000100000000)
  region size 1024K, 166 young (169984K), 10 survivors (10240K)
 Metaspace       used 156906K, committed 157760K, reserved 622592K
  class space    used 21297K, committed 21696K, reserved 425984K
}
Event: 87.533 GC heap after
{Heap after GC invocations=81 (full 0):
 garbage-first heap   total 432128K, used 215728K [0x00000000c0000000, 0x0000000100000000)
  region size 1024K, 12 young (12288K), 12 survivors (12288K)
 Metaspace       used 156906K, committed 157760K, reserved 622592K
  class space    used 21297K, committed 21696K, reserved 425984K
}
Event: 91.216 GC heap before
{Heap before GC invocations=81 (full 0):
 garbage-first heap   total 432128K, used 379568K [0x00000000c0000000, 0x0000000100000000)
  region size 1024K, 166 young (169984K), 12 survivors (12288K)
 Metaspace       used 157045K, committed 157888K, reserved 622592K
  class space    used 21298K, committed 21696K, reserved 425984K
}
Event: 91.339 GC heap after
{Heap after GC invocations=82 (full 0):
 garbage-first heap   total 432128K, used 232147K [0x00000000c0000000, 0x0000000100000000)
  region size 1024K, 21 young (21504K), 21 survivors (21504K)
 Metaspace       used 157045K, committed 157888K, reserved 622592K
  class space    used 21298K, committed 21696K, reserved 425984K
}
Event: 93.034 GC heap before
{Heap before GC invocations=82 (full 0):
 garbage-first heap   total 432128K, used 362195K [0x00000000c0000000, 0x0000000100000000)
  region size 1024K, 146 young (149504K), 21 survivors (21504K)
 Metaspace       used 157085K, committed 157888K, reserved 622592K
  class space    used 21298K, committed 21696K, reserved 425984K
}
Event: 93.603 GC heap after
{Heap after GC invocations=83 (full 0):
 garbage-first heap   total 432128K, used 248919K [0x00000000c0000000, 0x0000000100000000)
  region size 1024K, 19 young (19456K), 19 survivors (19456K)
 Metaspace       used 157085K, committed 157888K, reserved 622592K
  class space    used 21298K, committed 21696K, reserved 425984K
}
Event: 93.718 GC heap before
{Heap before GC invocations=83 (full 0):
 garbage-first heap   total 432128K, used 250967K [0x00000000c0000000, 0x0000000100000000)
  region size 1024K, 21 young (21504K), 19 survivors (19456K)
 Metaspace       used 157085K, committed 157888K, reserved 622592K
  class space    used 21298K, committed 21696K, reserved 425984K
}

Dll operation events (14 events):
Event: 0.004 Loaded shared library /usr/lib/jvm/java-17-openjdk-amd64/lib/libjava.so
Event: 0.032 Loaded shared library /usr/lib/jvm/java-17-openjdk-amd64/lib/libjsvml.so
Event: 0.148 Loaded shared library /usr/lib/jvm/java-17-openjdk-amd64/lib/libzip.so
Event: 0.149 Loaded shared library /usr/lib/jvm/java-17-openjdk-amd64/lib/libinstrument.so
Event: 0.151 Loaded shared library /usr/lib/jvm/java-17-openjdk-amd64/lib/libnio.so
Event: 0.153 Loaded shared library /usr/lib/jvm/java-17-openjdk-amd64/lib/libzip.so
Event: 0.411 Loaded shared library /usr/lib/jvm/java-17-openjdk-amd64/lib/libjimage.so
Event: 0.610 Loaded shared library /usr/lib/jvm/java-17-openjdk-amd64/lib/libverify.so
Event: 0.924 Loaded shared library /usr/lib/jvm/java-17-openjdk-amd64/lib/libnet.so
Event: 0.925 Loaded shared library /root/.gradle/native/c067742578af261105cb4f569cf0c3c89f3d7b1fecec35dd04571415982c5e48/linux-amd64/libnative-platform.so
Event: 0.928 Loaded shared library /root/.gradle/native/100fb08df4bc3b14c8652ba06237920a3bd2aa13389f12d3474272988ae205f9/linux-amd64/libnative-platform-file-events.so
Event: 2.135 Loaded shared library /usr/lib/jvm/java-17-openjdk-amd64/lib/libmanagement.so
Event: 2.136 Loaded shared library /usr/lib/jvm/java-17-openjdk-amd64/lib/libmanagement_ext.so
Event: 2.320 Loaded shared library /usr/lib/jvm/java-17-openjdk-amd64/lib/libextnet.so

Deoptimization events (20 events):
Event: 89.205 Thread 0x000055dc28efbc20 DEOPT PACKING pc=0x00007f98b96cb084 sp=0x00007f9852b00570
Event: 89.205 Thread 0x000055dc28efbc20 DEOPT UNPACKING pc=0x00007f98b8aa2b19 sp=0x00007f9852b00530 mode 2
Event: 89.205 Thread 0x000055dc28efbc20 Uncommon trap: trap_request=0xffffffde fr.pc=0x00007f98b96cb084 relative=0x0000000000000544
Event: 89.205 Thread 0x000055dc28efbc20 Uncommon trap: reason=class_check action=maybe_recompile pc=0x00007f98b96cb084 method=com.android.tools.r8.internal.j4.a(Lcom/android/tools/r8/graph/o5;Lcom/android/tools/r8/internal/B7;)Lcom/android/tools/r8/internal/we; @ 69 c2
Event: 89.205 Thread 0x000055dc28efbc20 DEOPT PACKING pc=0x00007f98b96cb084 sp=0x00007f9852b005f0
Event: 89.205 Thread 0x000055dc28efbc20 DEOPT UNPACKING pc=0x00007f98b8aa2b19 sp=0x00007f9852b005b0 mode 2
Event: 89.208 Thread 0x000055dc28efbc20 Uncommon trap: trap_request=0xffffffde fr.pc=0x00007f98b96cb084 relative=0x0000000000000544
Event: 89.208 Thread 0x000055dc28efbc20 Uncommon trap: reason=class_check action=maybe_recompile pc=0x00007f98b96cb084 method=com.android.tools.r8.internal.j4.a(Lcom/android/tools/r8/graph/o5;Lcom/android/tools/r8/internal/B7;)Lcom/android/tools/r8/internal/we; @ 69 c2
Event: 89.212 Thread 0x000055dc28efbc20 DEOPT PACKING pc=0x00007f98b96cb084 sp=0x00007f9852b00330
Event: 89.215 Thread 0x000055dc28efbc20 DEOPT UNPACKING pc=0x00007f98b8aa2b19 sp=0x00007f9852b002f0 mode 2
Event: 91.001 Thread 0x000055dc28efbc20 DEOPT PACKING pc=0x00007f98b3440e23 sp=0x00007f9852b00ac0
Event: 91.005 Thread 0x000055dc28efbc20 DEOPT UNPACKING pc=0x00007f98b8aa364f sp=0x00007f9852afff88 mode 0
Event: 91.021 Thread 0x000055dc28efbc20 Uncommon trap: trap_request=0xffffff45 fr.pc=0x00007f98b9642c08 relative=0x00000000000007a8
Event: 91.021 Thread 0x000055dc28efbc20 Uncommon trap: reason=unstable_if action=reinterpret pc=0x00007f98b9642c08 method=java.util.zip.ZipFile$CleanableResource.releaseInflater(Ljava/util/zip/Inflater;)V @ 6 c2
Event: 91.021 Thread 0x000055dc28efbc20 DEOPT PACKING pc=0x00007f98b9642c08 sp=0x00007f9852b019d0
Event: 91.021 Thread 0x000055dc28efbc20 DEOPT UNPACKING pc=0x00007f98b8aa2b19 sp=0x00007f9852b01958 mode 2
Event: 91.808 Thread 0x00007f989923dac0 Uncommon trap: trap_request=0xffffff45 fr.pc=0x00007f98b9763ce8 relative=0x0000000000002c48
Event: 91.808 Thread 0x00007f989923dac0 Uncommon trap: reason=unstable_if action=reinterpret pc=0x00007f98b9763ce8 method=com.android.tools.r8.ir.optimize.e.a(Lcom/android/tools/r8/graph/W0;Lcom/android/tools/r8/internal/ll;)Z @ 256 c2
Event: 91.809 Thread 0x00007f989923dac0 DEOPT PACKING pc=0x00007f98b9763ce8 sp=0x00007f985320a690
Event: 91.810 Thread 0x00007f989923dac0 DEOPT UNPACKING pc=0x00007f98b8aa2b19 sp=0x00007f985320a6a0 mode 2

Classes loaded (20 events):
Event: 48.144 Loading class java/util/SortedSet$1
Event: 48.198 Loading class java/util/SortedSet$1 done
Event: 48.203 Loading class java/util/stream/SliceOps
Event: 48.203 Loading class java/util/stream/SliceOps done
Event: 48.203 Loading class java/util/stream/SliceOps$1
Event: 48.208 Loading class java/util/stream/SliceOps$1 done
Event: 48.211 Loading class java/util/stream/SliceOps$1$1
Event: 48.211 Loading class java/util/stream/SliceOps$1$1 done
Event: 48.727 Loading class java/util/AbstractList$SubList$1
Event: 48.738 Loading class java/util/AbstractList$SubList$1 done
Event: 53.336 Loading class java/nio/ShortBuffer
Event: 53.337 Loading class java/nio/ShortBuffer done
Event: 53.526 Loading class java/nio/ByteBufferAsShortBufferL
Event: 53.529 Loading class java/nio/ByteBufferAsShortBufferL done
Event: 53.707 Loading class java/util/zip/Adler32
Event: 53.707 Loading class java/util/zip/Adler32 done
Event: 53.712 Loading class java/nio/file/Files$2
Event: 53.715 Loading class java/nio/file/Files$2 done
Event: 63.437 Loading class java/util/IdentityHashMap$EntrySet
Event: 63.437 Loading class java/util/IdentityHashMap$EntrySet done

Classes unloaded (9 events):
Event: 17.122 Thread 0x00007f98c80a72b0 Unloading class 0x00007f987e6647e0 '_BuildScript_$_run_closure1$_closure3'
Event: 17.122 Thread 0x00007f98c80a72b0 Unloading class 0x00007f987e6643f0 '_BuildScript_$_run_closure1$_closure2'
Event: 17.122 Thread 0x00007f98c80a72b0 Unloading class 0x00007f987e664000 '_BuildScript_$_run_closure1'
Event: 17.122 Thread 0x00007f98c80a72b0 Unloading class 0x00007f987e658800 '_BuildScript_'
Event: 27.933 Thread 0x00007f98c80a72b0 Unloading class 0x00007f987e7747e0 '_BuildScript_$_run_closure3'
Event: 27.933 Thread 0x00007f98c80a72b0 Unloading class 0x00007f987e7743f0 '_BuildScript_$_run_closure2'
Event: 27.933 Thread 0x00007f98c80a72b0 Unloading class 0x00007f987e774000 '_BuildScript_$_run_closure1$_closure4'
Event: 27.933 Thread 0x00007f98c80a72b0 Unloading class 0x00007f987e768c00 '_BuildScript_$_run_closure1'
Event: 27.933 Thread 0x00007f98c80a72b0 Unloading class 0x00007f987e769000 '_BuildScript_'

Classes redefined (0 events):
No events

Internal exceptions (20 events):
Event: 67.508 Thread 0x00007f989923dac0 Exception <a 'sun/nio/fs/UnixException'{0x00000000d0f001e0}> (0x00000000d0f001e0) 
thrown [./src/hotspot/share/prims/jni.cpp, line 516]
Event: 68.232 Thread 0x00007f989923dac0 Implicit null exception at 0x00007f98b9774100 to 0x00007f98b9774178
Event: 69.436 Thread 0x000055dc28efbc20 Exception <a 'sun/nio/fs/UnixException'{0x00000000d4740938}> (0x00000000d4740938) 
thrown [./src/hotspot/share/prims/jni.cpp, line 516]
Event: 70.145 Thread 0x000055dc28efbc20 Exception <a 'sun/nio/fs/UnixException'{0x00000000d7271250}> (0x00000000d7271250) 
thrown [./src/hotspot/share/prims/jni.cpp, line 516]
Event: 70.629 Thread 0x000055dc28efbc20 Exception <a 'sun/nio/fs/UnixException'{0x00000000d23d3270}> (0x00000000d23d3270) 
thrown [./src/hotspot/share/prims/jni.cpp, line 516]
Event: 71.346 Thread 0x00007f989923dac0 Exception <a 'sun/nio/fs/UnixException'{0x00000000d52afd58}> (0x00000000d52afd58) 
thrown [./src/hotspot/share/prims/jni.cpp, line 516]
Event: 71.520 Thread 0x000055dc28efbc20 Exception <a 'sun/nio/fs/UnixException'{0x00000000d3fdfbb0}> (0x00000000d3fdfbb0) 
thrown [./src/hotspot/share/prims/jni.cpp, line 516]
Event: 71.729 Thread 0x00007f989923dac0 Exception <a 'sun/nio/fs/UnixException'{0x00000000d236c810}> (0x00000000d236c810) 
thrown [./src/hotspot/share/prims/jni.cpp, line 516]
Event: 72.937 Thread 0x00007f989923dac0 Exception <a 'sun/nio/fs/UnixException'{0x00000000d44ba330}> (0x00000000d44ba330) 
thrown [./src/hotspot/share/prims/jni.cpp, line 516]
Event: 73.739 Thread 0x00007f989923dac0 Exception <a 'sun/nio/fs/UnixException'{0x00000000d6b01fe0}> (0x00000000d6b01fe0) 
thrown [./src/hotspot/share/prims/jni.cpp, line 516]
Event: 74.814 Thread 0x000055dc28efbc20 Exception <a 'sun/nio/fs/UnixException'{0x00000000d753a3c0}> (0x00000000d753a3c0) 
thrown [./src/hotspot/share/prims/jni.cpp, line 516]
Event: 75.938 Thread 0x00007f989923dac0 Exception <a 'sun/nio/fs/UnixException'{0x00000000d6a71f88}> (0x00000000d6a71f88) 
thrown [./src/hotspot/share/prims/jni.cpp, line 516]
Event: 76.506 Thread 0x000055dc28efbc20 Exception <a 'sun/nio/fs/UnixException'{0x00000000d2381208}> (0x00000000d2381208) 
thrown [./src/hotspot/share/prims/jni.cpp, line 516]
Event: 76.936 Thread 0x00007f989923dac0 Exception <a 'sun/nio/fs/UnixException'{0x00000000d0990f98}> (0x00000000d0990f98) 
thrown [./src/hotspot/share/prims/jni.cpp, line 516]
Event: 77.734 Thread 0x000055dc28efbc20 Exception <a 'java/lang/NoSuchMethodError'{0x00000000d2533e78}: 'void java.lang.invoke.DirectMethodHandle$Holder.invokeSpecialIFC(java.lang.Object, java.lang.Object, java.lang.Object, java.lang.Object)'> (0x00000000d2533e78) 
thrown [./src/hotspot/share/interpreter/linkResolver.cpp, line 758]
Event: 88.048 Thread 0x000055dc28efbc20 Exception <a 'sun/nio/fs/UnixException'{0x00000000d8603200}> (0x00000000d8603200) 
thrown [./src/hotspot/share/prims/jni.cpp, line 516]
Event: 88.240 Thread 0x00007f989923dac0 Exception <a 'sun/nio/fs/UnixException'{0x00000000d7503440}> (0x00000000d7503440) 
thrown [./src/hotspot/share/prims/jni.cpp, line 516]
Event: 91.018 Thread 0x000055dc28efbc20 Exception <a 'sun/nio/fs/UnixException'{0x00000000d2a414e0}> (0x00000000d2a414e0) 
thrown [./src/hotspot/share/prims/jni.cpp, line 516]
Event: 91.021 Thread 0x000055dc28efbc20 Implicit null exception at 0x00007f98b96424a0 to 0x00007f98b9642bf0
Event: 91.737 Thread 0x000055dc28efbc20 Exception <a 'sun/nio/fs/UnixException'{0x00000000d7649418}> (0x00000000d7649418) 
thrown [./src/hotspot/share/prims/jni.cpp, line 516]

VM Operations (20 events):
Event: 85.928 Executing VM operation: G1CollectForAllocation done
Event: 86.928 Executing VM operation: Cleanup
Event: 86.928 Executing VM operation: Cleanup done
Event: 87.238 Executing VM operation: HandshakeAllThreads
Event: 87.238 Executing VM operation: HandshakeAllThreads done
Event: 87.430 Executing VM operation: G1CollectForAllocation
Event: 87.534 Executing VM operation: G1CollectForAllocation done
Event: 88.599 Executing VM operation: Cleanup
Event: 88.605 Executing VM operation: Cleanup done
Event: 89.608 Executing VM operation: Cleanup
Event: 89.616 Executing VM operation: Cleanup done
Event: 90.619 Executing VM operation: Cleanup
Event: 90.700 Executing VM operation: Cleanup done
Event: 91.214 Executing VM operation: G1CollectForAllocation
Event: 91.340 Executing VM operation: G1CollectForAllocation done
Event: 92.341 Executing VM operation: Cleanup
Event: 92.343 Executing VM operation: Cleanup done
Event: 93.021 Executing VM operation: G1CollectForAllocation
Event: 93.605 Executing VM operation: G1CollectForAllocation done
Event: 93.709 Executing VM operation: G1CollectForAllocation

Memory protections (20 events):
Event: 29.817 Protecting memory [0x00007f9852808000,0x00007f985280c000] with protection modes 0
Event: 30.302 Protecting memory [0x00007f9852707000,0x00007f985270b000] with protection modes 0
Event: 30.511 Protecting memory [0x00007f9852606000,0x00007f985260a000] with protection modes 0
Event: 30.541 Protecting memory [0x00007f9852505000,0x00007f9852509000] with protection modes 0
Event: 30.633 Protecting memory [0x00007f9852404000,0x00007f9852408000] with protection modes 0
Event: 30.807 Protecting memory [0x00007f9852303000,0x00007f9852307000] with protection modes 0
Event: 30.821 Protecting memory [0x00007f9852202000,0x00007f9852206000] with protection modes 0
Event: 30.931 Protecting memory [0x00007f9852101000,0x00007f9852105000] with protection modes 0
Event: 31.345 Protecting memory [0x00007f984df00000,0x00007f984df04000] with protection modes 0
Event: 31.446 Protecting memory [0x00007f984ddff000,0x00007f984de03000] with protection modes 0
Event: 31.542 Protecting memory [0x00007f984dcfe000,0x00007f984dd02000] with protection modes 0
Event: 31.605 Protecting memory [0x00007f984dbfd000,0x00007f984dc01000] with protection modes 0
Event: 32.401 Protecting memory [0x00007f984dafc000,0x00007f984db00000] with protection modes 0
Event: 32.514 Protecting memory [0x00007f984d9fb000,0x00007f984d9ff000] with protection modes 0
Event: 32.516 Protecting memory [0x00007f984d8fa000,0x00007f984d8fe000] with protection modes 0
Event: 33.322 Protecting memory [0x00007f984d7f9000,0x00007f984d7fd000] with protection modes 0
Event: 34.044 Protecting memory [0x00007f984d6f8000,0x00007f984d6fc000] with protection modes 0
Event: 41.245 Protecting memory [0x00007f984d9fb000,0x00007f984d9ff000] with protection modes 0
Event: 42.713 Protecting memory [0x00007f984d5f7000,0x00007f984d5fb000] with protection modes 0
Event: 42.847 Protecting memory [0x00007f984d4f6000,0x00007f984d4fa000] with protection modes 0

Nmethod flushes (20 events):
Event: 72.334 Thread 0x00007f98c80b9f80 flushing  nmethod 0x00007f98b39b2110
Event: 72.334 Thread 0x00007f98c80b9f80 flushing  nmethod 0x00007f98b39ddf90
Event: 72.334 Thread 0x00007f98c80b9f80 flushing  nmethod 0x00007f98b39de990
Event: 72.334 Thread 0x00007f98c80b9f80 flushing  nmethod 0x00007f98b39e0f90
Event: 72.334 Thread 0x00007f98c80b9f80 flushing  nmethod 0x00007f98b39e2010
Event: 72.334 Thread 0x00007f98c80b9f80 flushing  nmethod 0x00007f98b39ebb90
Event: 72.400 Thread 0x00007f98c80b9f80 flushing  nmethod 0x00007f98b39f7110
Event: 72.400 Thread 0x00007f98c80b9f80 flushing  nmethod 0x00007f98b3a04e90
Event: 72.400 Thread 0x00007f98c80b9f80 flushing  nmethod 0x00007f98b3a05310
Event: 72.400 Thread 0x00007f98c80b9f80 flushing  nmethod 0x00007f98b3a05890
Event: 72.400 Thread 0x00007f98c80b9f80 flushing  nmethod 0x00007f98b3a0d610
Event: 72.400 Thread 0x00007f98c80b9f80 flushing  nmethod 0x00007f98b3a19690
Event: 72.401 Thread 0x00007f98c80b9f80 flushing  nmethod 0x00007f98b3ac4a90
Event: 72.401 Thread 0x00007f98c80b9f80 flushing  nmethod 0x00007f98b3ac6390
Event: 72.401 Thread 0x00007f98c80b9f80 flushing  nmethod 0x00007f98b3af8690
Event: 87.314 Thread 0x00007f98c80b9f80 flushing  nmethod 0x00007f98b1cba310
Event: 87.340 Thread 0x00007f98c80b9f80 flushing  nmethod 0x00007f98b285d590
Event: 87.399 Thread 0x00007f98c80b9f80 flushing  nmethod 0x00007f98b2a9c990
Event: 87.410 Thread 0x00007f98c80b9f80 flushing  nmethod 0x00007f98b32d0690
Event: 87.415 Thread 0x00007f98c80b9f80 flushing  nmethod 0x00007f98b3776610

Events (20 events):
Event: 30.249 Thread 0x00007f989a5f0770 Thread added: 0x000055dc28f15230
Event: 30.510 Thread 0x00007f989a5f0770 Thread added: 0x000055dc28f0c6c0
Event: 30.535 Thread 0x00007f989a5f0770 Thread added: 0x000055dc28f0df30
Event: 30.627 Thread 0x00007f989a5f0770 Thread added: 0x000055dc28f1c680
Event: 30.806 Thread 0x000055dc28efbc20 Thread added: 0x00007f985801ab50
Event: 30.816 Thread 0x000055dc28efbc20 Thread added: 0x00007f985801fd90
Event: 30.926 Thread 0x000055dc28efbc20 Thread added: 0x00007f9858020d40
Event: 31.342 Thread 0x00007f989a5f0770 Thread added: 0x000055dc28f1ff20
Event: 31.444 Thread 0x00007f989a5f0770 Thread added: 0x000055dc28f26390
Event: 31.541 Thread 0x00007f989a5f0770 Thread added: 0x000055dc28f2bf40
Event: 31.601 Thread 0x00007f989a5f0770 Thread added: 0x000055dc28f275a0
Event: 32.346 Thread 0x00007f989a5f0770 Thread added: 0x000055dc2907baf0
Event: 32.514 Thread 0x000055dc2907baf0 Thread added: 0x00007f98c93aba10
Event: 32.516 Thread 0x000055dc28efbc20 Thread added: 0x00007f985818af00
Event: 33.321 Thread 0x000055dc28efbc20 Thread added: 0x00007f98580fc760
Event: 34.037 Thread 0x000055dc28efbc20 Thread added: 0x00007f985810eb20
Event: 40.916 Thread 0x00007f98c93aba10 Thread exited: 0x00007f98c93aba10
Event: 41.236 Thread 0x000055dc28efbc20 Thread added: 0x00007f98582feb90
Event: 42.712 Thread 0x00007f989a5f0770 Thread added: 0x000055dc29bf0010
Event: 42.835 Thread 0x00007f989a5f0770 Thread added: 0x000055dc29bf95f0


Dynamic libraries:
c0000000-da200000 rw-p 00000000 00:00 0 
df400000-ffc00000 ---p 00000000 00:00 0 
ffc00000-ffe00000 rw-p 00000000 00:00 0 
ffe00000-ffe75000 rw-p 00c7a000 00:25 13853                              /usr/lib/jvm/java-17-openjdk-amd64/lib/server/classes.jsa
ffe75000-fff00000 rw-p 00000000 00:00 0 
fff00000-fff78000 rw-p 00c02000 00:25 13853                              /usr/lib/jvm/java-17-openjdk-amd64/lib/server/classes.jsa
fff78000-100000000 rw-p 00000000 00:00 0 
55dc26f89000-55dc26f8a000 r--p 00000000 00:25 13495                      /usr/lib/jvm/java-17-openjdk-amd64/bin/java
55dc26f8a000-55dc26f8b000 r-xp 00001000 00:25 13495                      /usr/lib/jvm/java-17-openjdk-amd64/bin/java
55dc26f8b000-55dc26f8c000 r--p 00002000 00:25 13495                      /usr/lib/jvm/java-17-openjdk-amd64/bin/java
55dc26f8c000-55dc26f8d000 r--p 00002000 00:25 13495                      /usr/lib/jvm/java-17-openjdk-amd64/bin/java
55dc26f8d000-55dc26f8e000 rw-p 00003000 00:25 13495                      /usr/lib/jvm/java-17-openjdk-amd64/bin/java
55dc28ec2000-55dc29c4f000 rw-p 00000000 00:00 0                          [heap]
7f9849000000-7f9849500000 rw-p 00000000 00:00 0 
7f9849500000-7f984d000000 ---p 00000000 00:00 0 
7f984d4f5000-7f984d4f6000 ---p 00000000 00:00 0 
7f984d4f6000-7f984d4fa000 ---p 00000000 00:00 0 
7f984d4fa000-7f984d5f6000 rw-p 00000000 00:00 0 
7f984d5f6000-7f984d5f7000 ---p 00000000 00:00 0 
7f984d5f7000-7f984d5fb000 ---p 00000000 00:00 0 
7f984d5fb000-7f984d6f7000 rw-p 00000000 00:00 0 
7f984d6f7000-7f984d6f8000 ---p 00000000 00:00 0 
7f984d6f8000-7f984d6fc000 ---p 00000000 00:00 0 
7f984d6fc000-7f984d7f8000 rw-p 00000000 00:00 0 
7f984d7f8000-7f984d7f9000 ---p 00000000 00:00 0 
7f984d7f9000-7f984d7fd000 ---p 00000000 00:00 0 
7f984d7fd000-7f984d8f9000 rw-p 00000000 00:00 0 
7f984d8f9000-7f984d8fa000 ---p 00000000 00:00 0 
7f984d8fa000-7f984d8fe000 ---p 00000000 00:00 0 
7f984d8fe000-7f984d9fa000 rw-p 00000000 00:00 0 
7f984d9fa000-7f984d9fb000 ---p 00000000 00:00 0 
7f984d9fb000-7f984d9ff000 ---p 00000000 00:00 0 
7f984d9ff000-7f984dafb000 rw-p 00000000 00:00 0 
7f984dafb000-7f984dafc000 ---p 00000000 00:00 0 
7f984dafc000-7f984db00000 ---p 00000000 00:00 0 
7f984db00000-7f984dbfc000 rw-p 00000000 00:00 0 
7f984dbfc000-7f984dbfd000 ---p 00000000 00:00 0 
7f984dbfd000-7f984dc01000 ---p 00000000 00:00 0 
7f984dc01000-7f984dcfd000 rw-p 00000000 00:00 0 
7f984dcfd000-7f984dcfe000 ---p 00000000 00:00 0 
7f984dcfe000-7f984dd02000 ---p 00000000 00:00 0 
7f984dd02000-7f984ddfe000 rw-p 00000000 00:00 0 
7f984ddfe000-7f984ddff000 ---p 00000000 00:00 0 
7f984ddff000-7f984de03000 ---p 00000000 00:00 0 
7f984de03000-7f984deff000 rw-p 00000000 00:00 0 
7f984deff000-7f984df00000 ---p 00000000 00:00 0 
7f984df00000-7f984df04000 ---p 00000000 00:00 0 
7f984df04000-7f984eba0000 rw-p 00000000 00:00 0 
7f984eba0000-7f984ebc0000 rw-p 00000000 00:00 0 
7f984ebc0000-7f984ed00000 rw-p 00000000 00:00 0 
7f984ed00000-7f984ee00000 rw-p 00000000 00:00 0 
7f984ee00000-7f984f300000 rw-p 00000000 00:00 0 
7f984f300000-7f9850160000 rw-p 00000000 00:00 0 
7f9850160000-7f9850200000 rw-p 00000000 00:00 0 
7f9850200000-7f9850300000 rw-p 00000000 00:00 0 
7f9850300000-7f9850400000 rw-p 00000000 00:00 0 
7f9850400000-7f9850780000 rw-p 00000000 00:00 0 
7f9850780000-7f9850800000 rw-p 00000000 00:00 0 
7f9850800000-7f9850900000 rw-p 00000000 00:00 0 
7f9850900000-7f9850a00000 rw-p 00000000 00:00 0 
7f9850a00000-7f9851c00000 rw-p 00000000 00:00 0 
7f9851c00000-7f9852000000 rw-p 00000000 00:00 0 
7f9852100000-7f9852101000 ---p 00000000 00:00 0 
7f9852101000-7f9852105000 ---p 00000000 00:00 0 
7f9852105000-7f9852201000 rw-p 00000000 00:00 0 
7f9852201000-7f9852202000 ---p 00000000 00:00 0 
7f9852202000-7f9852206000 ---p 00000000 00:00 0 
7f9852206000-7f9852302000 rw-p 00000000 00:00 0 
7f9852302000-7f9852303000 ---p 00000000 00:00 0 
7f9852303000-7f9852307000 ---p 00000000 00:00 0 
7f9852307000-7f9852403000 rw-p 00000000 00:00 0 
7f9852403000-7f9852404000 ---p 00000000 00:00 0 
7f9852404000-7f9852408000 ---p 00000000 00:00 0 
7f9852408000-7f9852504000 rw-p 00000000 00:00 0 
7f9852504000-7f9852505000 ---p 00000000 00:00 0 
7f9852505000-7f9852509000 ---p 00000000 00:00 0 
7f9852509000-7f9852605000 rw-p 00000000 00:00 0 
7f9852605000-7f9852606000 ---p 00000000 00:00 0 
7f9852606000-7f985260a000 ---p 00000000 00:00 0 
7f985260a000-7f9852706000 rw-p 00000000 00:00 0 
7f9852706000-7f9852707000 ---p 00000000 00:00 0 
7f9852707000-7f985270b000 ---p 00000000 00:00 0 
7f985270b000-7f9852807000 rw-p 00000000 00:00 0 
7f9852807000-7f9852808000 ---p 00000000 00:00 0 
7f9852808000-7f985280c000 ---p 00000000 00:00 0 
7f985280c000-7f9852908000 rw-p 00000000 00:00 0 
7f9852908000-7f9852909000 ---p 00000000 00:00 0 
7f9852909000-7f985290d000 ---p 00000000 00:00 0 
7f985290d000-7f9852a09000 rw-p 00000000 00:00 0 
7f9852a09000-7f9852a0a000 ---p 00000000 00:00 0 
7f9852a0a000-7f9852a0e000 ---p 00000000 00:00 0 
7f9852a0e000-7f9852b0a000 rw-p 00000000 00:00 0 
7f9852b0a000-7f9852b0b000 ---p 00000000 00:00 0 
7f9852b0b000-7f9852b0f000 ---p 00000000 00:00 0 
7f9852b0f000-7f9852c0b000 rw-p 00000000 00:00 0 
7f9852c0b000-7f9852c0c000 ---p 00000000 00:00 0 
7f9852c0c000-7f9852c10000 ---p 00000000 00:00 0 
7f9852c10000-7f9852d0c000 rw-p 00000000 00:00 0 
7f9852d0c000-7f9852d0d000 ---p 00000000 00:00 0 
7f9852d0d000-7f9852d11000 ---p 00000000 00:00 0 
7f9852d11000-7f9852e0d000 rw-p 00000000 00:00 0 
7f9852e0d000-7f9852e0e000 ---p 00000000 00:00 0 
7f9852e0e000-7f9852e12000 ---p 00000000 00:00 0 
7f9852e12000-7f9852f0e000 rw-p 00000000 00:00 0 
7f9852f0e000-7f9852f0f000 ---p 00000000 00:00 0 
7f9852f0f000-7f9852f13000 ---p 00000000 00:00 0 
7f9852f13000-7f985300f000 rw-p 00000000 00:00 0 
7f985300f000-7f9853010000 ---p 00000000 00:00 0 
7f9853010000-7f9853014000 ---p 00000000 00:00 0 
7f9853014000-7f9853110000 rw-p 00000000 00:00 0 
7f9853110000-7f9853111000 ---p 00000000 00:00 0 
7f9853111000-7f9853115000 ---p 00000000 00:00 0 
7f9853115000-7f9853211000 rw-p 00000000 00:00 0 
7f9853211000-7f9853212000 ---p 00000000 00:00 0 
7f9853212000-7f9853216000 ---p 00000000 00:00 0 
7f9853216000-7f9853312000 rw-p 00000000 00:00 0 
7f9853312000-7f9853313000 ---p 00000000 00:00 0 
7f9853313000-7f9853317000 ---p 00000000 00:00 0 
7f9853317000-7f9853413000 rw-p 00000000 00:00 0 
7f9853413000-7f9853414000 ---p 00000000 00:00 0 
7f9853414000-7f9853418000 ---p 00000000 00:00 0 
7f9853418000-7f9853514000 rw-p 00000000 00:00 0 
7f9853514000-7f9853515000 ---p 00000000 00:00 0 
7f9853515000-7f9853519000 ---p 00000000 00:00 0 
7f9853519000-7f9853615000 rw-p 00000000 00:00 0 
7f9853615000-7f9853616000 ---p 00000000 00:00 0 
7f9853616000-7f985361a000 ---p 00000000 00:00 0 
7f985361a000-7f9853716000 rw-p 00000000 00:00 0 
7f9853716000-7f9853717000 ---p 00000000 00:00 0 
7f9853717000-7f985371b000 ---p 00000000 00:00 0 
7f985371b000-7f9853817000 rw-p 00000000 00:00 0 
7f98538f9000-7f98538fa000 ---p 00000000 00:00 0 
7f98538fa000-7f98538fe000 ---p 00000000 00:00 0 
7f98538fe000-7f98539fa000 rw-p 00000000 00:00 0 
7f98539fa000-7f98539fb000 ---p 00000000 00:00 0 
7f98539fb000-7f98539ff000 ---p 00000000 00:00 0 
7f98539ff000-7f9853afb000 rw-p 00000000 00:00 0 
7f9853afb000-7f9853afc000 ---p 00000000 00:00 0 
7f9853afc000-7f9853b00000 ---p 00000000 00:00 0 
7f9853b00000-7f9853bfc000 rw-p 00000000 00:00 0 
7f9853bfc000-7f9853bfd000 ---p 00000000 00:00 0 
7f9853bfd000-7f9853c01000 ---p 00000000 00:00 0 
7f9853c01000-7f9853cfd000 rw-p 00000000 00:00 0 
7f9853cfd000-7f9853cfe000 ---p 00000000 00:00 0 
7f9853cfe000-7f9853d02000 ---p 00000000 00:00 0 
7f9853d02000-7f9853dfe000 rw-p 00000000 00:00 0 
7f9853dfe000-7f9853dff000 ---p 00000000 00:00 0 
7f9853dff000-7f9853e03000 ---p 00000000 00:00 0 
7f9853e03000-7f9853eff000 rw-p 00000000 00:00 0 
7f9853eff000-7f9853f00000 ---p 00000000 00:00 0 
7f9853f00000-7f9853f04000 ---p 00000000 00:00 0 
7f9853f04000-7f9854000000 rw-p 00000000 00:00 0 
7f9854000000-7f9855311000 rw-p 00000000 00:00 0 
7f9855311000-7f9858000000 ---p 00000000 00:00 0 
7f9858000000-7f985aacf000 rw-p 00000000 00:00 0 
7f985aacf000-7f985c000000 ---p 00000000 00:00 0 
7f985c000000-7f985c021000 rw-p 00000000 00:00 0 
7f985c021000-7f9860000000 ---p 00000000 00:00 0 
7f9860000000-7f9863c67000 rw-p 00000000 00:00 0 
7f9863c67000-7f9864000000 ---p 00000000 00:00 0 
7f9864000000-7f9864055000 rw-p 00000000 00:00 0 
7f9864055000-7f9868000000 ---p 00000000 00:00 0 
7f9868000000-7f9868021000 rw-p 00000000 00:00 0 
7f9868021000-7f986c000000 ---p 00000000 00:00 0 
7f986c000000-7f986c021000 rw-p 00000000 00:00 0 
7f986c021000-7f9870000000 ---p 00000000 00:00 0 
7f9870000000-7f9870021000 rw-p 00000000 00:00 0 
7f9870021000-7f9874000000 ---p 00000000 00:00 0 
7f9874000000-7f9874527000 rw-p 00000000 00:00 0 
7f9874527000-7f9878000000 ---p 00000000 00:00 0 
7f98780f9000-7f98780fa000 ---p 00000000 00:00 0 
7f98780fa000-7f98780fe000 ---p 00000000 00:00 0 
7f98780fe000-7f98781fa000 rw-p 00000000 00:00 0 
7f98781fa000-7f98781fb000 ---p 00000000 00:00 0 
7f98781fb000-7f98781ff000 ---p 00000000 00:00 0 
7f98781ff000-7f98782fb000 rw-p 00000000 00:00 0 
7f98782fb000-7f98782fc000 ---p 00000000 00:00 0 
7f98782fc000-7f9878300000 ---p 00000000 00:00 0 
7f9878300000-7f98783fc000 rw-p 00000000 00:00 0 
7f98783fc000-7f98783fd000 ---p 00000000 00:00 0 
7f98783fd000-7f9878401000 ---p 00000000 00:00 0 
7f9878401000-7f98784fd000 rw-p 00000000 00:00 0 
7f98784fd000-7f98784fe000 ---p 00000000 00:00 0 
7f98784fe000-7f9878502000 ---p 00000000 00:00 0 
7f9878502000-7f98785fe000 rw-p 00000000 00:00 0 
7f98785fe000-7f98785ff000 ---p 00000000 00:00 0 
7f98785ff000-7f9878603000 ---p 00000000 00:00 0 
7f9878603000-7f98786ff000 rw-p 00000000 00:00 0 
7f98786ff000-7f9878700000 ---p 00000000 00:00 0 
7f9878700000-7f9878704000 ---p 00000000 00:00 0 
7f9878704000-7f9878800000 rw-p 00000000 00:00 0 
7f9878800000-7f9878853000 r-xp 00000000 fe:00 393840                     /root/.gradle/native/100fb08df4bc3b14c8652ba06237920a3bd2aa13389f12d3474272988ae205f9/linux-amd64/libnative-platform-file-events.so
7f9878853000-7f9878a52000 ---p 00053000 fe:00 393840                     /root/.gradle/native/100fb08df4bc3b14c8652ba06237920a3bd2aa13389f12d3474272988ae205f9/linux-amd64/libnative-platform-file-events.so
7f9878a52000-7f9878a53000 r--p 00052000 fe:00 393840                     /root/.gradle/native/100fb08df4bc3b14c8652ba06237920a3bd2aa13389f12d3474272988ae205f9/linux-amd64/libnative-platform-file-events.so
7f9878a53000-7f9878a55000 rw-p 00053000 fe:00 393840                     /root/.gradle/native/100fb08df4bc3b14c8652ba06237920a3bd2aa13389f12d3474272988ae205f9/linux-amd64/libnative-platform-file-events.so
7f9878aff000-7f9878b00000 ---p 00000000 00:00 0 
7f9878b00000-7f9878b04000 ---p 00000000 00:00 0 
7f9878b04000-7f9878c00000 rw-p 00000000 00:00 0 
7f9878c00000-7f9878c05000 r-xp 00000000 fe:00 393821                     /root/.gradle/native/c067742578af261105cb4f569cf0c3c89f3d7b1fecec35dd04571415982c5e48/linux-amd64/libnative-platform.so
7f9878c05000-7f9878e05000 ---p 00005000 fe:00 393821                     /root/.gradle/native/c067742578af261105cb4f569cf0c3c89f3d7b1fecec35dd04571415982c5e48/linux-amd64/libnative-platform.so
7f9878e05000-7f9878e06000 r--p 00005000 fe:00 393821                     /root/.gradle/native/c067742578af261105cb4f569cf0c3c89f3d7b1fecec35dd04571415982c5e48/linux-amd64/libnative-platform.so
7f9878e06000-7f9878e07000 rw-p 00006000 fe:00 393821                     /root/.gradle/native/c067742578af261105cb4f569cf0c3c89f3d7b1fecec35dd04571415982c5e48/linux-amd64/libnative-platform.so
7f9878eff000-7f9878f00000 ---p 00000000 00:00 0 
7f9878f00000-7f9879400000 rw-p 00000000 00:00 0 
7f9879400000-7f9879800000 rw-p 00000000 00:00 0 
7f9879800000-7f9879900000 rw-p 00000000 00:00 0 
7f9879900000-7f9879a00000 rw-p 00000000 00:00 0 
7f9879a00000-7f987a580000 rw-p 00000000 00:00 0 
7f987a580000-7f987a600000 rw-p 00000000 00:00 0 
7f987a600000-7f987a7c0000 rw-p 00000000 00:00 0 
7f987a7c0000-7f987a900000 rw-p 00000000 00:00 0 
7f987a900000-7f987ab00000 rw-p 00000000 00:00 0 
7f987ab00000-7f987ac00000 rw-p 00000000 00:00 0 
7f987ac00000-7f987bb00000 rw-p 00000000 00:00 0 
7f987bb00000-7f987bc00000 rw-p 00000000 00:00 0 
7f987bc00000-7f987c380000 rw-p 00000000 00:00 0 
7f987c380000-7f987c500000 rw-p 00000000 00:00 0 
7f987c500000-7f987c900000 rw-p 00000000 00:00 0 
7f987c900000-7f987ca00000 rw-p 00000000 00:00 0 
7f987ca00000-7f987d000000 rw-p 00000000 00:00 0 
7f987d000000-7f987d455000 rw-p 00001000 00:25 13853                      /usr/lib/jvm/java-17-openjdk-amd64/lib/server/classes.jsa
7f987d455000-7f987dbca000 rw-p 00456000 00:25 13853                      /usr/lib/jvm/java-17-openjdk-amd64/lib/server/classes.jsa
7f987dbca000-7f987e000000 ---p 00000000 00:00 0 
7f987e000000-7f987e040000 rw-p 00000000 00:00 0 
7f987e040000-7f987e080000 rw-p 00000000 00:00 0 
7f987e080000-7f987e140000 rw-p 00000000 00:00 0 
7f987e140000-7f987e180000 rw-p 00000000 00:00 0 
7f987e180000-7f987e440000 rw-p 00000000 00:00 0 
7f987e440000-7f987e600000 rw-p 00000000 00:00 0 
7f987e600000-7f987e940000 rw-p 00000000 00:00 0 
7f987e940000-7f987e980000 rw-p 00000000 00:00 0 
7f987e980000-7f987ecc0000 rw-p 00000000 00:00 0 
7f987ecc0000-7f987ed00000 rw-p 00000000 00:00 0 
7f987ed00000-7f987f140000 rw-p 00000000 00:00 0 
7f987f140000-7f987f180000 rw-p 00000000 00:00 0 
7f987f180000-7f987f530000 rw-p 00000000 00:00 0 
7f987f530000-7f9898000000 ---p 00000000 00:00 0 
7f9898000000-7f989a5f9000 rw-p 00000000 00:00 0 
7f989a5f9000-7f989c000000 ---p 00000000 00:00 0 
7f989c000000-7f989e2d4000 rw-p 00000000 00:00 0 
7f989e2d4000-7f98a0000000 ---p 00000000 00:00 0 
7f98a0000000-7f98a0039000 rw-p 00000000 00:00 0 
7f98a0039000-7f98a4000000 ---p 00000000 00:00 0 
7f98a4000000-7f98a4033000 rw-p 00000000 00:00 0 
7f98a4033000-7f98a8000000 ---p 00000000 00:00 0 
7f98a8000000-7f98a8076000 rw-p 00000000 00:00 0 
7f98a8076000-7f98ac000000 ---p 00000000 00:00 0 
7f98ac0ba000-7f98ac0bb000 r--p 00000000 00:25 13813                      /usr/lib/jvm/java-17-openjdk-amd64/lib/libextnet.so
7f98ac0bb000-7f98ac0bc000 r-xp 00001000 00:25 13813                      /usr/lib/jvm/java-17-openjdk-amd64/lib/libextnet.so
7f98ac0bc000-7f98ac0bd000 r--p 00002000 00:25 13813                      /usr/lib/jvm/java-17-openjdk-amd64/lib/libextnet.so
7f98ac0bd000-7f98ac0be000 r--p 00002000 00:25 13813                      /usr/lib/jvm/java-17-openjdk-amd64/lib/libextnet.so
7f98ac0be000-7f98ac0bf000 rw-p 00003000 00:25 13813                      /usr/lib/jvm/java-17-openjdk-amd64/lib/libextnet.so
7f98ac0bf000-7f98ac0c1000 r--p 00000000 00:25 13832                      /usr/lib/jvm/java-17-openjdk-amd64/lib/libmanagement_ext.so
7f98ac0c1000-7f98ac0c4000 r-xp 00002000 00:25 13832                      /usr/lib/jvm/java-17-openjdk-amd64/lib/libmanagement_ext.so
7f98ac0c4000-7f98ac0c5000 r--p 00005000 00:25 13832                      /usr/lib/jvm/java-17-openjdk-amd64/lib/libmanagement_ext.so
7f98ac0c5000-7f98ac0c6000 r--p 00006000 00:25 13832                      /usr/lib/jvm/java-17-openjdk-amd64/lib/libmanagement_ext.so
7f98ac0c6000-7f98ac0c7000 rw-p 00007000 00:25 13832                      /usr/lib/jvm/java-17-openjdk-amd64/lib/libmanagement_ext.so
7f98ac0c7000-7f98ac0c8000 r--p 00000000 00:25 18162                      /usr/lib/x86_64-linux-gnu/libpthread.so.0
7f98ac0c8000-7f98ac0c9000 r-xp 00001000 00:25 18162                      /usr/lib/x86_64-linux-gnu/libpthread.so.0
7f98ac0c9000-7f98ac0ca000 r--p 00002000 00:25 18162                      /usr/lib/x86_64-linux-gnu/libpthread.so.0
7f98ac0ca000-7f98ac0cb000 r--p 00002000 00:25 18162                      /usr/lib/x86_64-linux-gnu/libpthread.so.0
7f98ac0cb000-7f98ac0cc000 rw-p 00003000 00:25 18162                      /usr/lib/x86_64-linux-gnu/libpthread.so.0
7f98ac0cd000-7f98ac0cf000 r--p 00000000 00:25 13830                      /usr/lib/jvm/java-17-openjdk-amd64/lib/libmanagement.so
7f98ac0cf000-7f98ac0d0000 r-xp 00002000 00:25 13830                      /usr/lib/jvm/java-17-openjdk-amd64/lib/libmanagement.so
7f98ac0d0000-7f98ac0d1000 r--p 00003000 00:25 13830                      /usr/lib/jvm/java-17-openjdk-amd64/lib/libmanagement.so
7f98ac0d1000-7f98ac0d2000 r--p 00003000 00:25 13830                      /usr/lib/jvm/java-17-openjdk-amd64/lib/libmanagement.so
7f98ac0d2000-7f98ac0d3000 rw-p 00004000 00:25 13830                      /usr/lib/jvm/java-17-openjdk-amd64/lib/libmanagement.so
7f98ac0d3000-7f98ac0d7000 r--p 00000000 00:25 13842                      /usr/lib/jvm/java-17-openjdk-amd64/lib/libverify.so
7f98ac0d7000-7f98ac0de000 r-xp 00004000 00:25 13842                      /usr/lib/jvm/java-17-openjdk-amd64/lib/libverify.so
7f98ac0de000-7f98ac0e0000 r--p 0000b000 00:25 13842                      /usr/lib/jvm/java-17-openjdk-amd64/lib/libverify.so
7f98ac0e0000-7f98ac0e2000 r--p 0000c000 00:25 13842                      /usr/lib/jvm/java-17-openjdk-amd64/lib/libverify.so
7f98ac0e2000-7f98ac0e3000 rw-p 0000e000 00:25 13842                      /usr/lib/jvm/java-17-openjdk-amd64/lib/libverify.so
7f98ac0e3000-7f98ac0e4000 ---p 00000000 00:00 0 
7f98ac0e4000-7f98ac1e4000 rw-p 00000000 00:00 0 
7f98ac1e4000-7f98ac1e5000 ---p 00000000 00:00 0 
7f98ac1e5000-7f98ac2e5000 rw-p 00000000 00:00 0 
7f98ac2e5000-7f98ac2e6000 ---p 00000000 00:00 0 
7f98ac2e6000-7f98ac2ea000 ---p 00000000 00:00 0 
7f98ac2ea000-7f98ac3e6000 rw-p 00000000 00:00 0 
7f98ac3e6000-7f98ac3ea000 r--p 00000000 00:25 13834                      /usr/lib/jvm/java-17-openjdk-amd64/lib/libnet.so
7f98ac3ea000-7f98ac3f8000 r-xp 00004000 00:25 13834                      /usr/lib/jvm/java-17-openjdk-amd64/lib/libnet.so
7f98ac3f8000-7f98ac3fc000 r--p 00012000 00:25 13834                      /usr/lib/jvm/java-17-openjdk-amd64/lib/libnet.so
7f98ac3fc000-7f98ac3fd000 r--p 00015000 00:25 13834                      /usr/lib/jvm/java-17-openjdk-amd64/lib/libnet.so
7f98ac3fd000-7f98ac3fe000 rw-p 00016000 00:25 13834                      /usr/lib/jvm/java-17-openjdk-amd64/lib/libnet.so
7f98ac3fe000-7f98ac405000 r--p 00000000 00:25 13835                      /usr/lib/jvm/java-17-openjdk-amd64/lib/libnio.so
7f98ac405000-7f98ac40e000 r-xp 00007000 00:25 13835                      /usr/lib/jvm/java-17-openjdk-amd64/lib/libnio.so
7f98ac40e000-7f98ac412000 r--p 00010000 00:25 13835                      /usr/lib/jvm/java-17-openjdk-amd64/lib/libnio.so
7f98ac412000-7f98ac413000 r--p 00014000 00:25 13835                      /usr/lib/jvm/java-17-openjdk-amd64/lib/libnio.so
7f98ac413000-7f98ac414000 rw-p 00015000 00:25 13835                      /usr/lib/jvm/java-17-openjdk-amd64/lib/libnio.so
7f98ac414000-7f98ac415000 ---p 00000000 00:00 0 
7f98ac415000-7f98ac419000 ---p 00000000 00:00 0 
7f98ac419000-7f98ac515000 rw-p 00000000 00:00 0 
7f98ac515000-7f98ac516000 ---p 00000000 00:00 0 
7f98ac516000-7f98ac51a000 ---p 00000000 00:00 0 
7f98ac51a000-7f98ac616000 rw-p 00000000 00:00 0 
7f98ac616000-7f98ac617000 ---p 00000000 00:00 0 
7f98ac617000-7f98ac61b000 ---p 00000000 00:00 0 
7f98ac61b000-7f98ac717000 rw-p 00000000 00:00 0 
7f98ac717000-7f98ac718000 ---p 00000000 00:00 0 
7f98ac718000-7f98ac71c000 ---p 00000000 00:00 0 
7f98ac71c000-7f98ac818000 rw-p 00000000 00:00 0 
7f98ac818000-7f98ac819000 ---p 00000000 00:00 0 
7f98ac819000-7f98ac81d000 ---p 00000000 00:00 0 
7f98ac81d000-7f98ac919000 rw-p 00000000 00:00 0 
7f98ac919000-7f98ac91a000 ---p 00000000 00:00 0 
7f98ac91a000-7f98ac91e000 ---p 00000000 00:00 0 
7f98ac91e000-7f98aca1a000 rw-p 00000000 00:00 0 
7f98aca1a000-7f98aca1b000 ---p 00000000 00:00 0 
7f98aca1b000-7f98aca1f000 ---p 00000000 00:00 0 
7f98aca1f000-7f98acb1b000 rw-p 00000000 00:00 0 
7f98acb1b000-7f98acb1c000 ---p 00000000 00:00 0 
7f98acb1c000-7f98acb20000 ---p 00000000 00:00 0 
7f98acb20000-7f98acc1c000 rw-p 00000000 00:00 0 
7f98acc1c000-7f98acc1d000 ---p 00000000 00:00 0 
7f98acc1d000-7f98acc21000 ---p 00000000 00:00 0 
7f98acc21000-7f98acd1d000 rw-p 00000000 00:00 0 
7f98acd1d000-7f98acd1e000 ---p 00000000 00:00 0 
7f98acd1e000-7f98ace1e000 rw-p 00000000 00:00 0 
7f98ace1e000-7f98ace23000 r--p 00000000 00:25 13828                      /usr/lib/jvm/java-17-openjdk-amd64/lib/libjsvml.so
7f98ace23000-7f98ace64000 r-xp 00005000 00:25 13828                      /usr/lib/jvm/java-17-openjdk-amd64/lib/libjsvml.so
7f98ace64000-7f98aceed000 r--p 00046000 00:25 13828                      /usr/lib/jvm/java-17-openjdk-amd64/lib/libjsvml.so
7f98aceed000-7f98aceee000 r--p 000ce000 00:25 13828                      /usr/lib/jvm/java-17-openjdk-amd64/lib/libjsvml.so
7f98aceee000-7f98aceef000 rw-p 000cf000 00:25 13828                      /usr/lib/jvm/java-17-openjdk-amd64/lib/libjsvml.so
7f98aceef000-7f98ad00c000 rw-p 00000000 00:00 0 
7f98ad00c000-7f98ad00d000 ---p 00000000 00:00 0 
7f98ad00d000-7f98ad10d000 rw-p 00000000 00:00 0 
7f98ad10d000-7f98ad10e000 ---p 00000000 00:00 0 
7f98ad10e000-7f98af410000 rw-p 00000000 00:00 0 
7f98af410000-7f98af411000 ---p 00000000 00:00 0 
7f98af411000-7f98afb99000 rw-p 00000000 00:00 0 
7f98afb99000-7f98b0501000 ---p 00000000 00:00 0 
7f98b0501000-7f98b0b99000 rw-p 00000000 00:00 0 
7f98b0b99000-7f98b1501000 ---p 00000000 00:00 0 
7f98b1501000-7f98b1511000 rw-p 00000000 00:00 0 
7f98b1511000-7f98b3c21000 rwxp 00000000 00:00 0 
7f98b3c21000-7f98b8a49000 ---p 00000000 00:00 0 
7f98b8a49000-7f98b8ce9000 rwxp 00000000 00:00 0 
7f98b8ce9000-7f98b8fd8000 ---p 00000000 00:00 0 
7f98b8fd8000-7f98b9928000 rwxp 00000000 00:00 0 
7f98b9928000-7f98c0511000 ---p 00000000 00:00 0 
7f98c0511000-7f98c8000000 r--s 00000000 00:25 13844                      /usr/lib/jvm/java-17-openjdk-amd64/lib/modules
7f98c8000000-7f98c93cd000 rw-p 00000000 00:00 0 
7f98c93cd000-7f98cc000000 ---p 00000000 00:00 0 
7f98cc002000-7f98cc004000 r--p 00000000 00:25 13843                      /usr/lib/jvm/java-17-openjdk-amd64/lib/libzip.so
7f98cc004000-7f98cc008000 r-xp 00002000 00:25 13843                      /usr/lib/jvm/java-17-openjdk-amd64/lib/libzip.so
7f98cc008000-7f98cc00a000 r--p 00006000 00:25 13843                      /usr/lib/jvm/java-17-openjdk-amd64/lib/libzip.so
7f98cc00a000-7f98cc00b000 r--p 00007000 00:25 13843                      /usr/lib/jvm/java-17-openjdk-amd64/lib/libzip.so
7f98cc00b000-7f98cc00c000 rw-p 00008000 00:25 13843                      /usr/lib/jvm/java-17-openjdk-amd64/lib/libzip.so
7f98cc00c000-7f98cc063000 r--p 00000000 00:25 13893                      /usr/lib/locale/C.utf8/LC_CTYPE
7f98cc063000-7f98cc064000 r--p 00000000 00:25 13899                      /usr/lib/locale/C.utf8/LC_NUMERIC
7f98cc064000-7f98cc065000 r--p 00000000 00:25 13902                      /usr/lib/locale/C.utf8/LC_TIME
7f98cc065000-7f98cc066000 r--p 00000000 00:25 13892                      /usr/lib/locale/C.utf8/LC_COLLATE
7f98cc066000-7f98cc067000 r--p 00000000 00:25 13897                      /usr/lib/locale/C.utf8/LC_MONETARY
7f98cc067000-7f98cc068000 r--p 00000000 00:25 13896                      /usr/lib/locale/C.utf8/LC_MESSAGES/SYS_LC_MESSAGES
7f98cc068000-7f98cc069000 r--p 00000000 00:25 13900                      /usr/lib/locale/C.utf8/LC_PAPER
7f98cc069000-7f98cc06a000 r--p 00000000 00:25 13898                      /usr/lib/locale/C.utf8/LC_NAME
7f98cc06a000-7f98cc071000 r--s 00000000 00:25 17585                      /usr/lib/x86_64-linux-gnu/gconv/gconv-modules.cache
7f98cc071000-7f98cc072000 ---p 00000000 00:00 0 
7f98cc072000-7f98cc172000 rw-p 00000000 00:00 0 
7f98cc172000-7f98cc173000 ---p 00000000 00:00 0 
7f98cc173000-7f98cc367000 rw-p 00000000 00:00 0 
7f98cc367000-7f98cc494000 ---p 00000000 00:00 0 
7f98cc494000-7f98cc567000 rw-p 00000000 00:00 0 
7f98cc567000-7f98cc694000 ---p 00000000 00:00 0 
7f98cc694000-7f98cc767000 rw-p 00000000 00:00 0 
7f98cc767000-7f98cc894000 ---p 00000000 00:00 0 
7f98cc894000-7f98ccaab000 rw-p 00000000 00:00 0 
7f98ccaab000-7f98ccb83000 ---p 00000000 00:00 0 
7f98ccb83000-7f98ccbd2000 rw-p 00000000 00:00 0 
7f98ccbd2000-7f98ccc6e000 ---p 00000000 00:00 0 
7f98ccc6e000-7f98ccc74000 rw-p 00000000 00:00 0 
7f98ccc74000-7f98ccc7a000 ---p 00000000 00:00 0 
7f98ccc7a000-7f98ccc82000 rw-s 00000000 fe:00 412454                     /tmp/hsperfdata_root/4388
7f98ccc82000-7f98ccc8e000 r--p 00000000 00:25 13820                      /usr/lib/jvm/java-17-openjdk-amd64/lib/libjava.so
7f98ccc8e000-7f98ccc9f000 r-xp 0000c000 00:25 13820                      /usr/lib/jvm/java-17-openjdk-amd64/lib/libjava.so
7f98ccc9f000-7f98ccca5000 r--p 0001d000 00:25 13820                      /usr/lib/jvm/java-17-openjdk-amd64/lib/libjava.so
7f98ccca5000-7f98ccca6000 r--p 00022000 00:25 13820                      /usr/lib/jvm/java-17-openjdk-amd64/lib/libjava.so
7f98ccca6000-7f98ccca7000 rw-p 00023000 00:25 13820                      /usr/lib/jvm/java-17-openjdk-amd64/lib/libjava.so
7f98ccca7000-7f98ccca8000 rw-p 00000000 00:00 0 
7f98ccca8000-7f98ccca9000 r--p 00000000 00:25 13815                      /usr/lib/jvm/java-17-openjdk-amd64/lib/libinstrument.so
7f98ccca9000-7f98cccaf000 r-xp 00001000 00:25 13815                      /usr/lib/jvm/java-17-openjdk-amd64/lib/libinstrument.so
7f98cccaf000-7f98cccb2000 r--p 00007000 00:25 13815                      /usr/lib/jvm/java-17-openjdk-amd64/lib/libinstrument.so
7f98cccb2000-7f98cccb3000 r--p 00009000 00:25 13815                      /usr/lib/jvm/java-17-openjdk-amd64/lib/libinstrument.so
7f98cccb3000-7f98cccb4000 rw-p 0000a000 00:25 13815                      /usr/lib/jvm/java-17-openjdk-amd64/lib/libinstrument.so
7f98cccb4000-7f98cccb6000 r--p 00000000 00:25 13824                      /usr/lib/jvm/java-17-openjdk-amd64/lib/libjimage.so
7f98cccb6000-7f98cccb9000 r-xp 00002000 00:25 13824                      /usr/lib/jvm/java-17-openjdk-amd64/lib/libjimage.so
7f98cccb9000-7f98cccba000 r--p 00005000 00:25 13824                      /usr/lib/jvm/java-17-openjdk-amd64/lib/libjimage.so
7f98cccba000-7f98cccbb000 r--p 00006000 00:25 13824                      /usr/lib/jvm/java-17-openjdk-amd64/lib/libjimage.so
7f98cccbb000-7f98cccbc000 rw-p 00007000 00:25 13824                      /usr/lib/jvm/java-17-openjdk-amd64/lib/libjimage.so
7f98cccbc000-7f98cccc0000 ---p 00000000 00:00 0 
7f98cccc0000-7f98ccdbc000 rw-p 00000000 00:00 0 
7f98ccdbc000-7f98ccdbf000 r--p 00000000 00:25 17971                      /usr/lib/x86_64-linux-gnu/libgcc_s.so.1
7f98ccdbf000-7f98ccdd6000 r-xp 00003000 00:25 17971                      /usr/lib/x86_64-linux-gnu/libgcc_s.so.1
7f98ccdd6000-7f98ccdda000 r--p 0001a000 00:25 17971                      /usr/lib/x86_64-linux-gnu/libgcc_s.so.1
7f98ccdda000-7f98ccddb000 r--p 0001d000 00:25 17971                      /usr/lib/x86_64-linux-gnu/libgcc_s.so.1
7f98ccddb000-7f98ccddc000 rw-p 0001e000 00:25 17971                      /usr/lib/x86_64-linux-gnu/libgcc_s.so.1
7f98ccddc000-7f98ccdec000 r--p 00000000 00:25 18072                      /usr/lib/x86_64-linux-gnu/libm.so.6
7f98ccdec000-7f98cce60000 r-xp 00010000 00:25 18072                      /usr/lib/x86_64-linux-gnu/libm.so.6
7f98cce60000-7f98cceba000 r--p 00084000 00:25 18072                      /usr/lib/x86_64-linux-gnu/libm.so.6
7f98cceba000-7f98ccebb000 r--p 000dd000 00:25 18072                      /usr/lib/x86_64-linux-gnu/libm.so.6
7f98ccebb000-7f98ccebc000 rw-p 000de000 00:25 18072                      /usr/lib/x86_64-linux-gnu/libm.so.6
7f98ccebc000-7f98ccf55000 r--p 00000000 00:25 18239                      /usr/lib/x86_64-linux-gnu/libstdc++.so.6.0.30
7f98ccf55000-7f98cd056000 r-xp 00099000 00:25 18239                      /usr/lib/x86_64-linux-gnu/libstdc++.so.6.0.30
7f98cd056000-7f98cd0c5000 r--p 0019a000 00:25 18239                      /usr/lib/x86_64-linux-gnu/libstdc++.so.6.0.30
7f98cd0c5000-7f98cd0d0000 r--p 00209000 00:25 18239                      /usr/lib/x86_64-linux-gnu/libstdc++.so.6.0.30
7f98cd0d0000-7f98cd0d3000 rw-p 00214000 00:25 18239                      /usr/lib/x86_64-linux-gnu/libstdc++.so.6.0.30
7f98cd0d3000-7f98cd0d6000 rw-p 00000000 00:00 0 
7f98cd0d6000-7f98cd327000 r--p 00000000 00:25 13856                      /usr/lib/jvm/java-17-openjdk-amd64/lib/server/libjvm.so
7f98cd327000-7f98ce079000 r-xp 00251000 00:25 13856                      /usr/lib/jvm/java-17-openjdk-amd64/lib/server/libjvm.so
7f98ce079000-7f98ce2fb000 r--p 00fa3000 00:25 13856                      /usr/lib/jvm/java-17-openjdk-amd64/lib/server/libjvm.so
7f98ce2fb000-7f98ce3b3000 r--p 01225000 00:25 13856                      /usr/lib/jvm/java-17-openjdk-amd64/lib/server/libjvm.so
7f98ce3b3000-7f98ce3e8000 rw-p 012dd000 00:25 13856                      /usr/lib/jvm/java-17-openjdk-amd64/lib/server/libjvm.so
7f98ce3e8000-7f98ce444000 rw-p 00000000 00:00 0 
7f98ce444000-7f98ce46a000 r--p 00000000 00:25 17860                      /usr/lib/x86_64-linux-gnu/libc.so.6
7f98ce46a000-7f98ce5c0000 r-xp 00026000 00:25 17860                      /usr/lib/x86_64-linux-gnu/libc.so.6
7f98ce5c0000-7f98ce613000 r--p 0017c000 00:25 17860                      /usr/lib/x86_64-linux-gnu/libc.so.6
7f98ce613000-7f98ce617000 r--p 001cf000 00:25 17860                      /usr/lib/x86_64-linux-gnu/libc.so.6
7f98ce617000-7f98ce619000 rw-p 001d3000 00:25 17860                      /usr/lib/x86_64-linux-gnu/libc.so.6
7f98ce619000-7f98ce626000 rw-p 00000000 00:00 0 
7f98ce626000-7f98ce628000 r--p 00000000 00:25 13825                      /usr/lib/jvm/java-17-openjdk-amd64/lib/libjli.so
7f98ce628000-7f98ce631000 r-xp 00002000 00:25 13825                      /usr/lib/jvm/java-17-openjdk-amd64/lib/libjli.so
7f98ce631000-7f98ce634000 r--p 0000b000 00:25 13825                      /usr/lib/jvm/java-17-openjdk-amd64/lib/libjli.so
7f98ce634000-7f98ce635000 r--p 0000d000 00:25 13825                      /usr/lib/jvm/java-17-openjdk-amd64/lib/libjli.so
7f98ce635000-7f98ce636000 rw-p 0000e000 00:25 13825                      /usr/lib/jvm/java-17-openjdk-amd64/lib/libjli.so
7f98ce636000-7f98ce639000 r--p 00000000 00:25 1006                       /usr/lib/x86_64-linux-gnu/libz.so.1.2.13
7f98ce639000-7f98ce64c000 r-xp 00003000 00:25 1006                       /usr/lib/x86_64-linux-gnu/libz.so.1.2.13
7f98ce64c000-7f98ce653000 r--p 00016000 00:25 1006                       /usr/lib/x86_64-linux-gnu/libz.so.1.2.13
7f98ce653000-7f98ce654000 r--p 0001c000 00:25 1006                       /usr/lib/x86_64-linux-gnu/libz.so.1.2.13
7f98ce654000-7f98ce655000 rw-p 0001d000 00:25 1006                       /usr/lib/x86_64-linux-gnu/libz.so.1.2.13
7f98ce655000-7f98ce656000 r--p 00000000 00:25 13891                      /usr/lib/locale/C.utf8/LC_ADDRESS
7f98ce656000-7f98ce657000 r--p 00000000 00:25 13901                      /usr/lib/locale/C.utf8/LC_TELEPHONE
7f98ce657000-7f98ce658000 r--p 00000000 00:25 13895                      /usr/lib/locale/C.utf8/LC_MEASUREMENT
7f98ce658000-7f98ce659000 r--p 00000000 00:25 13894                      /usr/lib/locale/C.utf8/LC_IDENTIFICATION
7f98ce659000-7f98ce65a000 ---p 00000000 00:00 0 
7f98ce65a000-7f98ce65b000 r--p 00000000 00:00 0 
7f98ce65b000-7f98ce65c000 ---p 00000000 00:00 0 
7f98ce65c000-7f98ce65e000 rw-p 00000000 00:00 0 
7f98ce65e000-7f98ce65f000 r--p 00000000 00:25 17646                      /usr/lib/x86_64-linux-gnu/ld-linux-x86-64.so.2
7f98ce65f000-7f98ce685000 r-xp 00001000 00:25 17646                      /usr/lib/x86_64-linux-gnu/ld-linux-x86-64.so.2
7f98ce685000-7f98ce68f000 r--p 00027000 00:25 17646                      /usr/lib/x86_64-linux-gnu/ld-linux-x86-64.so.2
7f98ce68f000-7f98ce691000 r--p 00031000 00:25 17646                      /usr/lib/x86_64-linux-gnu/ld-linux-x86-64.so.2
7f98ce691000-7f98ce693000 rw-p 00033000 00:25 17646                      /usr/lib/x86_64-linux-gnu/ld-linux-x86-64.so.2
7ffd08ba6000-7ffd08bc7000 rw-p 00000000 00:00 0                          [stack]
7ffd08bd8000-7ffd08bdb000 r--p 00000000 00:00 0                          [vvar]
7ffd08bdb000-7ffd08bdd000 r-xp 00000000 00:00 0                          [vdso]
ffffffffff600000-ffffffffff601000 r-xp 00000000 00:00 0                  [vsyscall]


VM Arguments:
jvm_args: --add-opens=java.base/java.lang=ALL-UNNAMED --add-opens=java.base/java.lang.invoke=ALL-UNNAMED --add-opens=java.base/java.util=ALL-UNNAMED --add-opens=java.prefs/java.util.prefs=ALL-UNNAMED --add-exports=jdk.compiler/com.sun.tools.javac.api=ALL-UNNAMED --add-exports=jdk.compiler/com.sun.tools.javac.util=ALL-UNNAMED --add-opens=java.base/java.util=ALL-UNNAMED --add-opens=java.prefs/java.util.prefs=ALL-UNNAMED --add-opens=java.base/java.nio.charset=ALL-UNNAMED --add-opens=java.base/java.net=ALL-UNNAMED --add-opens=java.base/java.util.concurrent.atomic=ALL-UNNAMED --add-opens=java.xml/javax.xml.namespace=ALL-UNNAMED -XX:MaxMetaspaceSize=512m -Xmx1024m -Dfile.encoding=UTF-8 -Duser.country -Duser.language=en -Duser.variant -javaagent:/tmp/gradle-8.11.1/lib/agents/gradle-instrumentation-agent-8.11.1.jar 
java_command: org.gradle.launcher.daemon.bootstrap.GradleDaemon 8.11.1
java_class_path (initial): /tmp/gradle-8.11.1/lib/gradle-daemon-main-8.11.1.jar
Launcher Type: SUN_STANDARD

[Global flags]
     intx CICompilerCount                          = 2                                         {product} {ergonomic}
   size_t CompressedClassSpaceSize                 = 436207616                                 {product} {ergonomic}
     uint ConcGCThreads                            = 1                                         {product} {ergonomic}
     uint G1ConcRefinementThreads                  = 2                                         {product} {ergonomic}
   size_t G1HeapRegionSize                         = 1048576                                   {product} {ergonomic}
    uintx GCDrainStackTargetSize                   = 64                                        {product} {ergonomic}
   size_t InitialHeapSize                          = 33554432                                  {product} {ergonomic}
   size_t MarkStackSize                            = 4194304                                   {product} {ergonomic}
   size_t MaxHeapSize                              = 1073741824                                {product} {command line}
   size_t MaxMetaspaceSize                         = 536870912                                 {product} {command line}
   size_t MaxNewSize                               = 643825664                                 {product} {ergonomic}
   size_t MinHeapDeltaBytes                        = 1048576                                   {product} {ergonomic}
   size_t MinHeapSize                              = 8388608                                   {product} {ergonomic}
    uintx NonNMethodCodeHeapSize                   = 5826188                                {pd product} {ergonomic}
    uintx NonProfiledCodeHeapSize                  = 122916026                              {pd product} {ergonomic}
    uintx ProfiledCodeHeapSize                     = 122916026                              {pd product} {ergonomic}
    uintx ReservedCodeCacheSize                    = 251658240                              {pd product} {ergonomic}
     bool SegmentedCodeCache                       = true                                      {product} {ergonomic}
   size_t SoftMaxHeapSize                          = 1073741824                             {manageable} {ergonomic}
     bool UseCompressedClassPointers               = true                           {product lp64_product} {ergonomic}
     bool UseCompressedOops                        = true                           {product lp64_product} {ergonomic}
     bool UseG1GC                                  = true                                      {product} {ergonomic}

Logging:
Log output configuration:
 #0: stdout all=warning uptime,level,tags
 #1: stderr all=off uptime,level,tags

Environment Variables:
PATH=/usr/local/sbin:/usr/local/bin:/usr/sbin:/usr/bin:/sbin:/bin
SHELL=/bin/bash
LANG=C.UTF-8
LC_ALL=C.UTF-8
TERM=tmux-256color

Active Locale:
LC_ALL=C.UTF-8
LC_COLLATE=C.UTF-8
LC_CTYPE=C.UTF-8
LC_MESSAGES=C.UTF-8
LC_MONETARY=C.UTF-8
LC_NUMERIC=C.UTF-8
LC_TIME=C.UTF-8

Signal Handlers:
   SIGSEGV: crash_handler in libjvm.so, mask=11100100010111111101111111111110, flags=SA_RESTART|SA_SIGINFO, unblocked
    SIGBUS: crash_handler in libjvm.so, mask=11100100010111111101111111111110, flags=SA_RESTART|SA_SIGINFO, unblocked
    SIGFPE: crash_handler in libjvm.so, mask=11100100010111111101111111111110, flags=SA_RESTART|SA_SIGINFO, unblocked
   SIGPIPE: javaSignalHandler in libjvm.so, mask=11100100010111111101111111111110, flags=SA_RESTART|SA_SIGINFO, unblocked
   SIGXFSZ: javaSignalHandler in libjvm.so, mask=11100100010111111101111111111110, flags=SA_RESTART|SA_SIGINFO, unblocked
    SIGILL: crash_handler in libjvm.so, mask=11100100010111111101111111111110, flags=SA_RESTART|SA_SIGINFO, unblocked
   SIGUSR2: SR_handler in libjvm.so, mask=00100000000000000000000000000000, flags=SA_RESTART|SA_SIGINFO, unblocked
    SIGHUP: UserHandler in libjvm.so, mask=11100100010111111101111111111110, flags=SA_RESTART|SA_SIGINFO, unblocked
    SIGINT: UserHandler in libjvm.so, mask=11100100010111111101111111111110, flags=SA_RESTART|SA_SIGINFO, unblocked
   SIGTERM: UserHandler in libjvm.so, mask=11100100010111111101111111111110, flags=SA_RESTART|SA_SIGINFO, unblocked
   SIGQUIT: UserHandler in libjvm.so, mask=11100100010111111101111111111110, flags=SA_RESTART|SA_SIGINFO, unblocked
   SIGTRAP: crash_handler in libjvm.so, mask=11100100010111111101111111111110, flags=SA_RESTART|SA_SIGINFO, unblocked


Periodic native trim disabled


---------------  S Y S T E M  ---------------

OS:
PRETTY_NAME="Debian GNU/Linux 12 (bookworm)"
NAME="Debian GNU/Linux"
VERSION_ID="12"
VERSION="12 (bookworm)"
VERSION_CODENAME=bookworm
ID=debian
HOME_URL="https://www.debian.org/"
SUPPORT_URL="https://www.debian.org/support"
BUG_REPORT_URL="https://bugs.debian.org/"
uname: Linux 4.19.91-c8dfc93.al7.x86_64 #1 SMP Tue Sep 26 10:25:51 UTC 2023 x86_64
OS uptime: 0 days 0:22 hours
libc: glibc 2.36 NPTL 2.36 
rlimit (soft/hard): STACK 8192k/infinity , CORE 0k/0k , NPROC 100000/100000 , NOFILE 100000/100000 , AS infinity/infinity , CPU infinity/infinity , DATA infinity/infinity , FSIZE infinity/infinity , MEMLOCK 64k/64k
load average: 1.07 2.21 1.59

/proc/meminfo:
MemTotal:        2152516 kB
MemFree:           26088 kB
MemAvailable:       4228 kB
Buffers:             132 kB
Cached:             2380 kB
SwapCached:            0 kB
Active:          2037264 kB
Inactive:           1264 kB
Active(anon):    2036248 kB
Inactive(anon):       16 kB
Active(file):       1016 kB
Inactive(file):     1248 kB
Unevictable:           0 kB
Mlocked:               0 kB
SwapTotal:             0 kB
SwapFree:              0 kB
Dirty:                 0 kB
Writeback:            92 kB
AnonPages:       2036228 kB
Mapped:             1900 kB
Shmem:                36 kB
Slab:              34976 kB
SReclaimable:      21384 kB
SUnreclaim:        13592 kB
KernelStack:        3872 kB
PageTables:         6316 kB
NFS_Unstable:          0 kB
Bounce:                0 kB
WritebackTmp:          0 kB
CommitLimit:     1076256 kB
Committed_AS:    2249832 kB
VmallocTotal:   34359738367 kB
VmallocUsed:           0 kB
VmallocChunk:          0 kB
Percpu:              384 kB
AnonHugePages:    382976 kB
ShmemHugePages:        0 kB
ShmemPmdMapped:        0 kB
HugePages_Total:       0
HugePages_Free:        0
HugePages_Rsvd:        0
HugePages_Surp:        0
Hugepagesize:       2048 kB
Hugetlb:               0 kB
DirectMap4k:        8192 kB
DirectMap2M:     2523136 kB
DirectMap1G:           0 kB

/sys/kernel/mm/transparent_hugepage/enabled: [always] madvise never
/sys/kernel/mm/transparent_hugepage/hpage_pmd_size: 2097152
/sys/kernel/mm/transparent_hugepage/defrag (defrag/compaction efforts parameter): always defer defer+madvise madvise [never]

Process Memory:
Virtual Size: 3154032K (peak: 3254384K)
Resident Set Size: 839464K (peak: 839464K) (anon: 839464K, file: 0K, shmem: 0K)
Swapped out: 0K
C-Heap outstanding allocations: 183874K, retained: 48241K
glibc malloc tunables: (default)

/proc/sys/kernel/threads-max (system-wide limit on the number of threads): 1129
/proc/sys/vm/max_map_count (maximum number of memory map areas a process may have): 65530
/proc/sys/vm/swappiness (control to define how aggressively the kernel swaps out anonymous memory): 60
/proc/sys/kernel/pid_max (system-wide limit on number of process identifiers): 32768

container (cgroup) information:
container_type: cgroupv1
cpu_cpuset_cpus: 0-1
cpu_memory_nodes: 0
active_processor_count: 2
cpu_quota: no quota
cpu_period: 100000
cpu_shares: 12288
memory_limit_in_bytes: 2097152 k
memory_and_swap_limit_in_bytes: unlimited
memory_soft_limit_in_bytes: unlimited
memory_usage_in_bytes: 2064652 k
memory_max_usage_in_bytes: 2070440 k
rss_usage_in_bytes: 2029440 k
cache_usage_in_bytes: 2584 k
kernel_memory_limit_in_bytes: unlimited
kernel_memory_usage_in_bytes: 32384 k
kernel_memory_max_usage_in_bytes: 87728 k
maximum number of tasks: unlimited
current number of tasks: 169

KVM virtualization detected
Steal ticks since vm start: 8969
Steal ticks percentage since vm start:  0.470

CPU: total 2 (initial active 2) (2 cores per cpu, 1 threads per core) family 6 model 85 stepping 7 microcode 0x1, cx8, cmov, fxsr, mmx, 3dnowpref, sse, sse2, sse3, ssse3, sse4.1, sse4.2, popcnt, lzcnt, tsc, tscinvbit, avx, avx2, aes, erms, clmul, bmi1, bmi2, adx, avx512f, avx512dq, avx512cd, avx512bw, avx512vl, fma, vzeroupper, avx512_vnni, clflush, clflushopt, clwb, hv
CPU Model and flags from /proc/cpuinfo:
model name	: Intel(R) Xeon(R) Processor @ 2.50GHz
flags		: fpu vme de pse tsc msr pae mce cx8 apic sep mtrr pge mca cmov pat pse36 clflush mmx fxsr sse sse2 ss ht syscall nx pdpe1gb rdtscp lm constant_tsc rep_good nopl xtopology nonstop_tsc cpuid tsc_known_freq pni pclmulqdq ssse3 fma cx16 pcid sse4_1 sse4_2 x2apic movbe popcnt tsc_deadline_timer aes xsave avx f16c rdrand hypervisor lahf_lm abm 3dnowprefetch cpuid_fault invpcid_single ssbd ibrs ibpb stibp ibrs_enhanced fsgsbase tsc_adjust bmi1 avx2 smep bmi2 erms invpcid mpx avx512f avx512dq rdseed adx smap clflushopt clwb avx512cd avx512bw avx512vl xsaveopt xsavec xgetbv1 xsaves umip avx512_vnni md_clear arch_capabilities

Online cpus: 0-1
Offline cpus: 
BIOS frequency limitation: <Not Available>
Frequency switch latency (ns): <Not Available>
Available cpu frequencies: <Not Available>
Current governor: <Not Available>
Core performance/turbo boost: <Not Available>

Memory: 4k page, physical 2097152k(32852k free), swap 0k(0k free)
Page Sizes: 4k

vm_info: OpenJDK 64-Bit Server VM (17.0.20+8-1-deb12u1-Debian) for linux-amd64 JRE (17.0.20+8-1-deb12u1-Debian), built on Jul 28 2026 07:08:51 by "buildd" with gcc 12.2.0

END.
